Timestamp,Speed (m/s),Throttle,Brake,Steer,Lane Offset (m),Distance to Lead (m)
7/4/2026 16:40,0.67,0,0,0,0,65.57
7/4/2026 16:40,1.46,0,0,0,0,43.9
7/4/2026 16:40,2.21,0,0,0,0,38.96
7/4/2026 16:40,3.17,0,0,0,0,30.25
7/4/2026 16:40,0.11,0,0,0,0,100
7/4/2026 16:40,0.24,0,0,0,0,35.72
7/4/2026 16:40,0.21,0,0,0,0,86.45
7/4/2026 16:40,0.15,0,0,0,0,43.14
7/4/2026 16:40,0.1,0,0,0,0,27.81
7/4/2026 16:40,0.06,0,0,0,0,79.03
7/4/2026 16:40,0.03,0,0,0,0,35.9
7/4/2026 16:40,0.02,0,0,0,0,100
7/4/2026 16:40,0.01,0,0,0,0,37.31
7/4/2026 16:40,0,0,0,0,0,25.59
7/4/2026 16:40,0,0,0,0,0,34.67
7/4/2026 16:40,0,0,0,0,0,29.11
7/4/2026 16:40,0,0,0,0,0,27.08
7/4/2026 16:40,0,0,0,0,0,36.84
7/4/2026 16:40,0,0,0,0,0,26.08
7/4/2026 16:40,0,0,0,0,0,92.46
7/4/2026 16:40,0,0,0,0,0,37.78
7/4/2026 16:40,0,0,0,0,0,30.51
7/4/2026 16:40,0,0,0,0,0,68.61
7/4/2026 16:40,0,0,0,0,0,47.86
7/4/2026 16:40,0,0,0,0,0,26.86
7/4/2026 16:40,0,0,0,0,0,37.29
7/4/2026 16:40,0,0,0,0,0,33.94
7/4/2026 16:40,0,0,0,0,0,37.05
7/4/2026 16:40,0,0,0,0,0,38.49
7/4/2026 16:40,0,0,0,0,0,48.27
7/4/2026 16:40,0,0,0,0,0,24.79
7/4/2026 16:40,0,0,0,0,0,26.18
7/4/2026 16:40,0,0.08,0,0,0,48.23
7/4/2026 16:40,0,0.16,0,0,0,25.74
7/4/2026 16:40,0,0.24,0,0,0,39.15
7/4/2026 16:40,0,0.32,0,0,0,100
7/4/2026 16:40,0,0.4,0,0,0,32.31
7/4/2026 16:40,0,0.48,0,0,0,45.48
7/4/2026 16:40,0,0.56,0,0,0,45.48
7/4/2026 16:40,0,0.64,0,0,0,32.42
7/4/2026 16:40,0,0.72,0,0,0,27.63
7/4/2026 16:40,0,0.8,0,0,0,37.24
7/4/2026 16:40,0,0.88,0,0,0,43.83
7/4/2026 16:40,1.14,0.96,0,0,0,59
7/4/2026 16:40,2.18,1,0,0,0,95.45
7/4/2026 16:40,2.94,1,0,0,0,26.59
7/4/2026 16:40,3.56,1,0,0,0,29.51
7/4/2026 16:40,4.18,1,0,0,0,100
7/4/2026 16:40,4.71,1,0,0,0,35.79
7/4/2026 16:40,5.18,1,0,0,0,26.12
7/4/2026 16:40,5.79,1,0,0,0,100
7/4/2026 16:40,6.33,1,0,0,0,26.84
7/4/2026 16:40,6.78,1,0,0,0,30.48
7/4/2026 16:40,7.3,1,0,0,0,100
7/4/2026 16:40,7.79,1,0,0,0,25.5
7/4/2026 16:40,8.3,1,0,0,0,37.14
7/4/2026 16:40,8.77,1,0,0,0,28.47
7/4/2026 16:40,9.33,1,0,0,0,34.32
7/4/2026 16:40,9.82,1,0,0,0,81.1
7/4/2026 16:40,10.29,1,0,0,0,29.38
7/4/2026 16:40,10.83,1,0,0,0,59.91
7/4/2026 16:40,11.35,1,0,0,0,39.56
7/4/2026 16:40,11.78,1,0,0,0,49.44
7/4/2026 16:40,12.36,1,0,0,0,30.79
7/4/2026 16:40,12.85,1,0,0,0,39.86
7/4/2026 16:40,13.4,1,0,0,0,85.25
7/4/2026 16:40,13.91,0,0.25,0,0,27.87
7/4/2026 16:40,14.27,1,0,0,0,63.62
7/4/2026 16:40,14.46,0,0.25,0,0,25.46
7/4/2026 16:40,14.54,1,0,0,0,39.19
7/4/2026 16:40,14.44,1,0,0,0,62.39
7/4/2026 16:40,14.36,0,0.25,0,0,27.25
7/4/2026 16:40,14.4,1,0,0,0,25.63
7/4/2026 16:40,14.38,0,0.25,0,0,85.39
7/4/2026 16:40,14.32,0,0.25,0,0,27.53
7/4/2026 16:40,14.01,0,0.25,0,0,100
7/4/2026 16:40,13.66,0,0.25,0,0,26.17
7/4/2026 16:40,13.29,0,0.25,0,0,26.23
7/4/2026 16:40,12.8,0,0.25,0,0,100
7/4/2026 16:40,12.35,0,0.25,0,0,27.93
7/4/2026 16:40,11.99,0,0.25,0,0,27.41
7/4/2026 16:40,11.6,0,0.25,0,0,26.42
7/4/2026 16:40,11.14,0,0.25,0,0,96.62
7/4/2026 16:40,10.75,1,0,0,0,23.93
7/4/2026 16:40,10.43,0,0.25,0,0,26.66
7/4/2026 16:40,10.16,1,0,0,0,100
7/4/2026 16:40,9.91,1,0,0,0,29.3
7/4/2026 16:40,9.81,1,0,0,0,100
7/4/2026 16:40,9.96,1,0,0,0,63.43
7/4/2026 16:40,10.25,1,0,0,0,60.39
7/4/2026 16:40,10.63,1,0,0,0,37.96
7/4/2026 16:40,11.13,1,0,0,0,32.6
7/4/2026 16:40,11.6,0,0.25,0,0,34.62
7/4/2026 16:40,12.09,1,0,0,0,28.25
7/4/2026 16:40,12.26,0,0.25,0,0,55.07
7/4/2026 16:40,12.35,1,0,0,0,31.65
7/4/2026 16:40,12.27,1,0,0,0,32.39
7/4/2026 16:40,12.24,0,0.25,0,0,25.7
7/4/2026 16:40,12.3,1,0,0,0,44.42
7/4/2026 16:40,12.3,1,0,0,0,57.69
7/4/2026 16:40,12.36,1,0,0,0,35.07
7/4/2026 16:40,12.64,1,0,0,0,28.35
7/4/2026 16:40,13.02,1,0,0,0,24.33
7/4/2026 16:40,13.4,0,0.25,0,0,26.02
7/4/2026 16:40,13.83,0,0.25,0,0,100
7/4/2026 16:40,13.89,1,0,0,0,43.17
7/4/2026 16:40,13.71,1,0,0,0,54.88
7/4/2026 16:40,13.63,0,0.25,0,0,24.53
7/4/2026 16:40,13.68,0,0.25,0,0,100
7/4/2026 16:40,13.59,0,0.25,0,0,54.1
7/4/2026 16:40,13.33,0,0.25,0,0,38.06
7/4/2026 16:40,12.97,1,0,0,0,43.99
7/4/2026 16:40,12.68,0,0.25,0,0,31.13
7/4/2026 16:40,12.37,0,0.25,0,0,26.95
7/4/2026 16:40,12.07,1,0,0,0,83.62
7/4/2026 16:40,11.74,1,0,0,0,39.76
7/4/2026 16:40,11.57,1,0,0,0,80.25
7/4/2026 16:40,11.7,1,0,0,0,32.1
7/4/2026 16:40,11.95,0,0.25,0,0,23.8
7/4/2026 16:40,12.27,0,0.25,0,0,28.1
7/4/2026 16:40,12.31,0,0.25,0,0,24.23
7/4/2026 16:40,12.08,0,0.25,0,0,32.78
7/4/2026 16:40,11.77,1,0,0,0,100
7/4/2026 16:40,11.46,1,0,0,0,38.8
7/4/2026 16:40,11.3,1,0,0,0,62.59
7/4/2026 16:40,11.43,1,0,0,0,35.53
7/4/2026 16:40,11.76,1,0,0,0,94.08
7/4/2026 16:40,12.17,0,0.25,0,0,31.44
7/4/2026 16:40,12.52,0,0.25,0,0,29.3
7/4/2026 16:40,12.6,1,0,0,0,30.09
7/4/2026 16:40,12.48,1,0,0,0,90.59
7/4/2026 16:40,12.41,1,0,0,0,26.68
7/4/2026 16:40,12.55,1,0,0,0,31.72
7/4/2026 16:40,12.87,1,0,0,0,47.6
7/4/2026 16:40,13.23,1,0,0,0,100
7/4/2026 16:40,13.68,1,0,0,0,100
7/4/2026 16:40,14.16,1,0,0,0,100
7/4/2026 16:40,14.71,1,0,0,0,48.04
7/4/2026 16:40,15.16,1,0,0,0,44
7/4/2026 16:40,15.61,1,0,0,0,52.62
7/4/2026 16:40,16.11,0,0.25,0,0,39.89
7/4/2026 16:40,16.5,1,0,0,0,25.92
7/4/2026 16:40,16.72,0,0.25,0,0,34.09
7/4/2026 16:40,16.8,1,0,0,0,100
7/4/2026 16:40,16.66,1,0,0,0,81.83
7/4/2026 16:40,16.56,0,0.25,0,0,23.43
7/4/2026 16:40,16.55,1,0,0,0,61.01
7/4/2026 16:40,16.43,0,0.25,0,0,36.2
7/4/2026 16:40,16.27,1,0,0,0,83.22
7/4/2026 16:40,16.04,0,0.25,0,0,100
7/4/2026 16:40,15.75,0,0.25,0,0,27.45
7/4/2026 16:40,15.33,1,0,0,0,100
7/4/2026 16:40,14.95,1,0,0,0,39.68
7/4/2026 16:40,14.72,1,0,0,0,38.1
7/4/2026 16:40,14.72,0,0.25,0,0,32.67
7/4/2026 16:40,14.87,1,0,0,0,56.96
7/4/2026 16:40,14.91,1,0,0,0,90.67
7/4/2026 16:40,15.04,0,0.25,0,0,44.55
7/4/2026 16:40,15.24,1,0,0,0,73.88
7/4/2026 16:40,15.31,0.85,0,0.05,0,100
7/4/2026 16:40,15.43,0.7,0,0.1,0,43.82
7/4/2026 16:40,15.56,0,0.25,0.15,0.02,59.74
7/4/2026 16:40,15.63,0.4,0,0.2,0.07,100
7/4/2026 16:40,15.44,0.25,0,0.25,0.19,41.6
7/4/2026 16:40,15.21,0.1,0,0.3,0.35,42.8
7/4/2026 16:40,14.82,0,0.25,0.35,0.61,34.27
7/4/2026 16:40,14.38,0,0.25,0.4,0.88,22.59
7/4/2026 16:40,13.75,0,0.25,0.45,1.25,26.62
7/4/2026 16:40,13.1,0,0.25,0.5,1.66,24.98
7/4/2026 16:40,12.25,0,0.25,0.55,-1.27,26.04
7/4/2026 16:40,11.28,0,0.25,0.55,-0.56,27.26
7/4/2026 16:40,10.56,0,0,0.55,0.04,32.89
7/4/2026 16:40,9.88,0,0,0.55,0.02,25.8
7/4/2026 16:40,9.31,0.08,0,0.55,-0.29,58.39
7/4/2026 16:40,8.82,0.16,0,0.55,-0.48,100
7/4/2026 16:40,8.42,0.24,0,0.47,-0.57,28.62
7/4/2026 16:40,8.23,0.32,0,0.39,-0.58,35.21
7/4/2026 16:40,8.11,0.4,0,0.31,-0.53,35.87
7/4/2026 16:40,8.08,0.48,0,0.23,-0.43,59.89
7/4/2026 16:40,8.1,0.56,0,0.15,-0.31,27.59
7/4/2026 16:40,8.19,0,0.25,0.07,-0.14,35.3
7/4/2026 16:40,8.22,0.72,0,0,0.03,30.11
7/4/2026 16:40,8.14,0.8,0,0,0.18,34.55
7/4/2026 16:40,8.17,0.88,0,0,0.34,18.31
7/4/2026 16:40,8.36,0.96,0,0,-0.25,33.21
7/4/2026 16:40,8.71,1,0,0,0.15,26.47
7/4/2026 16:40,9.08,1,0,0,0.43,16.35
7/4/2026 16:40,9.53,1,0,-1.27,0.75,100
7/4/2026 16:40,9.92,1,0,-1.09,1.01,26.23
7/4/2026 16:40,10.21,1,0,-0.87,1.21,34.78
7/4/2026 16:40,10.46,1,0,-0.44,1.36,80.67
7/4/2026 16:40,10.79,1,0,-0.06,1.36,71.62
7/4/2026 16:40,11.36,1,0,0.24,1.29,67.5
7/4/2026 16:40,11.89,1,0,0.35,1.19,62.4
7/4/2026 16:40,12.2,1,0,0.28,1.14,30.93
7/4/2026 16:40,12.64,1,0,0.1,1.12,84.28
7/4/2026 16:40,13.12,0,0.25,-0.08,1.14,67.81
7/4/2026 16:40,13.54,0,0.25,-0.17,1.17,26.76
7/4/2026 16:40,13.62,0,0.25,-0.14,1.21,34.52
7/4/2026 16:40,13.44,1,0,-0.05,1.21,39.88
7/4/2026 16:40,13.21,1,0,0.03,1.2,68.12
7/4/2026 16:40,13.06,0,0.25,0.07,1.19,78.22
7/4/2026 16:40,13.03,1,0,0.05,1.18,60.8
7/4/2026 16:40,12.94,1,0,0.01,1.18,37.92
7/4/2026 16:40,12.96,1,0,-0.01,1.19,27.62
7/4/2026 16:40,13.19,1,0,-0.01,1.19,26.41
7/4/2026 16:40,13.5,0,0.25,0,1.19,27.65
7/4/2026 16:40,13.85,1,0,0.01,1.19,56.51
7/4/2026 16:40,13.97,1,0,0.02,1.18,37.73
7/4/2026 16:40,14.11,1,0,0.01,1.18,57.98
7/4/2026 16:40,14.33,1,0,0,1.18,53.35
7/4/2026 16:40,14.71,1,0,-0.01,1.18,29.02
7/4/2026 16:40,15.07,0,0.25,-0.01,1.18,23.94
7/4/2026 16:40,15.45,1,0,0,1.18,48.04
7/4/2026 16:40,15.61,1,0,0,1.18,64.44
7/4/2026 16:40,15.74,1,0,0,1.18,46.72
7/4/2026 16:40,16.07,1,0,0,1.18,30.17
7/4/2026 16:40,16.4,1,0,0,1.18,45
7/4/2026 16:40,16.77,1,0,0,1.18,64.34
7/4/2026 16:40,17.2,0,0.25,0,1.18,32.06
7/4/2026 16:40,17.55,0,0.25,0,1.18,28.92
7/4/2026 16:40,17.66,0,0.25,0,1.18,26.25
7/4/2026 16:40,17.4,0,0.25,0,1.18,38.63
7/4/2026 16:40,17,0,0.25,0,1.18,52.59
7/4/2026 16:40,16.57,0,0.25,0,1.18,35.19
7/4/2026 16:40,16.07,1,0,0,1.18,50.22
7/4/2026 16:40,15.61,0,0.25,0,1.18,53.97
7/4/2026 16:40,15.24,0,0.25,0,1.18,47.85
7/4/2026 16:40,14.86,1,0,0,1.18,29.38
7/4/2026 16:40,14.45,0,0.25,0,1.18,28.32
7/4/2026 16:40,14.13,0,0.25,0,1.18,28.29
7/4/2026 16:40,13.68,0,0.25,0.22,1.13,27.23
7/4/2026 16:40,13.23,1,0,0.05,1.03,42.55
7/4/2026 16:40,12.86,0,0.25,0.1,0.89,26.04
7/4/2026 16:40,12.53,0,0.25,0.15,0.69,23.15
7/4/2026 16:40,12.15,1,0,0.2,0.47,24.09
7/4/2026 16:40,11.8,0,0.25,0.25,0.28,23.35
7/4/2026 16:40,11.43,0,0.25,0.3,0.01,100
7/4/2026 16:40,11.03,0,0.25,0.35,-0.2,24.86
7/4/2026 16:40,10.6,1,0,0.4,-0.35,23.22
7/4/2026 16:40,10.11,1,0,0.45,-0.49,40.68
7/4/2026 16:40,9.85,1,0,0.5,-0.56,20.55
7/4/2026 16:40,9.76,1,0,0.55,-0.61,24.95
7/4/2026 16:40,9.83,1,0,0.55,-0.59,74.72
7/4/2026 16:40,10.03,0,0.25,0.55,-0.51,25.69
7/4/2026 16:40,10.21,0,0.25,0.55,-0.4,28.54
7/4/2026 16:40,10.14,1,0,0.47,-0.22,25.93
7/4/2026 16:40,9.97,0,0.25,0.39,0.03,51.9
7/4/2026 16:40,9.82,1,0,0.31,0.24,100
7/4/2026 16:40,9.62,1,0,0.23,0.54,63.37
7/4/2026 16:40,9.58,1,0,0.15,0.75,34.88
7/4/2026 16:40,9.79,1,0,0.07,1.06,32.64
7/4/2026 16:40,10.13,0,0.25,-0.86,1.3,23.81
7/4/2026 16:40,10.42,1,0,-0.7,1.49,45.46
7/4/2026 16:40,10.51,1,0,-0.38,1.63,30.79
7/4/2026 16:40,10.56,1,0,0.06,1.63,31.3
7/4/2026 16:40,10.91,1,0,0.42,1.51,74.67
7/4/2026 16:40,11.28,1,0,0.49,1.37,70.29
7/4/2026 16:40,11.57,0,0.25,0.4,1.26,53.17
7/4/2026 16:40,11.8,1,0,0.18,1.21,52.97
7/4/2026 16:40,12,1,0,-0.05,1.22,42.89
7/4/2026 16:40,12.19,0,0.25,-0.19,1.26,83.11
7/4/2026 16:40,12.43,1,0,-0.19,1.31,53.73
7/4/2026 16:40,12.49,0,0.25,-0.09,1.32,75.91
7/4/2026 16:40,12.49,0,0.25,0.04,1.3,56.7
7/4/2026 16:40,12.26,1,0,0.09,1.28,57.23
7/4/2026 16:40,12,1,0,0.07,1.27,54.79
7/4/2026 16:40,11.83,1,0,0.02,1.27,100
7/4/2026 16:40,11.95,1,0,-0.02,1.28,47.35
7/4/2026 16:40,12.28,1,0,-0.03,1.28,23.13
7/4/2026 16:40,12.68,1,0,-0.01,1.29,34.81
7/4/2026 16:40,13.17,0,0.25,0.01,1.28,100
7/4/2026 16:40,13.55,0,0.25,0.01,1.28,26.64
7/4/2026 16:40,13.65,1,0,0.01,1.28,100
7/4/2026 16:40,13.52,1,0,0,1.28,24.57
7/4/2026 16:40,13.45,1,0,0,1.28,100
7/4/2026 16:40,13.54,1,0,0,1.28,42.78
7/4/2026 16:40,13.8,0,0.25,0,1.28,29.66
7/4/2026 16:40,14.11,0,0.25,0,1.28,28.84
7/4/2026 16:40,14.13,1,0,0,1.28,33.14
7/4/2026 16:40,13.98,1,0,0,1.28,100
7/4/2026 16:40,13.87,1,0,0,1.28,69.74
7/4/2026 16:40,13.99,0,0.25,0.01,1.28,28.19
7/4/2026 16:40,14.18,0,0.25,0.01,1.28,28.31
7/4/2026 16:40,14.16,0,0.25,0,1.28,45.5
7/4/2026 16:40,13.9,1,0,0,1.28,23.91
7/4/2026 16:40,13.62,0,0.25,0,1.28,33.17
7/4/2026 16:40,13.34,0,0.25,-0.01,1.28,100
7/4/2026 16:40,13.03,1,0,-0.01,1.28,97.41
7/4/2026 16:40,12.71,0,0.25,-0.01,1.28,61.42
7/4/2026 16:40,12.38,1,0,-0.01,1.28,88.82
7/4/2026 16:40,12.06,1,0,-0.01,1.29,52.61
7/4/2026 16:40,11.92,0,0.25,-0.01,1.29,32.87
7/4/2026 16:40,11.92,1,0,0,1.29,27.92
7/4/2026 16:40,11.89,1,0,0.01,1.29,27.41
7/4/2026 16:40,11.92,1,0,0,1.29,100
7/4/2026 16:40,12.11,1,0,0,1.29,45.31
7/4/2026 16:40,12.48,1,0,0,1.29,100
7/4/2026 16:40,12.89,1,0,0,1.29,81.45
7/4/2026 16:40,13.29,1,0,0,1.29,41.6
7/4/2026 16:40,13.81,0,0.25,0,1.29,90.27
7/4/2026 16:40,14.21,1,0,0,1.29,49.98
7/4/2026 16:40,14.41,1,0,0,1.29,44.08
7/4/2026 16:40,14.61,1,0,0,1.29,87.58
7/4/2026 16:40,14.94,1,0,0,1.29,100
7/4/2026 16:40,15.28,0,0.25,0,1.29,24.28
7/4/2026 16:40,15.68,1,0,0,1.29,43.6
7/4/2026 16:40,15.83,0,0.25,0,1.29,30.8
7/4/2026 16:40,15.87,1,0,0,1.29,41.69
7/4/2026 16:40,15.71,0,0.25,0,1.29,26.02
7/4/2026 16:40,15.49,1,0,0,1.29,71.49
7/4/2026 16:40,15.16,0,0.25,0,1.29,27.27
7/4/2026 16:40,14.88,0,0.25,0,1.29,36.77
7/4/2026 16:40,14.45,1,0,0,1.29,100
7/4/2026 16:40,14.09,1,0,0,1.29,100
7/4/2026 16:40,13.88,0,0.25,0,1.29,23.51
7/4/2026 16:40,13.83,0,0.25,0,1.29,22.79
7/4/2026 16:40,13.65,0,0.25,0,1.29,25.99
7/4/2026 16:40,13.39,1,0,0,1.29,97.18
7/4/2026 16:40,13.08,1,0,0,1.29,32.32
7/4/2026 16:40,12.89,1,0,0,1.29,94.82
7/4/2026 16:40,12.98,0,0.25,0,1.29,30.96
7/4/2026 16:40,13.14,1,0,0,1.29,93.02
7/4/2026 16:40,13.23,0,0.25,0,1.29,32.14
7/4/2026 16:40,13.22,0,0.25,0,1.29,24.09
7/4/2026 16:40,13,0,0.25,0,1.29,29.27
7/4/2026 16:40,12.63,1,0,0,1.29,88.73
7/4/2026 16:40,12.31,1,0,0,1.29,87.61
7/4/2026 16:40,12.16,0,0.25,0,1.29,31.02
7/4/2026 16:40,12.14,1,0,0,1.29,26.26
7/4/2026 16:40,12.09,0,0.25,0,1.29,26.36
7/4/2026 16:40,12.02,1,0,0,1.29,83.72
7/4/2026 16:40,11.85,0,0.25,0,1.29,36.16
7/4/2026 16:40,11.74,1,0,-0.05,1.29,32.93
7/4/2026 16:40,11.46,1,0,-0.1,1.28,44.09
7/4/2026 16:40,11.34,1,0,-0.02,1.26,45.07
7/4/2026 16:40,11.48,1,0,0.11,1.22,79.51
7/4/2026 16:40,11.84,1,0,0.09,1.19,51.93
7/4/2026 16:40,12.24,1,0,0.03,1.19,39.97
7/4/2026 16:40,12.8,1,0,-0.04,1.2,40.82
7/4/2026 16:40,13.36,1,0,-0.05,1.21,75.35
7/4/2026 16:40,13.85,1,0,-0.02,1.21,36.17
7/4/2026 16:40,14.3,0,0.25,0.01,1.21,34.42
7/4/2026 16:40,14.75,0,0.25,-0.05,1.2,71.6
7/4/2026 16:40,14.71,1,0,-0.1,1.19,38.42
7/4/2026 16:40,14.49,1,0,-0.02,1.16,35.99
7/4/2026 16:40,14.37,0,0.25,0.15,1.11,25.01
7/4/2026 16:40,14.33,1,0,0.17,1.06,67.26
7/4/2026 16:40,14.22,0,0.25,0.16,1.04,23.78
7/4/2026 16:40,14.1,0,0.25,0.13,0.97,25.18
7/4/2026 16:40,13.83,1,0,0.1,0.93,63.85
7/4/2026 16:40,13.53,1,0,0.06,0.91,63.36
7/4/2026 16:40,13.37,1,0,0.05,0.87,35.28
7/4/2026 16:40,13.44,1,0,0.07,0.86,34.05
7/4/2026 16:40,13.7,1,0,0.1,0.8,61.18
7/4/2026 16:40,14.03,0,0.25,0.12,0.74,41.95
7/4/2026 16:40,14.32,0,0.25,0.1,0.72,44.09
7/4/2026 16:40,14.39,1,0,0.1,0.67,39.85
7/4/2026 16:40,14.28,1,0,0.08,0.66,28.29
7/4/2026 16:40,14.18,1,0,0.08,0.6,39.41
7/4/2026 16:40,14.22,1,0,0.08,0.6,41.67
7/4/2026 16:40,14.43,1,0,0,0.53,41.72
7/4/2026 16:40,14.75,0,0.25,0,0.45,29.02
7/4/2026 16:40,15.09,0,0.25,0,0.42,39.92
7/4/2026 16:40,15.13,0,0.25,0,0.28,37.5
7/4/2026 16:40,14.9,0,0.25,0,0.11,35.99
7/4/2026 16:40,14.59,0,0.25,0,-0.19,36.36
7/4/2026 16:40,14.14,0,0.25,0,-0.3,100
7/4/2026 16:40,13.76,0,0.25,0,-0.52,33.13
7/4/2026 16:40,13.38,0,0.25,0.71,-0.69,32.49
7/4/2026 16:40,12.95,0,0.25,0.75,-0.93,27
7/4/2026 16:40,12.42,1,0,0.74,-1.13,31.91
7/4/2026 16:40,11.79,1,0,0.63,-1.32,25.13
7/4/2026 16:40,11.22,1,0,0.42,-1.43,34.03
7/4/2026 16:40,11.1,1,0,0.16,-1.48,28.31
7/4/2026 16:40,11.36,1,0,-0.03,-1.47,29.67
7/4/2026 16:40,11.71,0,0.25,-0.12,-1.46,23.62
7/4/2026 16:40,12,1,0,-0.07,-1.45,34.23
7/4/2026 16:40,12.2,1,0,0.04,-1.48,36.99
7/4/2026 16:40,12.44,1,0,0.15,-1.53,41.16
7/4/2026 16:40,12.7,1,0,0.18,-1.58,33.81
7/4/2026 16:40,13.04,1,0,0.15,-1.62,34.32
7/4/2026 16:40,13.51,0,0.25,0.09,-1.66,38.42
7/4/2026 16:40,13.86,0,0.25,0.06,-1.68,40.59
7/4/2026 16:40,13.98,1,0,0.05,-1.71,40.25
7/4/2026 16:40,13.83,0,0.25,0.07,1.76,40.6
7/4/2026 16:40,13.64,0,0.25,0.1,1.72,38.62
7/4/2026 16:40,13.32,0,0.25,0.09,1.68,25.18
7/4/2026 16:40,12.87,0,0.25,0.1,1.64,29.16
7/4/2026 16:40,12.45,1,0,0.08,1.62,49.22
7/4/2026 16:40,12.1,0,0.25,0.08,1.59,38.02
7/4/2026 16:40,11.86,1,0,0.07,1.57,30.03
7/4/2026 16:40,11.52,1,0,0.09,1.54,31.17
7/4/2026 16:40,11.4,0,0.25,0.09,1.52,61.6
7/4/2026 16:40,11.46,1,0,0.09,1.5,26.56
7/4/2026 16:40,11.5,1,0,0.08,1.49,44.82
7/4/2026 16:40,11.64,1,0,0.09,1.47,69.99
7/4/2026 16:40,11.89,1,0,0.07,1.46,34.52
7/4/2026 16:40,12.29,1,0,0.08,1.44,62.62
7/4/2026 16:40,12.74,0,0.25,0.09,1.41,30.6
7/4/2026 16:40,13.06,0,0.25,0.08,1.39,43.86
7/4/2026 16:40,13.14,1,0,0.09,1.36,100
7/4/2026 16:40,12.99,1,0,0.09,1.33,83.97
7/4/2026 16:40,12.9,1,0,0.07,1.31,80.48
7/4/2026 16:40,12.98,0,0.25,0.05,1.28,25.92
7/4/2026 16:40,13.21,1,0,-0.02,1.28,100
7/4/2026 16:40,13.33,1,0,-0.06,1.28,75.34
7/4/2026 16:40,13.46,0,0.25,-0.05,1.29,25.84
7/4/2026 16:40,13.71,1,0,-0.02,1.29,55.21
7/4/2026 16:40,13.78,1,0,0.01,1.29,100
7/4/2026 16:40,13.86,1,0,0.01,1.29,100
7/4/2026 16:40,14.11,1,0,0.01,1.29,100
7/4/2026 16:40,14.49,1,0,0.01,1.29,100
7/4/2026 16:40,14.84,0,0.25,0,1.29,35.3
7/4/2026 16:40,15.24,1,0,0,1.28,100
7/4/2026 16:40,15.39,0,0.25,0,1.28,100
7/4/2026 16:40,15.43,1,0,0,1.28,100
7/4/2026 16:40,15.32,0,0.25,0,1.28,47.12
7/4/2026 16:40,15.16,0,0.25,0,1.28,100
7/4/2026 16:40,14.79,1,0,0,1.28,76.85
7/4/2026 16:40,14.45,1,0,0,1.28,44.55
7/4/2026 16:40,14.25,0,0.25,0,1.28,26.24
7/4/2026 16:40,14.17,1,0,0,1.28,24.63
7/4/2026 16:40,14.07,0,0.25,0.05,1.28,100
7/4/2026 16:40,13.93,0,0.25,0.1,1.28,26.11
7/4/2026 16:40,13.57,0,0.25,0.15,1.31,56.18
7/4/2026 16:40,13.13,0.7,0,0.2,1.37,37.79
7/4/2026 16:40,12.65,0.55,0,0.25,1.48,41.66
7/4/2026 16:40,12.38,0.4,0,0.3,1.62,53.77
7/4/2026 16:40,12.18,0,0.25,0.35,-1.69,31.18
7/4/2026 16:40,11.87,0,0.25,0.4,-1.39,37.15
7/4/2026 16:40,11.38,0,0.25,0.45,-1.02,28.84
7/4/2026 16:40,10.78,0,0,0.5,-0.55,35.03
7/4/2026 16:40,10.11,0,0,0.55,0.03,14.03
7/4/2026 16:40,9.6,0,0,0.55,0.53,29.09
7/4/2026 16:40,9.13,0,0.25,0.55,1.07,15.09
7/4/2026 16:40,8.55,0.08,0,0.55,-1.32,75.43
7/4/2026 16:40,8.23,0,0.25,0.47,-1.08,19.98
7/4/2026 16:40,7.93,0.24,0,0.39,-0.78,26.45
7/4/2026 16:40,7.67,0.32,0,0.31,-0.41,34.97
7/4/2026 16:40,7.56,0.4,0,0.23,-0.14,23.2
7/4/2026 16:40,7.53,0.48,0,0.15,0.25,52.06
7/4/2026 16:40,7.53,0.56,0,0.07,0.58,28.07
7/4/2026 16:40,7.59,0.64,0,-1.56,0.88,60.43
7/4/2026 16:40,7.69,0.72,0,-1.47,1.16,59.89
7/4/2026 16:40,7.77,0.8,0,-1.27,1.44,80.9
7/4/2026 16:40,7.82,0.88,0,-0.98,1.6,41.22
7/4/2026 16:40,7.84,0.96,0,-0.63,1.68,24.09
7/4/2026 16:40,8.06,1,0,-0.15,1.66,53.37
7/4/2026 16:40,8.52,0,0.25,0.29,1.56,19.64
7/4/2026 16:40,8.94,0,0.25,0.6,1.41,13.8
7/4/2026 16:40,8.93,1,0,0.75,1.22,23.88
7/4/2026 16:40,8.69,0,0.25,0.75,1.09,17.58
7/4/2026 16:40,8.34,0,0.25,0.61,1,13.41
7/4/2026 16:40,7.82,1,0,0.47,0.95,26.99
7/4/2026 16:40,7.62,1,0,0.31,0.96,27.75
7/4/2026 16:40,7.63,1,0,0.15,0.98,54.36
7/4/2026 16:40,7.91,1,0,0.11,1.01,44.71
7/4/2026 16:40,8.36,1,0,0.14,1,26.73
7/4/2026 16:40,8.76,1,0,0.07,1,30.57
7/4/2026 16:40,9.25,1,0,-0.01,1.01,28.28
7/4/2026 16:40,9.8,1,0,-0.04,1.03,52.75
7/4/2026 16:40,10.28,0,0.25,-0.03,1.03,25.55
7/4/2026 16:40,10.75,1,0,-0.01,1.03,24.6
7/4/2026 16:40,10.94,1,0,0.01,1.03,51.27
7/4/2026 16:40,11.14,1,0,0.01,1.03,35.1
7/4/2026 16:40,11.53,1,0,0,1.03,34.53
7/4/2026 16:40,11.93,1,0,0,1.03,100
7/4/2026 16:40,12.33,0,0.25,0,1.03,41.43
7/4/2026 16:40,12.76,0,0.25,0,1.03,40.09
7/4/2026 16:40,12.85,1,0,0,1.03,54.12
7/4/2026 16:40,12.75,1,0,0,1.03,44.31
7/4/2026 16:40,12.7,1,0,0,1.03,37.22
7/4/2026 16:40,12.86,1,0,0,1.03,39.12
7/4/2026 16:40,13.15,0,0.25,0,1.03,29.04
7/4/2026 16:40,13.49,1,0,0,1.03,36.72
7/4/2026 16:40,13.62,1,0,0,1.03,37.35
7/4/2026 16:40,13.76,1,0,0,1.03,33.76
7/4/2026 16:40,14.02,1,0,0,1.03,30.55
7/4/2026 16:40,14.41,1,0,0,1.03,31.58
7/4/2026 16:40,14.79,0,0.25,0,1.03,31.22
7/4/2026 16:40,15.17,1,0,0,1.03,60.12
7/4/2026 16:40,15.33,1,0,0,1.03,41.58
7/4/2026 16:40,15.53,1,0,0,1.03,88.74
7/4/2026 16:40,15.84,0,0.25,0,1.03,40.26
7/4/2026 16:40,16.1,1,0,0,1.03,44.48
7/4/2026 16:40,16.26,0,0.25,0,1.03,27.67
7/4/2026 16:40,16.32,1,0,0,1.03,43.54
7/4/2026 16:40,16.23,0,0.25,0,1.03,39.73
7/4/2026 16:40,16.07,0,0.25,0,1.03,29.46
7/4/2026 16:40,15.65,0,0.25,0,1.03,29.21
7/4/2026 16:40,15.15,1,0,0,1.03,100
7/4/2026 16:40,14.74,0,0.25,0,1.03,34.79
7/4/2026 16:40,14.45,1,0,0,1.03,42.21
7/4/2026 16:40,14.15,0,0.25,0,1.03,27.52
7/4/2026 16:40,13.82,1,0,0,1.03,100
7/4/2026 16:41,13.49,1,0,0,1.03,31.6
7/4/2026 16:41,13.3,0,0.25,0,1.03,24.67
7/4/2026 16:41,13.3,0,0.25,0,1.03,50.93
7/4/2026 16:41,13.19,1,0,0,1.03,50.12
7/4/2026 16:41,12.98,0,0.25,0,1.03,31.74
7/4/2026 16:41,12.74,1,0,0,1.03,28.34
7/4/2026 16:41,12.46,1,0,0,1.03,47.06
7/4/2026 16:41,12.32,1,0,0,1.03,46.62
7/4/2026 16:41,12.41,0,0.25,0,1.03,28.41
7/4/2026 16:41,12.6,1,0,0,1.03,30.72
7/4/2026 16:41,12.71,1,0,0,1.03,43.41
7/4/2026 16:41,12.88,1,0,0,1.03,34.47
7/4/2026 16:41,13.19,0,0.25,0,1.03,43.66
7/4/2026 16:41,13.51,0,0.25,0,1.03,27.68
7/4/2026 16:41,13.57,1,0,0,1.03,39.2
7/4/2026 16:41,13.41,0,0.25,0,1.03,38.14
7/4/2026 16:41,13.22,1,0,0,1.03,100
7/4/2026 16:41,12.99,0,0.25,0,1.03,26.69
7/4/2026 16:41,12.72,1,0,0,1.03,35.28
7/4/2026 16:41,12.46,1,0,0,1.03,35.17
7/4/2026 16:41,12.32,0,0.25,-0.05,1.03,34.53
7/4/2026 16:41,12.33,1,0,0.02,1.02,100
7/4/2026 16:41,12.3,0,0.25,0.03,1.01,31.28
7/4/2026 16:41,12.25,1,0,0.02,1.01,24.06
7/4/2026 16:41,12.1,1,0,0,1.01,99.59
7/4/2026 16:41,12,1,0,-0.01,1.01,85.04
7/4/2026 16:41,12.1,0,0.25,-0.01,1.01,26.09
7/4/2026 16:41,12.34,0,0.25,0,1.01,100
7/4/2026 16:41,12.35,0,0.25,0,1.01,25.63
7/4/2026 16:41,12.08,1,0,-0.05,1.01,24.67
7/4/2026 16:41,11.8,0,0.25,-0.1,1,27.8
7/4/2026 16:41,11.57,1,0,-0.02,0.98,51.62
7/4/2026 16:41,11.27,0,0.25,0.12,0.94,75.05
7/4/2026 16:41,11.01,0,0.25,0.12,0.91,24
7/4/2026 16:41,10.71,0,0.25,0.05,0.9,76.18
7/4/2026 16:41,10.32,0,0.25,-0.01,0.91,74.17
7/4/2026 16:41,9.96,1,0,-0.04,0.92,28.29
7/4/2026 16:41,9.69,1,0,-0.03,0.93,29.53
7/4/2026 16:41,9.58,0,0.25,-0.01,0.93,17.21
7/4/2026 16:41,9.66,1,0,-0.05,0.92,47.76
7/4/2026 16:41,9.71,1,0,-0.1,0.92,83.75
7/4/2026 16:41,9.9,1,0,-0.02,0.89,28.41
7/4/2026 16:41,10.24,1,0,0.12,0.85,45.65
7/4/2026 16:41,10.58,1,0,0.11,0.82,100
7/4/2026 16:41,11.03,1,0,0.04,0.82,29.19
7/4/2026 16:41,11.55,1,0,-0.02,0.83,44.83
7/4/2026 16:41,12.03,0,1,-0.04,0.84,27.65
7/4/2026 16:41,12.41,1,0,-0.03,0.84,43.62
7/4/2026 16:41,12.62,0,0.25,0,0.84,26.01
7/4/2026 16:41,12.7,1,0,-0.05,0.84,41.8
7/4/2026 16:41,12.59,1,0,-0.1,0.83,39.53
7/4/2026 16:41,12.51,1,0,-0.15,0.79,100
7/4/2026 16:41,12.59,0,0.25,-0.07,0.74,27.42
7/4/2026 16:41,12.79,1,0,0.27,0.67,43.32
7/4/2026 16:41,12.89,1,0,0.31,0.56,100
7/4/2026 16:41,12.9,0,0.25,0,0.5,23.38
7/4/2026 16:41,13.06,1,0,0,0.47,48.14
7/4/2026 16:41,13.16,1,0,0,0.44,38.84
7/4/2026 16:41,13.27,1,0,0,0.42,100
7/4/2026 16:41,13.5,1,0,0,0.41,100
7/4/2026 16:41,13.86,1,0,0,0.4,100
7/4/2026 16:41,14.22,0,0.25,0,0.39,30.17
7/4/2026 16:41,14.61,0,0.25,0,0.38,59.1
7/4/2026 16:41,14.67,1,0,0,0.37,100
7/4/2026 16:41,14.52,1,0,0,0.37,100
7/4/2026 16:41,14.44,0,0.25,0,0.36,100
7/4/2026 16:41,14.48,0,0.25,0,0.36,27.46
7/4/2026 16:41,14.39,1,0,0,0.35,67.52
7/4/2026 16:41,14.18,0,0.25,0,0.35,27.34
7/4/2026 16:41,13.92,1,0,0,0.34,27.65
7/4/2026 16:41,13.66,1,0,0,0.34,57.98
7/4/2026 16:41,13.48,1,0,0,0.33,30.55
7/4/2026 16:41,13.56,1,0,0,0.33,69.02
7/4/2026 16:41,13.84,1,0,0,0.32,100
7/4/2026 16:41,14.17,1,0,0,0.31,100
7/4/2026 16:41,14.71,1,0,0,0.31,89.66
7/4/2026 16:41,15.09,1,0,0,0.3,32.94
7/4/2026 16:41,15.61,1,0,0,0.29,100
7/4/2026 16:41,16.05,1,0,0.05,0.29,42.67
7/4/2026 16:41,16.48,0,0.25,0.1,0.21,40.82
7/4/2026 16:41,16.9,1,0,0.15,-0.05,53.03
7/4/2026 16:41,17.04,0,0.25,0.2,-0.34,26.8
7/4/2026 16:41,17.03,1,0,0.25,0.45,98.67
7/4/2026 16:41,16.8,0,0.25,0.3,0.6,25.86
7/4/2026 16:41,16.42,0,0.25,0.35,0.84,32.89
7/4/2026 16:41,15.91,0,0.25,0.4,1.13,23.99
7/4/2026 16:41,15.24,0,0.25,0.45,1.5,23.36
7/4/2026 16:41,14.5,0,0.25,0.5,1.12,22.93
7/4/2026 16:41,13.55,0,0.25,0.55,0.11,23.48
7/4/2026 16:41,12.58,0,0.25,0.55,0.66,25.2
7/4/2026 16:41,11.6,0,0.25,0.55,-0.24,25.02
7/4/2026 16:41,10.81,1,0,0.55,-0.88,32.13
7/4/2026 16:41,10.12,1,0,0.55,1.25,52.33
7/4/2026 16:41,9.65,1,0,0.47,1.01,39.5
7/4/2026 16:41,9.54,1,0,0.39,0.84,25.29
7/4/2026 16:41,9.75,1,0,0.31,0.8,22.48
7/4/2026 16:41,10.12,1,0,0.23,0.82,43.93
7/4/2026 16:41,10.62,1,0,0.15,0.92,32.6
7/4/2026 16:41,11.16,1,0,0.07,1.08,32.16
7/4/2026 16:41,11.68,1,0,-0.66,1.28,93.43
7/4/2026 16:41,12.17,1,0,-0.71,1.5,37.14
7/4/2026 16:41,12.51,0,0.25,-0.62,1.69,22.46
7/4/2026 16:41,12.64,0,0.25,-0.4,-1.68,28.8
7/4/2026 16:41,12.55,1,0,-0.11,-1.64,33.09
7/4/2026 16:41,12.47,1,0,0.17,-1.66,90.69
7/4/2026 16:41,12.43,1,0,0.29,-1.71,69.18
7/4/2026 16:41,12.47,1,0,0.25,1.74,33.26
7/4/2026 16:41,12.68,1,0,0.08,1.73,87.63
7/4/2026 16:41,13.1,1,0,-0.08,-1.74,64.33
7/4/2026 16:41,13.55,0,0.25,-0.15,-1.71,30.86
7/4/2026 16:41,13.85,0,0.25,-0.11,-1.69,84.61
7/4/2026 16:41,13.93,1,0,-0.03,-1.68,37.87
7/4/2026 16:41,13.82,1,0,0.04,-1.7,62.44
7/4/2026 16:41,13.72,1,0,0.07,-1.71,58.51
7/4/2026 16:41,13.8,0,0.25,0.05,-1.71,81.08
7/4/2026 16:41,14.02,1,0,0,-1.71,79.36
7/4/2026 16:41,14.06,1,0,-0.02,-1.71,58.26
7/4/2026 16:41,14.13,1,0,-0.02,-1.71,41.12
7/4/2026 16:41,14.4,1,0,0,-1.71,40.67
7/4/2026 16:41,14.72,0,0.25,0.01,-1.72,33.59
7/4/2026 16:41,15.04,1,0,0.01,-1.72,69.01
7/4/2026 16:41,15.21,1,0,0,-1.72,38.98
7/4/2026 16:41,15.35,1,0,0,-1.72,25
7/4/2026 16:41,15.65,1,0,-0.01,-1.72,50.26
7/4/2026 16:41,16.08,0,0.25,0,-1.72,48.12
7/4/2026 16:41,16.41,1,0,0,-1.72,51.35
7/4/2026 16:41,16.56,0,0.25,0,-1.72,61.71
7/4/2026 16:41,16.64,0,0.25,0,-1.72,38.49
7/4/2026 16:41,16.48,0,0.25,0,-1.72,42.7
7/4/2026 16:41,16.18,1,0,0,-1.72,46.45
7/4/2026 16:41,15.81,0,0.25,0,-1.72,24.56
7/4/2026 16:41,15.49,1,0,0,-1.72,29.44
7/4/2026 16:41,15.15,1,0,0,-1.72,51.36
7/4/2026 16:41,14.91,1,0,0,-1.72,41.73
7/4/2026 16:41,14.97,1,0,0,-1.72,57.23
7/4/2026 16:41,15.19,0,0.25,0,-1.72,32.23
7/4/2026 16:41,15.44,0,0.25,0,-1.72,23.14
7/4/2026 16:41,15.48,1,0,0,-1.72,54.11
7/4/2026 16:41,15.33,1,0,0,-1.72,47.8
7/4/2026 16:41,15.22,0,0.25,0,-1.72,29.59
7/4/2026 16:41,15.23,0,0.25,0,-1.72,45.56
7/4/2026 16:41,15.08,1,0,0.05,-1.72,44.31
7/4/2026 16:41,14.8,0,0.25,0.1,-1.71,43.15
7/4/2026 16:41,14.55,1,0,0.15,-1.69,24.57
7/4/2026 16:41,14.19,0,0.25,0.2,-1.64,45.94
7/4/2026 16:41,13.88,0,0.25,0.25,-1.55,24.3
7/4/2026 16:41,13.45,0,0.25,0.3,-1.47,23.09
7/4/2026 16:41,12.96,1,0,0.35,-1.4,22
7/4/2026 16:41,12.44,0,0.25,0.4,-1.3,21.8
7/4/2026 16:41,11.98,0,0.25,0.45,-1.2,26.23
7/4/2026 16:41,11.47,1,0,0.5,-1.06,39.75
7/4/2026 16:41,10.9,1,0,0.55,-0.88,39.29
7/4/2026 16:41,10.49,0,0.25,0.55,-0.66,23.75
7/4/2026 16:41,10.26,1,0,0.47,-0.4,38.05
7/4/2026 16:41,10.09,1,0,0.39,-0.07,29.16
7/4/2026 16:41,10.11,1,0,0.31,0.33,28.2
7/4/2026 16:41,10.35,1,0,0.23,0.76,30.57
7/4/2026 16:41,10.76,1,0,0.15,1.26,33.81
7/4/2026 16:41,11.21,1,0,0.07,-0.96,30.76
7/4/2026 16:41,11.65,1,0,-1.2,-0.63,80.05
7/4/2026 16:41,12.16,1,0,0,-0.28,58.17
7/4/2026 16:41,12.65,1,0,0,0.11,24.82
7/4/2026 16:41,13.11,0,0.25,0,0.2,51.72
7/4/2026 16:41,13.58,1,0,0,0.35,55.86
7/4/2026 16:41,13.77,0,0.25,0,0.38,33.04
7/4/2026 16:41,13.84,1,0,0,0.34,100
7/4/2026 16:41,13.71,1,0,0,0.16,100
7/4/2026 16:41,13.62,1,0,0,-0.04,90.12
7/4/2026 16:41,13.69,1,0,0,-0.24,66.34
7/4/2026 16:41,13.93,1,0,0,-0.47,23.61
7/4/2026 16:41,14.33,1,0,0.63,-0.73,63.5
7/4/2026 16:41,14.69,1,0,0.61,-0.96,26.11
7/4/2026 16:41,14.95,0,0.25,0.49,-1.15,100
7/4/2026 16:41,15.03,1,0,0.24,-1.29,34.72
7/4/2026 16:41,15.06,0,0.25,-0.03,-1.33,27.62
7/4/2026 16:41,15.14,1,0,-0.25,-1.31,43.95
7/4/2026 16:41,15,1,0,-0.32,-1.27,80.79
7/4/2026 16:41,14.81,0,0.25,-0.23,-1.23,86.77
7/4/2026 16:41,14.75,1,0,-0.05,-1.23,86.96
7/4/2026 16:41,14.72,0,0.25,0.15,-1.27,35.55
7/4/2026 16:41,14.66,0,0.25,0.21,-1.31,24.32
7/4/2026 16:41,14.35,0,0.25,0.15,-1.34,100
7/4/2026 16:41,13.95,1,0,0.01,-1.34,60.73
7/4/2026 16:41,13.57,1,0,-0.09,-1.32,63.62
7/4/2026 16:41,13.38,1,0,-0.1,-1.3,53.38
7/4/2026 16:41,13.42,1,0,-0.06,-1.3,48.69
7/4/2026 16:41,13.64,1,0,0.01,-1.3,60
7/4/2026 16:41,14.01,1,0,0.05,-1.31,29.82
7/4/2026 16:41,14.43,1,0,0.04,-1.32,68.35
7/4/2026 16:41,14.82,1,0,0.01,-1.32,100
7/4/2026 16:41,15.34,1,0,-0.01,-1.32,79.67
7/4/2026 16:41,15.82,1,0,-0.01,-1.32,41.57
7/4/2026 16:41,16.24,0,0.25,-0.01,-1.32,95.22
7/4/2026 16:41,16.69,1,0,0,-1.32,91.03
7/4/2026 16:41,16.87,0,0.25,0.01,-1.32,43.66
7/4/2026 16:41,16.94,0,0.25,0,-1.33,24.79
7/4/2026 16:41,16.77,1,0,-0.01,-1.32,98.14
7/4/2026 16:41,16.5,1,0,-0.02,-1.31,58.83
7/4/2026 16:41,16.3,1,0,-0.02,-1.31,80.49
7/4/2026 16:41,16.31,0,0.25,0,-1.3,41.84
7/4/2026 16:41,16.46,1,0,0.01,-1.3,100
7/4/2026 16:41,16.51,1,0,0.01,-1.3,100
7/4/2026 16:41,16.6,1,0,0.01,-1.3,60.4
7/4/2026 16:41,16.87,1,0,0,-1.3,81.36
7/4/2026 16:41,17.2,1,0,-0.01,-1.3,100
7/4/2026 16:41,17.56,0,0.25,-0.01,-1.3,100
7/4/2026 16:41,17.96,1,0,0,-1.3,94.46
7/4/2026 16:41,18.1,0,0.25,0,-1.3,75.25
7/4/2026 16:41,18.13,1,0,0,-1.3,71.89
7/4/2026 16:41,17.96,0,0.25,0,-1.3,38.86
7/4/2026 16:41,17.73,1,0,0,-1.3,33.42
7/4/2026 16:41,17.42,0,0.25,0,-1.3,70.38
7/4/2026 16:41,17.12,1,0,0,-1.3,31.09
7/4/2026 16:41,16.77,1,0,0,-1.3,67.92
7/4/2026 16:41,16.5,1,0,0,-1.3,50.06
7/4/2026 16:41,16.49,0,0.25,0,-1.3,69.33
7/4/2026 16:41,16.59,1,0,0,-1.3,64.39
7/4/2026 16:41,16.62,1,0,0,-1.3,56.88
7/4/2026 16:41,16.71,0,0.25,0,-1.3,43.79
7/4/2026 16:41,16.86,1,0,0,-1.3,60.48
7/4/2026 16:41,16.9,0,0.25,0,-1.3,33.48
7/4/2026 16:41,16.86,1,0,0,-1.3,37.97
7/4/2026 16:41,16.64,1,0,0,-1.3,94.89
7/4/2026 16:41,16.49,1,0,0,-1.3,93.9
7/4/2026 16:41,16.52,0,0.25,0,-1.3,100
7/4/2026 16:41,16.65,0,0.25,0,-1.3,24.36
7/4/2026 16:41,16.58,0,0.25,0,-1.3,37.29
7/4/2026 16:41,16.28,1,0,0,-1.3,52.5
7/4/2026 16:41,15.94,0,0.25,0,-1.3,39.06
7/4/2026 16:41,15.61,1,0,0,-1.3,49.43
7/4/2026 16:41,15.27,0,0.25,0,-1.3,29.85
7/4/2026 16:41,14.96,1,0,0,-1.3,84.05
7/4/2026 16:41,14.59,1,0,0,-1.3,62.05
7/4/2026 16:41,14.39,1,0,0,-1.3,81.85
7/4/2026 16:41,14.43,1,0,0,-1.3,80.71
7/4/2026 16:41,14.68,1,0,0,-1.3,79.49
7/4/2026 16:41,15.04,0,0.25,0,-1.3,32.87
7/4/2026 16:41,15.34,1,0,0,-1.3,77.15
7/4/2026 16:41,15.48,0,0.25,0,-1.3,34.12
7/4/2026 16:41,15.51,0,0.25,0,-1.3,48.58
7/4/2026 16:41,15.31,1,0,0,-1.3,47.63
7/4/2026 16:41,15.03,0,0.25,0,-1.3,23.38
7/4/2026 16:41,14.74,0,0.25,0,-1.3,72.63
7/4/2026 16:41,14.39,0,0.25,0,-1.3,45.3
7/4/2026 16:41,14.01,1,0,0,-1.3,43.06
7/4/2026 16:41,13.61,1,0,0,-1.3,42.12
7/4/2026 16:41,13.41,0,0.25,0,-1.3,30.77
7/4/2026 16:41,13.35,0,0.25,0.06,-1.31,31.5
7/4/2026 16:41,13.18,0,0.25,0.11,-1.35,39.31
7/4/2026 16:41,12.85,0,0.25,0.14,-1.38,27.91
7/4/2026 16:41,12.49,1,0,0.11,-1.43,49.05
7/4/2026 16:41,12.12,1,0,0.1,-1.45,27.34
7/4/2026 16:41,11.94,1,0,0.09,-1.46,39.64
7/4/2026 16:41,11.99,0,0.25,0.07,-1.49,37.08
7/4/2026 16:41,12.16,1,0,0.05,-1.51,49.14
7/4/2026 16:41,12.24,1,0,0.08,-1.53,23.93
7/4/2026 16:41,12.36,1,0,0.1,-1.56,35.96
7/4/2026 16:41,12.61,1,0,0.09,-1.59,31
7/4/2026 16:41,13,1,0,0.09,-1.61,40.81
7/4/2026 16:41,13.4,1,0,0.08,-1.64,40.52
7/4/2026 16:41,13.96,1,0,0.08,-1.68,38.02
7/4/2026 16:41,14.41,1,0,0.08,-1.73,63.66
7/4/2026 16:41,14.82,0,0.25,0.09,1.74,29.56
7/4/2026 16:41,15.3,0,0.25,0.1,1.69,29.74
7/4/2026 16:41,15.37,0,0.25,0.09,1.65,26.15
7/4/2026 16:41,15.1,0,0.25,0.08,1.59,27.54
7/4/2026 16:41,14.64,0,0.25,0.08,1.53,35.89
7/4/2026 16:41,14.14,0,0.25,0.09,1.48,23.95
7/4/2026 16:41,13.64,1,0,0.08,1.44,37.15
7/4/2026 16:41,13.22,0,0.25,0.08,1.4,33.23
7/4/2026 16:41,12.87,1,0,0.07,1.37,35.39
7/4/2026 16:41,12.48,0,0.25,0.09,1.33,30.52
7/4/2026 16:41,12.12,1,0,0.09,1.3,37.49
7/4/2026 16:41,11.76,1,0,0.08,1.27,24.5
7/4/2026 16:41,11.7,1,0,0.07,1.25,35.33
7/4/2026 16:41,11.93,1,0,0.08,1.23,34.35
7/4/2026 16:41,12.26,1,0,0.08,1.21,33.36
7/4/2026 16:41,12.75,1,0,0.09,1.18,33.79
7/4/2026 16:41,13.29,0,0.25,0.08,1.15,28.07
7/4/2026 16:41,13.76,0,0.25,0.09,1.11,37.32
7/4/2026 16:41,13.77,1,0,0.07,1.08,40.96
7/4/2026 16:41,13.54,0,0.25,0.08,1.04,36.35
7/4/2026 16:41,13.33,0,0.25,0.07,1.01,36.72
7/4/2026 16:41,12.89,1,0,0.1,0.97,41.63
7/4/2026 16:41,12.6,0,0.25,0.09,0.94,25.89
7/4/2026 16:41,12.31,0,0.25,0.09,0.91,100
7/4/2026 16:41,11.98,1,0,0.09,0.89,42.79
7/4/2026 16:41,11.65,1,0,0.08,0.87,38.62
7/4/2026 16:41,11.51,1,0,0.07,0.85,55.83
7/4/2026 16:41,11.61,0,0.25,0.08,0.83,23.42
7/4/2026 16:41,11.79,1,0,0.08,0.82,35.72
7/4/2026 16:41,11.9,1,0,0.09,0.8,35.34
7/4/2026 16:41,12.07,1,0,0.07,0.78,61.31
7/4/2026 16:41,12.43,1,0,0.09,0.75,69.74
7/4/2026 16:41,12.81,0,0.25,0.08,0.73,36.61
7/4/2026 16:41,13.14,0,0.25,0.08,0.7,80.11
7/4/2026 16:41,13.21,1,0,0.09,0.67,36.09
7/4/2026 16:41,13.07,1,0,0.07,0.65,31.09
7/4/2026 16:41,12.97,0,0.25,0.08,0.61,24.67
7/4/2026 16:41,13.02,1,0,0.09,0.59,34.6
7/4/2026 16:41,13.03,0,0.25,0.08,0.56,33.12
7/4/2026 16:41,13.06,0,0.25,0,0.54,23.87
7/4/2026 16:41,12.86,1,0,0,0.49,65.46
7/4/2026 16:41,12.65,1,0,0,0.46,37.19
7/4/2026 16:41,12.51,1,0,0,0.43,26.99
7/4/2026 16:41,12.63,1,0,0,0.41,52.16
7/4/2026 16:41,12.88,0,0.25,0,0.39,32.45
7/4/2026 16:41,13.21,0,0.25,0,0.38,35.69
7/4/2026 16:41,13.22,1,0,0,0.37,100
7/4/2026 16:41,13.09,1,0,0,0.36,40.99
7/4/2026 16:41,13,1,0,0,0.35,31.3
7/4/2026 16:41,13.15,0,0.25,0,0.34,100
7/4/2026 16:41,13.42,1,0,0,0.32,28.73
7/4/2026 16:41,13.5,1,0,0,0.31,70.98
7/4/2026 16:41,13.61,1,0,0,0.29,100
7/4/2026 16:41,13.89,1,0,0,0.27,100
7/4/2026 16:41,14.3,0,0.25,0,0.25,35.93
7/4/2026 16:41,14.63,1,0,0.05,0.23,100
7/4/2026 16:41,14.78,1,0,0.1,0.21,24.3
7/4/2026 16:41,14.96,1,0,0.15,0.22,100
7/4/2026 16:41,15.21,0,0.25,0.2,0.26,23.86
7/4/2026 16:41,15.43,0,0.25,0.25,0.34,31.88
7/4/2026 16:41,15.34,1,0,0.17,0.51,35.91
7/4/2026 16:41,15.13,1,0,0.09,0.71,40.89
7/4/2026 16:41,15,0,0.25,0.14,0.95,37.24
7/4/2026 16:41,14.91,0,0.25,0.19,1.31,24.78
7/4/2026 16:41,14.67,1,0,0.24,1.66,37.77
7/4/2026 16:41,14.3,1,0,0.29,-1.41,37.63
7/4/2026 16:41,13.96,1,0,0.21,-0.87,16.32
7/4/2026 16:41,13.96,1,0,0.26,-0.32,37.95
7/4/2026 16:41,14.09,0,1,0.31,0.31,30.14
7/4/2026 16:41,14.21,0,1,0.23,1.12,16.25
7/4/2026 16:41,14.12,0,1,0.15,-1.08,15.08
7/4/2026 16:41,13.78,0,0.25,0.07,-0.94,13.92
7/4/2026 16:41,13.23,0,1,-0.41,-0.79,19.74
7/4/2026 16:41,12.64,1,0,0.05,-0.71,72.79
7/4/2026 16:41,12.18,0,1,0.1,-0.7,14.43
7/4/2026 16:41,11.73,0,1,0.02,-0.72,13.77
7/4/2026 16:41,11.3,0,0.25,0.2,-0.76,15.99
7/4/2026 16:41,10.82,0,1,1.71,0.71,10.74
7/4/2026 16:41,10.18,0,0.25,0.05,0.3,15.49
7/4/2026 16:41,9.72,0,0.25,0,0.02,14.91
7/4/2026 16:41,9.34,0,0.25,0.05,-0.27,15.91
7/4/2026 16:41,9.04,0,0.25,0.1,-0.49,17.88
7/4/2026 16:41,8.66,0,0.25,0.02,-0.73,17.23
7/4/2026 16:41,8.32,0,0.25,0.96,-0.94,16.37
7/4/2026 16:41,7.9,0,0.25,0.92,-1.17,14.73
7/4/2026 16:41,7.49,0,0.25,0.78,-1.31,15.38
7/4/2026 16:41,6.88,1,0,0.57,-1.39,34.18
7/4/2026 16:41,6.48,1,0,0.05,-1.38,27.61
7/4/2026 16:41,6.58,1,0,-0.04,-1.31,46.16
7/4/2026 16:41,6.87,1,0,-0.1,-1.27,68.01
7/4/2026 16:41,7.24,1,0,-0.08,-1.25,28.11
7/4/2026 16:41,7.74,1,0,-0.05,-1.26,72.39
7/4/2026 16:41,8.26,1,0,-0.1,-1.27,100
7/4/2026 16:41,8.83,1,0,-0.02,-1.29,30.84
7/4/2026 16:41,9.51,1,0,0.11,-1.33,30.58
7/4/2026 16:41,9.97,1,0,0.09,-1.36,29.3
7/4/2026 16:41,10.53,1,0,0.03,-1.36,67.08
7/4/2026 16:41,11.04,1,0,-0.02,-1.35,44.2
7/4/2026 16:41,11.48,1,0,-0.03,-1.34,33.67
7/4/2026 16:41,12.03,1,0,-0.02,-1.34,27.11
7/4/2026 16:41,12.51,1,0,0,-1.34,45.38
7/4/2026 16:41,12.99,0,0.25,0.01,-1.34,24.55
7/4/2026 16:41,13.47,1,0,0.01,-1.35,42.43
7/4/2026 16:41,13.66,0,0.25,0,-1.35,28.42
7/4/2026 16:41,13.69,1,0,0,-1.35,26.3
7/4/2026 16:41,13.53,1,0,-0.01,-1.34,100
7/4/2026 16:41,13.45,1,0,0,-1.34,51.13
7/4/2026 16:41,13.57,1,0,0,-1.34,28.42
7/4/2026 16:41,13.82,0,0.25,0,-1.35,31.84
7/4/2026 16:41,14.11,0,0.25,0,-1.35,30.63
7/4/2026 16:41,14.12,0,0.25,0,-1.35,49.82
7/4/2026 16:41,13.87,1,0,0,-1.35,39.12
7/4/2026 16:41,13.62,1,0,0,-1.35,51.9
7/4/2026 16:41,13.44,1,0,0,-1.35,43.44
7/4/2026 16:41,13.56,1,0,0,-1.35,41.74
7/4/2026 16:41,13.86,1,0,0,-1.35,75.82
7/4/2026 16:41,14.23,1,0,0,-1.35,51.67
7/4/2026 16:41,14.61,0,0.25,0,-1.35,25.59
7/4/2026 16:41,15.03,1,0,0,-1.35,54.31
7/4/2026 16:41,15.17,1,0,0,-1.35,84.8
7/4/2026 16:41,15.3,0,0.25,0,-1.35,31.05
7/4/2026 16:41,15.47,0,0.25,0,-1.35,38.88
7/4/2026 16:41,15.37,0,0.25,0,-1.35,33.9
7/4/2026 16:41,15.11,0,0.25,0,-1.35,37.78
7/4/2026 16:41,14.68,1,0,0,-1.35,23.66
7/4/2026 16:41,14.3,0,0.25,0,-1.35,27.59
7/4/2026 16:41,13.99,1,0,0,-1.35,83.73
7/4/2026 16:41,13.57,1,0,0,-1.35,23.76
7/4/2026 16:41,13.39,1,0,0,-1.35,64.81
7/4/2026 16:41,13.49,0,0.25,0,-1.35,26.29
7/4/2026 16:41,13.73,1,0,0,-1.35,49.8
7/4/2026 16:41,13.76,0,0.25,0,-1.35,24.87
7/4/2026 16:41,13.7,0,0.25,0,-1.35,26.36
7/4/2026 16:41,13.38,1,0,0,-1.35,39.28
7/4/2026 16:41,13.09,1,0,0,-1.35,45.58
7/4/2026 16:41,12.94,1,0,0,-1.35,65.09
7/4/2026 16:41,13,1,0,0,-1.35,30.85
7/4/2026 16:41,13.26,1,0,0,-1.35,60.72
7/4/2026 16:41,13.68,1,0,0,-1.35,32.54
7/4/2026 16:41,14.12,1,0,0,-1.35,60.97
7/4/2026 16:41,14.64,1,0,0,-1.35,100
7/4/2026 16:41,15.07,0,0.25,0,-1.35,38.37
7/4/2026 16:41,15.44,0,0.25,0,-1.35,24.79
7/4/2026 16:41,15.55,0,0.25,0,-1.35,33.97
7/4/2026 16:41,15.35,1,0,0,-1.35,100
7/4/2026 16:41,15.06,1,0,0,-1.35,42.7
7/4/2026 16:41,14.88,0,0.25,0,-1.35,34.52
7/4/2026 16:41,14.9,0,0.25,0,-1.35,37.27
7/4/2026 16:41,14.77,1,0,0,-1.35,92.14
7/4/2026 16:41,14.52,0,0.25,0,-1.35,54.17
7/4/2026 16:41,14.23,1,0,0,-1.35,78.77
7/4/2026 16:41,13.94,0,0.25,0,-1.35,27.75
7/4/2026 16:41,13.66,1,0,0,-1.35,32.09
7/4/2026 16:41,13.39,1,0,0,-1.35,58.82
7/4/2026 16:41,13.22,0,0.25,0,-1.35,28.17
7/4/2026 16:41,13.14,0,0.25,0,-1.35,82.55
7/4/2026 16:41,12.91,1,0,0,-1.35,28.37
7/4/2026 16:41,12.6,1,0,0,-1.35,43.41
7/4/2026 16:41,12.49,0,0.25,0,-1.35,25.67
7/4/2026 16:41,12.54,1,0,0,-1.35,25.61
7/4/2026 16:41,12.49,0,0.25,0,-1.35,27.77
7/4/2026 16:41,12.4,1,0,0,-1.35,100
7/4/2026 16:41,12.22,0,0.25,0,-1.35,24.13
7/4/2026 16:41,12.01,1,0,0,-1.35,37.72
7/4/2026 16:41,11.73,1,0,0,-1.35,100
7/4/2026 16:41,11.61,1,0,0,-1.35,100
7/4/2026 16:41,11.72,1,0,0,-1.35,24.25
7/4/2026 16:41,12.03,1,0,0,-1.35,25.52
7/4/2026 16:41,12.44,1,0,0,-1.35,100
7/4/2026 16:41,12.82,1,0,0,-1.35,100
7/4/2026 16:41,13.33,1,0,0,-1.35,59.94
7/4/2026 16:41,13.81,0,0.25,0,-1.35,30.44
7/4/2026 16:41,14.17,0,0.25,0,-1.35,66.69
7/4/2026 16:41,14.26,1,0,0,-1.35,69.38
7/4/2026 16:41,14.1,1,0,0,-1.35,79.26
7/4/2026 16:41,14.02,1,0,0,-1.35,33.14
7/4/2026 16:41,14.13,1,0,0,-1.35,25.11
7/4/2026 16:41,14.41,0,0.25,0,-1.35,30.37
7/4/2026 16:41,14.74,0,0.25,0,-1.35,70.98
7/4/2026 16:41,14.74,0,0.25,0,-1.35,27.65
7/4/2026 16:41,14.51,1,0,0,-1.35,100
7/4/2026 16:41,14.15,1,0,0,-1.35,74.37
7/4/2026 16:41,13.97,1,0,0,-1.35,43.61
7/4/2026 16:41,14.01,0,0.25,0,-1.35,26.18
7/4/2026 16:41,14.19,1,0,0,-1.35,37.22
7/4/2026 16:41,14.25,1,0,0,-1.35,37.18
7/4/2026 16:41,14.37,1,0,0,-1.35,81.4
7/4/2026 16:41,14.62,1,0,0,-1.35,46.64
7/4/2026 16:41,14.97,1,0,0,-1.35,44.61
7/4/2026 16:41,15.41,1,0,0,-1.35,71.02
7/4/2026 16:41,15.84,1,0,0,-1.35,100
7/4/2026 16:41,16.31,1,0,0.05,-1.35,31.53
7/4/2026 16:41,16.79,1,0,0.1,-1.34,52.72
7/4/2026 16:41,17.21,0,0.25,0.15,-1.31,39.24
7/4/2026 16:41,17.5,0,0.25,0.2,-1.26,25.99
7/4/2026 16:41,17.51,0,0.25,0.25,-1.14,47.96
7/4/2026 16:41,17.17,0,0.25,0.3,-0.96,46.32
7/4/2026 16:41,16.66,0,0.25,0.35,-0.73,40.93
7/4/2026 16:41,15.87,0,0.25,0.4,-0.34,29.54
7/4/2026 16:41,15.1,0,0.25,0.45,0.08,28.75
7/4/2026 16:41,14.15,0,0.25,0.5,0.65,30.28
7/4/2026 16:41,13.21,0,0.25,0.55,-0.72,34.11
7/4/2026 16:41,12.41,1,0,0.55,-0.64,34.76
7/4/2026 16:41,11.49,0,0.25,0.47,-0.5,39.6
7/4/2026 16:41,10.82,1,0,0.39,-0.31,58.68
7/4/2026 16:41,10.38,1,0,0.31,-0.11,55.31
7/4/2026 16:41,10.13,1,0,0.23,0.19,53.08
7/4/2026 16:41,10.23,1,0,0.15,0.52,28.18
7/4/2026 16:41,10.51,1,0,0.07,0.83,100
7/4/2026 16:41,10.95,1,0,-1.17,1.19,92.71
7/4/2026 16:41,11.32,1,0,-1.03,1.46,93.38
7/4/2026 16:41,11.64,1,0,-0.76,1.69,42.84
7/4/2026 16:41,11.84,1,0,-0.3,1.8,46.96
7/4/2026 16:41,12.22,1,0,0.21,1.77,76.68
7/4/2026 16:41,12.7,1,0,0.63,1.63,32.47
7/4/2026 16:41,13.16,0,0.25,0.93,1.37,32.82
7/4/2026 16:41,13.4,1,0,0.95,1.11,29.03
7/4/2026 16:41,13.34,0,0.25,0.73,0.85,29.76
7/4/2026 16:41,13.07,1,0,0.43,0.71,30.92
7/4/2026 16:41,12.74,0,0.25,0.04,0.65,31.06
7/4/2026 16:41,12.64,0,0.25,-0.3,0.69,45.31
7/4/2026 16:41,12.36,0,0.25,-0.45,0.76,68.07
7/4/2026 16:41,11.87,1,0,-0.4,0.83,42.1
7/4/2026 16:41,11.44,1,0,-0.21,0.86,23.98
7/4/2026 16:41,11.24,1,0,0,0.84,80.66
7/4/2026 16:41,11.38,1,0,0.14,0.8,26.38
7/4/2026 16:41,11.6,0,0.25,0.17,0.76,78.72
7/4/2026 16:41,11.88,1,0,0.1,0.75,30.89
7/4/2026 16:41,12.11,1,0,-0.03,0.76,64.78
7/4/2026 16:41,12.34,1,0,-0.08,0.78,27.41
7/4/2026 16:41,12.69,1,0,-0.06,0.79,30.7
7/4/2026 16:41,13.13,0,0.25,0,0.79,24.18
7/4/2026 16:41,13.51,0,0.25,0.04,0.78,49.16
7/4/2026 16:41,13.56,1,0,0.04,0.77,47.21
7/4/2026 16:41,13.38,1,0,0.01,0.76,54.9
7/4/2026 16:41,13.3,0,0.25,-0.01,0.77,57.54
7/4/2026 16:41,13.38,1,0,-0.02,0.77,73.18
7/4/2026 16:41,13.43,1,0,-0.01,0.77,100
7/4/2026 16:41,13.6,1,0,0,0.77,26.72
7/4/2026 16:41,13.94,1,0,0.01,0.77,64.88
7/4/2026 16:41,14.28,0,0.25,0.01,0.77,48.55
7/4/2026 16:41,14.66,1,0,0,0.77,46.66
7/4/2026 16:41,14.8,1,0,0,0.77,61.66
7/4/2026 16:41,15,1,0,0,0.77,44.99
7/4/2026 16:41,15.31,1,0,0,0.77,35.49
7/4/2026 16:41,15.63,0,0.25,0,0.77,40.69
7/4/2026 16:41,15.99,0,0.25,0,0.77,40.82
7/4/2026 16:41,16.08,1,0,0,0.77,38.55
7/4/2026 16:41,15.94,0,0.25,0,0.77,30.09
7/4/2026 16:41,15.65,1,0,0,0.77,35.79
7/4/2026 16:41,15.33,1,0,0,0.77,57.02
7/4/2026 16:41,15.13,0,0.25,0,0.77,50.85
7/4/2026 16:41,15.05,1,0,0,0.77,33.29
7/4/2026 16:41,14.86,1,0,0,0.77,30.75
7/4/2026 16:41,14.87,0,0.25,0,0.77,31.13
7/4/2026 16:41,15.03,1,0,0,0.77,30.04
7/4/2026 16:41,15.05,0,0.25,0.09,0.76,26.7
7/4/2026 16:41,15.01,0,0.25,-0.05,0.7,27.63
7/4/2026 16:41,14.76,1,0,-0.1,0.54,25.61
7/4/2026 16:41,14.47,0,0.25,-0.15,0.34,25.42
7/4/2026 16:41,14.18,1,0,-0.2,0.06,38.68
7/4/2026 16:41,13.83,0,0.25,-0.25,-0.33,39.26
7/4/2026 16:41,13.44,0,0.25,-0.3,0.37,38.22
7/4/2026 16:41,12.95,1,0,-0.35,0.04,35.39
7/4/2026 16:41,12.48,0,0.25,-0.4,-0.41,19.85
7/4/2026 16:41,12.05,1,0,-0.45,-0.9,41.85
7/4/2026 16:41,11.54,1,0,-0.5,-1.5,21.44
7/4/2026 16:41,11.13,0,0.25,-0.55,-2.17,21.1
7/4/2026 16:41,10.87,0,0.25,-0.55,-2.8,21.23
7/4/2026 16:41,10.51,1,0,-0.55,2.41,45.85
7/4/2026 16:41,10.13,1,0,-0.55,1.96,33.56
7/4/2026 16:41,9.82,1,0,-0.55,1.55,60.3
7/4/2026 16:41,9.75,1,0,-0.55,-1.08,36.01
7/4/2026 16:41,9.84,1,0,-0.55,-0.45,27.53
7/4/2026 16:41,10.05,1,0,-0.55,-0.11,42.72
7/4/2026 16:41,10.32,1,0,-0.47,0.17,58.5
7/4/2026 16:41,10.66,0,0.25,-0.39,-0.49,25.29
7/4/2026 16:41,11.03,0,0.25,-0.31,1.1,15.38
7/4/2026 16:41,11.15,1,0,-0.23,1.3,68.83
7/4/2026 16:41,11.09,1,0,-0.15,1.58,34.1
7/4/2026 16:41,11.08,0,1,-0.07,1.92,7.18
7/4/2026 16:41,11.15,0,1,-7.59,2.25,6.35
7/4/2026 16:41,10.91,0,0.25,-5.01,-2.35,15.07
7/4/2026 16:41,10.38,0,1,0.05,-1.52,4.69
7/4/2026 16:41,10.03,0,0.25,0.1,-0.84,13.95
7/4/2026 16:41,9.68,0,0.25,0.15,-0.19,13.01
7/4/2026 16:41,9.26,0,1,0.07,0.59,11.94
7/4/2026 16:41,8.85,0,0.25,-4.71,1.31,10.91
7/4/2026 16:41,8.39,0,1,-4.73,2.05,10.08
7/4/2026 16:41,7.87,0,0.25,-4.63,2.69,10.32
7/4/2026 16:41,0.9,0.27,0,-4.68,2.8,10.45
7/4/2026 16:41,0.39,0.26,0,-4.69,2.81,10.67
7/4/2026 16:41,0.6,0.23,0,-4.65,2.85,9.96
7/4/2026 16:41,0.7,0.17,0,-4.59,2.89,10.35
7/4/2026 16:41,0.64,0.26,0,-4.54,2.94,10.35
7/4/2026 16:41,0.69,0.85,0,-4.48,2.97,16.59
7/4/2026 16:41,0.75,0.67,0,-4.41,3.01,15.75
7/4/2026 16:41,0.93,0.67,0,-4.32,3.07,18.94
7/4/2026 16:41,1.19,0.55,0,-4.21,3.13,19.6
7/4/2026 16:41,1.45,0.4,0,-4.07,3.21,30.04
7/4/2026 16:41,1.66,0.48,0,-3.92,3.3,26.64
7/4/2026 16:41,1.82,0.56,0,-3.66,3.37,26.06
7/4/2026 16:41,2.01,0.64,0,-3.46,3.47,25.01
7/4/2026 16:41,2.24,0.72,0,-3.28,3.56,25.58
7/4/2026 16:41,2.42,0.8,0,-0.05,3.65,23
7/4/2026 16:41,2.7,0.88,0,-0.1,3.74,22.16
7/4/2026 16:41,3.19,0.96,0,-0.15,3.89,22.07
7/4/2026 16:41,3.32,1,0,-0.2,4.07,21.74
7/4/2026 16:41,3.87,1,0,-0.25,4.27,21.44
7/4/2026 16:41,4.33,1,0,-0.17,4.45,20.56
7/4/2026 16:41,4.86,1,0,-0.09,4.66,20.16
7/4/2026 16:41,5.23,1,0,-0.01,4.9,20.29
7/4/2026 16:41,5.78,0.94,0,-0.05,5.12,19.26
7/4/2026 16:41,6.37,0.92,0,-0.09,5.34,18.87
7/4/2026 16:41,6.85,0.87,0,-0.03,5.5,18.29
7/4/2026 16:41,7.22,0,0.25,-0.62,5.63,17.75
7/4/2026 16:41,7.53,0.93,0,-0.59,5.72,21.48
7/4/2026 16:41,7.6,0,0.25,-0.48,5.79,18.16
7/4/2026 16:41,7.48,1,0,-0.28,5.82,79.96
7/4/2026 16:41,7.45,0.85,0,-0.1,5.79,19.79
7/4/2026 16:41,7.51,0,0.25,0.04,5.75,19.37
7/4/2026 16:41,7.6,0,0.25,0.08,5.73,18.77
7/4/2026 16:41,7.51,1,0,0.05,5.72,18.14
7/4/2026 16:41,7.39,0,0.25,0.02,5.72,17.54
7/4/2026 16:41,7.29,0,0.25,0,5.72,17.06
7/4/2026 16:41,7.05,1,0,-0.01,5.73,37.84
7/4/2026 16:41,6.87,1,0,-0.05,5.73,55.27
7/4/2026 16:41,6.83,1,0,-0.1,5.72,38.7
7/4/2026 16:41,6.97,1,0,-0.02,5.71,27.31
7/4/2026 16:41,7.36,1,0,0.07,5.69,27.07
7/4/2026 16:41,7.81,0,0.25,0.06,5.67,13.74
7/4/2026 16:41,8.25,1,0,0.02,5.68,73.85
7/4/2026 16:41,8.47,0,0.25,0,5.68,58.38
7/4/2026 16:41,8.58,1,0,-0.01,5.69,31.77
7/4/2026 16:41,8.53,0,0.25,-0.05,5.69,54.23
7/4/2026 16:41,8.45,1,0,-0.1,5.68,30.47
7/4/2026 16:41,8.3,0,1,-0.02,5.67,9.82
7/4/2026 16:41,8.14,1,0,0.09,5.63,9.2
7/4/2026 16:41,7.95,0,1,0.08,5.62,48.29
7/4/2026 16:41,7.8,1,0,0.04,5.62,27.93
7/4/2026 16:41,7.59,1,0,0.01,5.62,7.43
7/4/2026 16:41,7.56,1,0,-0.01,5.63,63.19
7/4/2026 16:41,7.74,1,0,-0.05,5.63,6.22
7/4/2026 16:41,8.15,1,0,-0.1,5.63,58.84
7/4/2026 16:41,8.57,1,0,-0.15,5.61,25.01
7/4/2026 16:41,9.09,0,1,-0.2,5.56,4.18
7/4/2026 16:41,9.46,1,0,-0.25,5.48,73.85
7/4/2026 16:41,9.59,1,0,-0.3,5.34,100
7/4/2026 16:41,9.67,1,0,-0.35,5.2,57.22
7/4/2026 16:41,9.75,1,0,-0.4,5,100
7/4/2026 16:41,9.99,0,0.25,-0.45,4.78,16.56
7/4/2026 16:41,10.29,0,0.25,-0.5,4.4,17.69
7/4/2026 16:41,10.03,0,0.25,-0.55,4.02,22.76
7/4/2026 16:41,9.72,0,0.25,-0.55,3.49,18.04
7/4/2026 16:41,9.2,1,0,-0.47,3,23.82
7/4/2026 16:41,8.87,1,0,-0.39,2.37,18.47
7/4/2026 16:41,8.81,0,0.25,-0.31,1.75,22.68
7/4/2026 16:41,8.9,0,0.25,-0.23,1.09,21
7/4/2026 16:41,8.85,0,0.25,-0.15,0.47,20.03
7/4/2026 16:41,8.66,0,0.25,-0.1,-0.15,19.33
7/4/2026 16:41,8.37,0,0.25,-0.05,-0.85,18.61
7/4/2026 16:41,8.05,0,0.25,0,-1.5,18.07
7/4/2026 16:41,7.72,0,0.25,0.05,1.36,17.44
7/4/2026 16:41,7.45,0,0.25,0.1,0.87,16.99
7/4/2026 16:41,7.14,0,0.25,0.15,0.32,16.18
7/4/2026 16:41,6.81,0,0.25,0.2,-0.24,15.75
7/4/2026 16:41,6.52,0,0.25,0.25,-0.7,15.3
7/4/2026 16:41,6.25,0,0.25,0.3,-1.11,14.81
7/4/2026 16:41,5.93,0,0.25,0.35,-1.58,14.53
7/4/2026 16:41,5.64,0,0.25,0.4,-1.53,9.65
7/4/2026 16:41,5.39,0.58,0,0.38,-1.23,14.5
7/4/2026 16:41,5.25,0.67,0,0.42,-0.96,15.75
7/4/2026 16:41,5.18,0.66,0,0.47,-0.65,15.2
7/4/2026 16:41,5.27,0.63,0,0.47,-0.39,14.93
7/4/2026 16:41,5.43,0.67,0,0.47,-0.15,15.69
7/4/2026 16:41,5.6,0.85,0,0.47,0.08,18.2
7/4/2026 16:41,5.84,0.82,0,0.47,0.3,17.61
7/4/2026 16:41,6.19,1,0,0.55,0.54,40.46
7/4/2026 16:41,6.48,1,0,0.55,0.73,59.15
7/4/2026 16:41,6.85,1,0,0.47,0.89,33.15
7/4/2026 16:41,7.28,1,0,0.39,1.02,21.7
7/4/2026 16:41,7.91,1,0,0.31,1.16,41.96
7/4/2026 16:41,8.51,1,0,0.23,1.27,52.14
7/4/2026 16:41,9,1,0,0.15,1.34,47.7
7/4/2026 16:41,9.52,1,0,0.07,1.39,33.47
7/4/2026 16:41,10,1,0,-8.81,1.43,49.98
7/4/2026 16:41,10.52,1,0,-8.84,1.48,94.54
7/4/2026 16:41,10.85,1,0,-8.75,1.56,29.11
7/4/2026 16:41,11.1,1,0,-8.51,1.73,25.75
7/4/2026 16:41,11.15,0,0.25,-8.13,-1.5,29.07
7/4/2026 16:41,10.99,1,0,-7.72,-1.12,48.86
7/4/2026 16:41,10.57,0,1,-7.29,-0.66,13.39
7/4/2026 16:41,10.15,1,0,0,-0.21,27.21
7/4/2026 16:41,9.67,1,0,0,0.3,26.75
7/4/2026 16:41,9.67,0,1,-6.03,1.05,7.88
7/4/2026 16:41,9.75,0,1,-5.68,1.85,6.7
7/4/2026 16:41,9.23,0,1,0.05,2.52,5.89
7/4/2026 16:41,8.21,0,1,0.1,3.11,5.71
7/4/2026 16:41,7.03,0,0.25,0.15,3.74,11.17
7/4/2026 16:41,5.9,0,0.25,0.2,4.2,9.99
7/4/2026 16:41,4.77,0,0.25,0.25,4.6,9.72
7/4/2026 16:41,3.55,0.2,0,0.26,4.95,9.22
7/4/2026 16:41,3.11,0.5,0,0.3,5.18,13.51
7/4/2026 16:41,3.14,0.1,0,0.34,5.39,8.65
7/4/2026 16:41,3.13,0,1,0.45,5.62,7.1
7/4/2026 16:41,2.79,0,0.25,0.5,5.84,3.07
7/4/2026 16:41,2.37,0,1,0.55,5.99,2.36
7/4/2026 16:41,1.91,0,1,0.55,6.14,2.22
7/4/2026 16:41,1.4,0,0.25,0.55,6.24,2.16
7/4/2026 16:41,0.66,0,0,0.47,6.31,2.08
7/4/2026 16:41,0.11,0,0,0.47,6.31,2.06
7/4/2026 16:41,0.2,0,0,0.47,6.32,2.1
7/4/2026 16:41,0.24,0,0,0.47,6.33,2.05
7/4/2026 16:41,0.25,0,0,0.47,6.35,2.05
7/4/2026 16:41,0.25,0,0,0.4,6.37,2.03
7/4/2026 16:41,0.24,0,0,0.33,6.38,2.02
7/4/2026 16:41,0.24,0,0,0.26,6.39,2.01
7/4/2026 16:41,0.23,0,0,0.2,6.41,2
7/4/2026 16:41,0.22,0,0,0.13,6.42,1.97
7/4/2026 16:41,0.22,0,0,0.06,6.44,2.03
7/4/2026 16:41,0.08,0,0,-5.68,6.45,1.99
7/4/2026 16:41,0.03,0,0,-5.68,6.45,1.98
7/4/2026 16:41,0.01,0,0,-5.68,6.45,1.95
7/4/2026 16:41,0.01,0,0,-5.68,6.46,2.03
7/4/2026 16:41,0,0,0,-5.67,6.46,1.95
7/4/2026 16:41,0,0,0,-5.67,6.46,2.02
7/4/2026 16:41,0,0,0,-5.67,6.46,1.94
7/4/2026 16:41,0,0,0,-5.67,6.46,1.99
7/4/2026 16:41,0,0,0,-5.67,6.46,1.95
7/4/2026 16:41,0,0,0,-5.67,6.46,1.94
7/4/2026 16:41,0,0,0,-5.67,6.46,2.06
7/4/2026 16:41,0,0,0,-5.67,6.46,1.95
7/4/2026 16:41,0,0,0,-5.67,6.46,1.94
7/4/2026 16:41,0,0,0,-5.67,6.46,1.98
7/4/2026 16:41,0,0,0,-5.67,6.46,1.97
7/4/2026 16:41,0,0,0,-5.67,6.46,1.94
7/4/2026 16:41,0,0,0,-5.67,6.46,1.96
7/4/2026 16:41,0,0,0,-5.67,6.46,1.95
7/4/2026 16:41,0,0,0,-5.67,6.46,1.96
7/4/2026 16:41,0,0,0,-5.67,6.46,1.99
7/4/2026 16:41,0,0,0,-5.67,6.46,1.94
7/4/2026 16:41,0,0,0,-5.67,6.46,1.94
7/4/2026 16:41,0,0,0,-5.67,6.46,1.94
7/4/2026 16:41,0,0,0,-5.67,6.46,2
7/4/2026 16:41,0,0,0,-5.67,6.46,1.95
7/4/2026 16:41,0,0,0,-5.67,6.46,1.95
7/4/2026 16:41,0,0,0,-5.67,6.46,1.95
7/4/2026 16:41,0,0,0,-5.67,6.46,1.95
7/4/2026 16:41,0,0,0,-5.67,6.46,1.96
7/4/2026 16:41,0,0,0,-5.67,6.46,2
7/4/2026 16:41,0,0,0,-5.67,6.46,1.95
7/4/2026 16:41,0,0,0,-5.67,6.46,1.95
7/4/2026 16:41,0,0,0,-5.67,6.46,1.98
7/4/2026 16:41,0,0,0,-5.67,6.46,1.94
7/4/2026 16:41,0,0,0,-5.67,6.46,1.95
7/4/2026 16:41,0,0,0,-5.67,6.46,2.03
7/4/2026 16:41,0,0,0,-5.67,6.46,1.94
7/4/2026 16:41,0,0,0,-5.67,6.46,1.94
7/4/2026 16:41,0,0,0,-5.67,6.46,1.95
7/4/2026 16:41,0,0,0,-5.67,6.46,2.01
7/4/2026 16:41,0,0,0,-5.67,6.46,1.96
7/4/2026 16:41,0,0,0,-5.67,6.46,1.98
7/4/2026 16:41,0,0,0,-5.67,6.46,1.96
7/4/2026 16:41,0,0,0,-5.67,6.46,1.94
7/4/2026 16:41,0,0,0,-5.67,6.46,1.96
7/4/2026 16:41,0,0,0,-5.67,6.46,2
7/4/2026 16:41,0,0,0,-5.67,6.46,1.97
7/4/2026 16:41,0,0,0,-5.67,6.46,1.95
7/4/2026 16:41,0,0,0,-5.67,6.46,1.98
7/4/2026 16:41,0,0,0,-5.67,6.46,1.98
7/4/2026 16:41,0,0,0,-5.67,6.46,1.98
7/4/2026 16:41,0,0,0,-5.67,6.46,1.94
7/4/2026 16:41,0,0,0,-5.67,6.46,1.95
7/4/2026 16:41,0,0,0,-5.67,6.46,1.95
7/4/2026 16:41,0,0,0,-5.67,6.46,2
7/4/2026 16:41,0,0,0,-5.67,6.46,1.97
7/4/2026 16:41,0,0,0,-5.67,6.46,2.03
7/4/2026 16:41,0,0,0,-5.67,6.46,1.95
7/4/2026 16:41,0,0,0,-5.67,6.46,1.95
7/4/2026 16:41,0,0,0,-5.67,6.46,1.94
7/4/2026 16:41,0,0,0,-5.67,6.46,1.96
7/4/2026 16:41,0,0,0,-5.67,6.46,1.94
7/4/2026 16:41,0,0,0,-5.67,6.46,2.02
7/4/2026 16:41,0,0,0,-5.67,6.46,2.01
7/4/2026 16:41,0,0,0,-5.67,6.46,1.94
7/4/2026 16:41,0,0,0,-5.67,6.46,1.95
7/4/2026 16:41,0,0,0,-5.67,6.46,1.96
7/4/2026 16:41,0,0,0,-5.67,6.46,1.97
7/4/2026 16:41,0,0,0,-5.67,6.46,1.95
7/4/2026 16:41,0,0,0,-5.67,6.46,1.97
7/4/2026 16:41,0,0,0,-5.67,6.46,1.95
7/4/2026 16:41,0,0,0,-5.67,6.46,1.95
7/4/2026 16:41,0,0,0,-5.67,6.46,1.95
7/4/2026 16:41,0,0,0,-5.67,6.46,1.96
7/4/2026 16:41,0,0,0,-5.67,6.46,2.02
7/4/2026 16:41,0,0,0,-5.67,6.46,1.95
7/4/2026 16:41,0,0,0,-5.67,6.46,1.94
7/4/2026 16:41,0,0,0,-5.67,6.46,1.94
7/4/2026 16:41,0,0,0,-5.67,6.46,1.95
7/4/2026 16:41,0,0,0,-5.67,6.46,1.95
7/4/2026 16:41,0,0,0,-5.67,6.46,1.94
7/4/2026 16:41,0,0,0,-5.67,6.46,2
7/4/2026 16:41,0,0,0,-5.67,6.46,1.95
7/4/2026 16:41,0,0,0,-5.67,6.46,1.98
7/4/2026 16:41,0,0,0,-5.67,6.46,1.95
7/4/2026 16:41,0,0,0,-5.67,6.46,1.94
7/4/2026 16:41,0,0,0,-5.67,6.46,1.94
7/4/2026 16:41,0,0,0,-5.67,6.46,1.95
7/4/2026 16:41,0,0,0,-5.67,6.46,2.02
7/4/2026 16:41,0,0,0,-5.67,6.46,1.97
7/4/2026 16:41,0,0,0,-5.67,6.46,1.94
7/4/2026 16:42,0,0,0,-5.67,6.46,1.94
7/4/2026 16:48,0.5,0,0,0,0.05,39.8
7/4/2026 16:48,2.32,0,0,0,0.05,43.72
7/4/2026 16:48,1.69,0,0,0,0.05,23.54
7/4/2026 16:48,0.31,0,0,0,0.05,23.69
7/4/2026 16:48,0.1,0,0,0,0.05,23.02
7/4/2026 16:48,0.24,0,0,0,0.05,30.93
7/4/2026 16:48,0.22,0,0,0,0.05,37.92
7/4/2026 16:48,0.16,0,0,0,0.05,27.4
7/4/2026 16:48,0.11,0,0,0,0.05,35.66
7/4/2026 16:48,0.07,0,0,0,0.05,26.81
7/4/2026 16:48,0.05,0,0,0,0.05,36.39
7/4/2026 16:48,0.03,0,0,0,0.05,30.44
7/4/2026 16:48,0.02,0,0,0,0.05,38.66
7/4/2026 16:48,0.01,0,0,0,0.05,35.37
7/4/2026 16:48,0.01,0,0,0,0.05,34.77
7/4/2026 16:48,0,0,0,0,0.05,30.79
7/4/2026 16:48,0,0,0,0,0.05,38.41
7/4/2026 16:48,0,0,0,0,0.05,27.43
7/4/2026 16:48,0,0,0,0,0.05,33.61
7/4/2026 16:48,0,0,0,0,0.05,32.57
7/4/2026 16:48,0,0,0,0,0.05,35.96
7/4/2026 16:48,0,0,0,0,0.05,35.4
7/4/2026 16:48,0,0,0,0,0.05,38.65
7/4/2026 16:48,0,0,0,0,0.05,37.32
7/4/2026 16:48,0,0,0,0,0.05,36.81
7/4/2026 16:48,0,0,0,0,0.05,41.43
7/4/2026 16:48,0,0,0,0,0.05,25.58
7/4/2026 16:48,0,0,0,0,0.05,38.02
7/4/2026 16:48,0,0,0,0,0.05,38.21
7/4/2026 16:48,0,0,0,0,0.05,35.17
7/4/2026 16:48,0,0,0,0,0.05,23.67
7/4/2026 16:48,0,0,0,0,0.05,24.38
7/4/2026 16:48,0,0,0,0,0.05,35.68
7/4/2026 16:48,0,0,0,0,0.05,44.25
7/4/2026 16:48,0,0,0,0,0.05,31.84
7/4/2026 16:48,0,0,0,0,0.05,39.11
7/4/2026 16:48,0,0,0,0,0.05,28.65
7/4/2026 16:48,0,0,0,0,0.05,35.53
7/4/2026 16:48,0,0,0,0,0.05,25.48
7/4/2026 16:48,0,0,0,0,0.05,36.31
7/4/2026 16:48,0,0,0,0,0.05,40.56
7/4/2026 16:48,0,0.08,0,0,0.05,30.63
7/4/2026 16:48,0,0.16,0,0,0.05,33.47
7/4/2026 16:48,0,0.24,0,0,0.05,40.28
7/4/2026 16:48,0,0.32,0,0,0.05,37.93
7/4/2026 16:48,0,0.4,0,0,0.05,28.87
7/4/2026 16:48,0,0.48,0,0,0.05,36.75
7/4/2026 16:48,0,0.56,0,0,0.05,35.32
7/4/2026 16:48,0,0.64,0,0,0.05,27.17
7/4/2026 16:48,0,0.72,0,0,0.05,36.34
7/4/2026 16:48,0,0.8,0,0,0.05,35.96
7/4/2026 16:48,0,0.88,0,0,0.05,39.88
7/4/2026 16:48,0,0.96,0,0,0,37.87
7/4/2026 16:48,1.4,1,0,0,0,29.36
7/4/2026 16:48,2.37,1,0,0,-0.01,26.87
7/4/2026 16:48,2.99,1,0,0,-0.02,35.97
7/4/2026 16:48,3.53,1,0,0,-0.03,34.42
7/4/2026 16:48,4.13,1,0,0,-0.04,37.43
7/4/2026 16:48,4.58,1,0,0,-0.05,35.69
7/4/2026 16:48,5.02,1,0,0,-0.07,36.41
7/4/2026 16:48,5.49,1,0,0,-0.09,35.99
7/4/2026 16:48,5.96,1,0,0,-0.07,36.72
7/4/2026 16:48,6.46,1,0,0,-0.1,34.54
7/4/2026 16:48,6.93,1,0,0,-0.14,26.11
7/4/2026 16:48,7.37,1,0,0,-0.18,37.47
7/4/2026 16:48,7.83,1,0,0,-0.22,31.65
7/4/2026 16:48,8.27,1,0,0,-0.28,30.6
7/4/2026 16:48,8.77,1,0,0,-0.36,32.1
7/4/2026 16:48,9.25,1,0,0,-0.45,27.18
7/4/2026 16:48,9.71,0,0.25,0.47,-0.55,27.49
7/4/2026 16:48,10.11,1,0,0.5,-0.68,30.76
7/4/2026 16:48,10.17,1,0,0.44,-0.77,30.69
7/4/2026 16:48,10.13,1,0,0.31,-0.82,34.2
7/4/2026 16:48,10.31,1,0,0.15,-0.83,29.51
7/4/2026 16:48,10.65,0,0.25,0.05,-0.83,27.6
7/4/2026 16:48,10.84,0,0.25,-0.05,-0.82,29.91
7/4/2026 16:48,11.06,1,0,0,-0.82,39.26
7/4/2026 16:48,10.97,1,0,0.05,-0.83,29.76
7/4/2026 16:48,10.91,0,0.25,0.09,-0.85,28.8
7/4/2026 16:48,10.9,0,0.25,0.1,-0.87,25.87
7/4/2026 16:48,10.78,1,0,0.1,-0.88,29.99
7/4/2026 16:48,10.61,1,0,0.08,-0.89,38.88
7/4/2026 16:48,10.52,1,0,0.07,-0.9,36.84
7/4/2026 16:48,10.61,1,0,0.06,-0.91,37.33
7/4/2026 16:48,10.89,1,0,0.07,-0.92,39.56
7/4/2026 16:48,11.19,1,0,0.07,-0.93,40.52
7/4/2026 16:48,11.58,1,0,0.06,-0.94,28.41
7/4/2026 16:48,12.06,1,0,0.05,-0.95,37.57
7/4/2026 16:48,12.46,1,0,0.1,-0.97,37.29
7/4/2026 16:48,12.87,1,0,0.02,-1,36.26
7/4/2026 16:48,13.34,1,0,0.1,-1.03,28.99
7/4/2026 16:48,13.79,0,0.25,0.11,-1.06,34.22
7/4/2026 16:48,14.15,0,0.25,0.1,-1.1,32.6
7/4/2026 16:48,14.3,0,0.25,0.08,-1.14,32.13
7/4/2026 16:48,14.16,0,0.25,0.07,-1.17,69.68
7/4/2026 16:48,13.88,0,0.25,0.05,-1.19,28.79
7/4/2026 16:48,13.56,1,0,0.07,-1.22,23.34
7/4/2026 16:48,13.24,0,0.25,0.07,-1.25,24.46
7/4/2026 16:48,12.93,0,0.25,0.07,-1.28,34.29
7/4/2026 16:48,12.56,1,0,0.06,-1.3,32.65
7/4/2026 16:48,12.17,1,0,0.04,-1.32,33.3
7/4/2026 16:48,12,1,0,0.03,-1.33,34.32
7/4/2026 16:48,12.04,1,0,0.03,-1.34,41.89
7/4/2026 16:48,12.23,0,0.25,0.05,-1.35,31.35
7/4/2026 16:48,12.46,1,0,0.04,-1.36,40.38
7/4/2026 16:48,12.63,1,0,0.04,-1.37,68.24
7/4/2026 16:48,12.81,1,0,0.04,-1.37,39.3
7/4/2026 16:48,13.08,0,0.25,0.04,-1.39,23.56
7/4/2026 16:48,13.37,0,0.25,0.04,-1.4,57.5
7/4/2026 16:48,13.47,1,0,0.05,-1.41,61.65
7/4/2026 16:48,13.36,1,0,0.05,-1.43,37.96
7/4/2026 16:48,13.27,1,0,0.04,-1.44,39.72
7/4/2026 16:48,13.35,1,0,0.04,-1.46,61.82
7/4/2026 16:48,13.58,1,0,0.04,-1.47,31.93
7/4/2026 16:48,13.97,1,0,0.04,-1.48,42.55
7/4/2026 16:48,14.33,0,0.25,0.05,-1.5,35.81
7/4/2026 16:48,14.63,1,0,0.04,-1.51,62.42
7/4/2026 16:48,14.84,0,0.25,0.04,-1.53,36.47
7/4/2026 16:48,14.94,0,0.25,0.04,-1.55,61.4
7/4/2026 16:48,14.84,1,0,0.04,-1.57,46.11
7/4/2026 16:48,14.61,1,0,0.04,-1.59,34.33
7/4/2026 16:48,14.45,0,0.25,0.05,-1.61,27.33
7/4/2026 16:48,14.41,1,0,0.1,-1.63,38.95
7/4/2026 16:48,14.3,1,0,0.15,-1.64,64.22
7/4/2026 16:48,14.23,0,0.25,0.07,-1.63,40.88
7/4/2026 16:48,14.3,1,0,-0.08,-1.61,51.33
7/4/2026 16:48,14.32,0,0.25,-0.08,-1.6,38.59
7/4/2026 16:48,14.36,1,0,-0.01,-1.6,64.28
7/4/2026 16:48,14.3,1,0,0.07,-1.62,42.79
7/4/2026 16:48,14.27,0,0.25,0.11,-1.65,96.66
7/4/2026 16:48,14.3,1,0,0.1,-1.68,56.53
7/4/2026 16:48,14.29,1,0,0.05,-1.7,58.4
7/4/2026 16:48,14.34,1,0,0.02,-1.71,62.97
7/4/2026 16:48,14.6,1,0,0.01,-1.73,65.67
7/4/2026 16:48,14.87,1,0,-8.98,-1.76,86.45
7/4/2026 16:48,15.17,0,0.25,-8.94,-1.74,100
7/4/2026 16:48,15.38,1,0,-8.8,-1.66,38.14
7/4/2026 16:48,15.29,0,0.25,-8.56,-1.51,42.89
7/4/2026 16:48,14.95,0,0.25,-8.2,-1.27,24.33
7/4/2026 16:48,14.38,0,0.25,-7.87,-0.97,21.73
7/4/2026 16:48,13.59,1,0,-7.49,-0.59,40.01
7/4/2026 16:48,12.53,0,0.25,0,-0.07,25.94
7/4/2026 16:48,11.71,1,0,0,0.45,31.02
7/4/2026 16:48,11.16,1,0,-6.45,0.97,32.37
7/4/2026 16:48,10.79,1,0,-6.15,1.53,35.36
7/4/2026 16:48,10.45,1,0,-5.84,-1.37,29.09
7/4/2026 16:48,10.16,1,0,-5.54,-0.74,27.89
7/4/2026 16:48,9.9,1,0,0,-0.11,33.13
7/4/2026 16:48,9.8,0,1,0,0.51,3.76
7/4/2026 16:48,10.09,0,1,-4.51,1.16,2.86
7/4/2026 16:48,10.2,0,1,-4.21,1.82,30.61
7/4/2026 16:48,9.79,1,0,-3.92,2.47,24.07
7/4/2026 16:48,1.97,1,0,-3.79,2.75,30.69
7/4/2026 16:48,0.27,1,0,-3.77,2.71,100
7/4/2026 16:48,0.86,1,0,-3.73,2.73,100
7/4/2026 16:48,1.35,1,0,-3.65,2.78,100
7/4/2026 16:48,1.57,1,0,-3.61,2.81,100
7/4/2026 16:48,0.04,1,0,-3.62,2.81,100
7/4/2026 16:48,0.05,1,0,-3.63,2.81,31.52
7/4/2026 16:48,0.05,1,0,-3.63,2.81,100
7/4/2026 16:48,0.04,1,0,-3.63,2.81,100
7/4/2026 16:48,0.03,1,0,-3.64,2.81,31.5
7/4/2026 16:48,0.03,1,0,-3.64,2.8,100
7/4/2026 16:48,0.03,1,0,-3.65,2.8,100
7/4/2026 16:48,0.04,1,0,-3.65,2.8,100
7/4/2026 16:48,0.04,1,0,-3.65,2.8,31.66
7/4/2026 16:48,0.04,1,0,-3.66,2.8,100
7/4/2026 16:48,0.04,1,0,-3.66,2.8,100
7/4/2026 16:48,0.04,1,0,-3.66,2.8,30.3
7/4/2026 16:48,0.04,1,0,-3.67,2.8,30.54
7/4/2026 16:48,0.04,1,0,-3.67,2.8,30.95
7/4/2026 16:48,0.04,1,0,-3.68,2.8,31.56
7/4/2026 16:48,0.04,1,0,-3.68,2.8,23.78
7/4/2026 16:48,0.03,1,0,-3.68,2.8,30.56
7/4/2026 16:48,0.03,1,0,-3.68,2.8,100
7/4/2026 16:48,0.04,1,0,-3.69,2.8,23.68
7/4/2026 16:48,0.04,1,0,-3.69,2.8,30.71
7/4/2026 16:48,0.04,1,0,-3.7,2.8,30.97
7/4/2026 16:48,0.04,0,0,-3.7,2.8,30.55
7/4/2026 16:48,0.04,0,0,-3.7,2.8,30.16
7/4/2026 16:48,0.02,0.12,0,-3.71,2.8,30.06
7/4/2026 16:48,0.07,0.24,0,-3.71,2.8,100
7/4/2026 16:48,0.13,0.36,0,-3.72,2.79,100
7/4/2026 16:48,0.2,0.48,0,-3.73,2.78,100
7/4/2026 16:48,0.29,0.6,0,-3.76,2.77,30.15
7/4/2026 16:48,0.42,0.72,0,-3.79,2.76,100
7/4/2026 16:48,0.74,0.84,0,-3.84,2.72,100
7/4/2026 16:48,1.12,0.96,0,-3.92,2.67,100
7/4/2026 16:48,1.45,1,0,-4.02,2.61,29.78
7/4/2026 16:48,1.78,1,0,-4.13,2.54,30.27
7/4/2026 16:48,1.97,1,0,-4.27,2.45,100
7/4/2026 16:48,2.42,0,0,-4.42,2.34,1.92
7/4/2026 16:48,2.8,0,0,-4.59,2.2,1.88
7/4/2026 16:48,2.9,0,0,-4.8,2.05,2.16
7/4/2026 16:48,2.8,1,0,-5.01,1.91,31.13
7/4/2026 16:48,2.58,1,0,-5.21,1.75,25.68
7/4/2026 16:48,2.52,1,0,-5.38,1.62,25.56
7/4/2026 16:48,2.64,1,0,-5.56,1.47,33.27
7/4/2026 16:48,2.91,1,0,-5.78,1.29,35.23
7/4/2026 16:48,3.21,1,0,-5.98,1.11,35.98
7/4/2026 16:48,3.49,1,0,-6.2,0.92,23.46
7/4/2026 16:48,3.82,1,0,-6.45,0.69,24.1
7/4/2026 16:48,4.16,1,0,0,0.43,26.49
7/4/2026 16:48,4.48,1,0,0,0.19,26.03
7/4/2026 16:48,4.75,1,0,0,-0.07,28.36
7/4/2026 16:48,5.01,1,0,0,-0.33,32.59
7/4/2026 16:48,5.35,0,0,0,-0.54,34.68
7/4/2026 16:48,5.76,0,0,-7.45,-0.75,32.11
7/4/2026 16:48,5.87,0,0.08,-7.47,-0.95,24.23
7/4/2026 16:48,5.59,0,0.16,-7.54,-1.16,39.74
7/4/2026 16:48,5.13,0,0.24,-7.67,-1.38,41.17
7/4/2026 16:48,4.61,0,0.32,-7.83,-1.58,21.93
7/4/2026 16:48,4.06,0,0.4,-8.02,-1.76,22.25
7/4/2026 16:48,3.48,0,0.48,-8.27,1.55,77.06
7/4/2026 16:48,3.05,0,0.56,-8.54,1.39,40.59
7/4/2026 16:48,2.73,0,0.64,-8.76,1.27,84.45
7/4/2026 16:48,2.43,0,0.72,-8.94,1.17,54.17
7/4/2026 16:48,2.05,0,0.8,8.86,1.07,100
7/4/2026 16:48,1.54,0,0.88,8.73,1.01,46.94
7/4/2026 16:48,1.12,0,0.96,8.66,0.98,90.11
7/4/2026 16:48,0,1,0,8.64,0.98,100
7/4/2026 16:48,0.01,1,0,8.64,0.98,58.37
7/4/2026 16:48,0.29,1,0,8.64,0.98,100
7/4/2026 16:48,0.76,1,0,8.62,0.96,39.06
7/4/2026 16:48,1.19,1,0,8.58,0.93,52.44
7/4/2026 16:48,1.58,1,0,8.5,0.88,27
7/4/2026 16:48,1.92,1,0,8.39,0.81,73.51
7/4/2026 16:48,2.32,1,0,8.22,0.72,52.21
7/4/2026 16:48,2.75,1,0,8.06,0.59,31.48
7/4/2026 16:48,3.09,1,0,0,0.46,28.95
7/4/2026 16:48,3.64,1,0,0,0.27,28.1
7/4/2026 16:48,4.24,1,0,0,0.06,25.01
7/4/2026 16:48,4.71,1,0,0,-0.15,22.14
7/4/2026 16:48,5.13,1,0,0,-0.31,23.76
7/4/2026 16:48,5.7,0,0,0,-0.54,22.11
7/4/2026 16:48,6.09,0,0,7.45,-0.74,21.88
7/4/2026 16:48,6.28,0,0,7.43,-0.95,21.63
7/4/2026 16:48,6.22,0,0,7.36,-1.19,20.74
7/4/2026 16:48,5.96,0,0,7.22,-1.51,18.48
7/4/2026 16:48,5.65,0,0,-1.95,-1.71,15.98
7/4/2026 16:48,5.52,0,0.25,-2.15,-1.44,15.69
7/4/2026 16:48,5.38,0,0.25,-2.28,-1.14,13.58
7/4/2026 16:48,5.08,0,0,-2.3,-0.85,13.86
7/4/2026 16:48,4.82,0,0,-2.24,-0.6,13.57
7/4/2026 16:48,4.59,0,0,0,-0.43,13.75
7/4/2026 16:48,4.45,0,0,0,-0.24,11.41
7/4/2026 16:48,4.29,0,0,0,-0.06,11.06
7/4/2026 16:48,4.16,0,0,0,0.14,10.81
7/4/2026 16:48,4.05,0,0,0,0.31,14.33
7/4/2026 16:48,3.9,0,0,0,0.52,14.81
7/4/2026 16:48,3.79,0,0,-1.93,0.69,13.82
7/4/2026 16:48,3.68,0,0,-1.92,0.83,13.15
7/4/2026 16:48,3.53,0,0,-1.87,0.96,9.42
7/4/2026 16:48,3.37,0,0,-1.79,1.07,9.17
7/4/2026 16:48,3.18,0,0,-1.64,1.16,14.25
7/4/2026 16:48,2.99,0,0,-1.49,1.2,14.94
7/4/2026 16:48,2.8,0,0,-1.33,1.22,17.14
7/4/2026 16:48,2.69,0,0,-1.14,1.21,19.64
7/4/2026 16:48,2.62,0,0,-0.97,1.18,19.83
7/4/2026 16:48,2.58,0,0,-0.8,1.15,19.43
7/4/2026 16:48,2.57,0,0,-0.64,1.11,22.38
7/4/2026 16:48,2.55,0,0,-0.51,1.08,49.86
7/4/2026 16:48,2.5,0,0,-0.41,1.05,28.89
7/4/2026 16:48,2.45,0,0,-0.32,1.03,43.16
7/4/2026 16:48,2.38,0,0,-0.26,1.02,35.34
7/4/2026 16:48,2.32,0,0,-0.21,1.01,29.83
7/4/2026 16:48,2.26,0,0,-0.17,1,34.99
7/4/2026 16:48,2.2,0,0,-0.14,1,39.45
7/4/2026 16:48,2.13,0,0,-0.12,0.99,100
7/4/2026 16:48,2.07,0,0,-0.1,0.99,100
7/4/2026 16:48,2.01,0,0,-0.09,0.98,29.17
7/4/2026 16:48,1.96,0,0,-0.07,0.98,28.8
7/4/2026 16:48,1.9,0,0,-0.06,0.98,66.1
7/4/2026 16:48,1.85,0,0,-0.05,0.98,66.2
7/4/2026 16:48,1.8,0,0,-0.04,0.98,50.97
7/4/2026 16:48,1.74,0,0,-0.04,0.97,28.89
7/4/2026 16:48,1.69,0,0,-0.03,0.97,42.42
7/4/2026 16:48,1.63,0,0,-0.03,0.97,100
7/4/2026 16:48,1.59,0,0,-0.02,0.97,38.44
7/4/2026 16:48,1.54,0,0,-0.02,0.97,59.5
7/4/2026 16:48,1.5,0,0,-0.02,0.97,24.91
7/4/2026 16:48,1.45,0,0,-0.02,0.97,35.81
7/4/2026 16:48,1.42,0,0,-0.01,0.97,100
7/4/2026 16:48,1.37,0.08,0,-0.01,0.97,25.87
7/4/2026 16:48,1.31,0.16,0,-0.01,0.97,100
7/4/2026 16:48,1.3,0.24,0,-0.01,0.97,30
7/4/2026 16:48,1.34,0.32,0,-0.01,0.97,100
7/4/2026 16:48,1.4,0.4,0,-0.01,0.97,36.83
7/4/2026 16:48,1.51,0.48,0,-0.01,0.97,69.89
7/4/2026 16:48,1.68,0.56,0,-0.01,0.97,58.69
7/4/2026 16:48,1.85,0.64,0,-0.01,0.97,100
7/4/2026 16:48,2.08,0,0,0,0.97,71.99
7/4/2026 16:48,2.32,0,0,0,0.97,44.17
7/4/2026 16:48,2.37,0,0,0,0.97,88.04
7/4/2026 16:48,2.36,0,0.12,0,0.97,38.4
7/4/2026 16:48,2.28,0,0.24,0,0.97,100
7/4/2026 16:48,2.16,0,0.36,0,0.97,49.51
7/4/2026 16:48,2.03,0,0.48,0,0.97,100
7/4/2026 16:48,1.89,0,0.6,0,0.97,74.2
7/4/2026 16:48,1.72,0,0.72,0,0.97,100
7/4/2026 16:48,1,0,0.84,0,0.97,100
7/4/2026 16:48,0,0.96,0,0,0.97,32.03
7/4/2026 16:48,0,1,0,0,0.97,55.02
7/4/2026 16:48,0.05,1,0,0,0.97,56.24
7/4/2026 16:48,0.18,1,0,0,0.97,87.58
7/4/2026 16:48,0.7,1,0,0,0.97,50.36
7/4/2026 16:48,1.31,1,0,0,0.97,56.31
7/4/2026 16:48,1.81,1,0,0,0.97,44.25
7/4/2026 16:48,2.26,1,0,0,0.97,24.28
7/4/2026 16:48,2.73,1,0,0,0.97,35.52
7/4/2026 16:48,3.1,1,0,0,0.97,100
7/4/2026 16:48,3.47,1,0,0,0.97,36.67
7/4/2026 16:48,3.89,1,0,0,0.97,51.17
7/4/2026 16:48,4.24,1,0,0,0.97,24.78
7/4/2026 16:48,4.62,1,0,0,0.97,100
7/4/2026 16:48,4.97,0,0,0,0.97,100
7/4/2026 16:48,5.27,0,0.08,0,0.97,100
7/4/2026 16:48,5.29,0,0.16,0,0.97,36.83
7/4/2026 16:48,5.06,0,0.24,-0.01,0.97,52.1
7/4/2026 16:48,4.6,0,0.32,-0.01,0.97,63.1
7/4/2026 16:48,4.08,0,0.4,-0.01,0.97,86.96
7/4/2026 16:48,3.62,0,0.48,-0.01,0.97,27.19
7/4/2026 16:48,3.08,0,0.56,-0.01,0.97,34.59
7/4/2026 16:48,2.7,0,0.64,-0.02,0.97,100
7/4/2026 16:48,2.36,0,0.72,-0.02,0.97,35.18
7/4/2026 16:48,2.06,0,0.8,-0.02,0.97,48.37
7/4/2026 16:48,1.8,0,0.88,-0.03,0.97,50.59
7/4/2026 16:48,1.57,0,0.96,-0.03,0.97,100
7/4/2026 16:48,1.35,0,1,-0.03,0.97,100
7/4/2026 16:48,1.11,0,1,-0.03,0.97,100
7/4/2026 16:48,0.01,1,0,-0.04,0.97,32.1
7/4/2026 16:48,0,1,0,-0.04,0.97,44.68
7/4/2026 16:48,0.14,1,0,-0.04,0.97,65.37
7/4/2026 16:48,0.59,1,0,-0.04,0.97,54.16
7/4/2026 16:48,1.02,1,0,-0.03,0.97,100
7/4/2026 16:48,1.62,1,0,-0.03,0.97,62.74
7/4/2026 16:48,2.14,1,0,-0.02,0.97,39.38
7/4/2026 16:48,2.6,1,0,-0.02,0.97,34.24
7/4/2026 16:48,3.1,1,0,-0.02,0.97,100
7/4/2026 16:48,3.59,1,0,-0.01,0.97,100
7/4/2026 16:48,4.04,1,0,-0.01,0.97,95.67
7/4/2026 16:48,4.49,1,0,0,0.97,41.87
7/4/2026 16:48,5.06,1,0,0,0.96,100
7/4/2026 16:48,5.54,1,0,0,0.96,25.25
7/4/2026 16:48,6,1,0,0,0.96,100
7/4/2026 16:48,6.46,1,0,0,0.96,28.78
7/4/2026 16:48,6.88,1,0,0,0.96,100
7/4/2026 16:48,7.39,1,0,0,0.96,39.21
7/4/2026 16:48,7.85,1,0,0,0.96,26.9
7/4/2026 16:48,8.42,1,0,0,0.96,26.08
7/4/2026 16:48,8.88,1,1,0,0.96,100
7/4/2026 16:48,9.29,1,1,0,0.96,100
7/4/2026 16:48,9.61,1,1,0,0.96,25.46
7/4/2026 16:48,9.93,1,1,0,0.96,58.07
7/4/2026 16:48,10.2,1,1,0,0.96,100
7/4/2026 16:48,10.51,1,1,0,0.96,100
7/4/2026 16:48,10.75,1,1,0,0.96,100
7/4/2026 16:48,11.02,1,1,0,0.96,100
7/4/2026 16:48,11.29,1,1,0,0.96,98.78
7/4/2026 16:48,11.53,1,1,0,0.96,24.59
7/4/2026 16:48,11.84,1,1,0,0.96,64.78
7/4/2026 16:48,12.08,1,1,0,0.96,85.65
7/4/2026 16:48,12.32,1,1,0,0.96,44.7
7/4/2026 16:48,12.55,0,1,0,0.96,30.16
7/4/2026 16:48,12.75,0,1,0,0.96,39.13
7/4/2026 16:48,12.73,0.78,1,0,0.96,100
7/4/2026 16:48,12.5,0,0.25,0,0.96,100
7/4/2026 16:48,12.21,0.94,0,0,0.96,27.39
7/4/2026 16:48,11.99,0,0.25,0,0.96,23.92
7/4/2026 16:48,11.8,1,0,0,0.96,65.89
7/4/2026 16:48,11.52,0,0.25,0,0.96,28.27
7/4/2026 16:48,11.34,1,0,0.05,0.96,100
7/4/2026 16:48,11.12,1,0,0.1,0.97,48.22
7/4/2026 16:48,10.99,1,0,0.15,0.99,23.31
7/4/2026 16:48,11.04,1,0,0.2,1.03,51.03
7/4/2026 16:48,11.22,1,0,0.25,1.1,38.85
7/4/2026 16:48,11.55,1,0,0.3,1.24,53.57
7/4/2026 16:48,11.84,0,0.25,0.35,1.41,35.16
7/4/2026 16:48,12.06,1,0,0.27,1.62,39.34
7/4/2026 16:48,12.23,1,0,0.19,-1.64,38.7
7/4/2026 16:48,12.44,1,0,0.11,-1.39,24.82
7/4/2026 16:48,12.79,1,0,0.16,-1.09,18.76
7/4/2026 16:48,13.13,0.84,0,0.07,-0.82,25.37
7/4/2026 16:48,13.6,1,0,0,-0.5,36.44
7/4/2026 16:48,13.96,1,0,0,-0.28,39.25
7/4/2026 16:48,14.34,1,0,0,-0.1,33.39
7/4/2026 16:48,14.72,1,0,0,0.04,23.69
7/4/2026 16:48,15.22,1,0,0,0.14,26.28
7/4/2026 16:48,15.76,1,0,0.05,0.11,28.1
7/4/2026 16:48,16.18,0,0.25,0.1,0.03,27.77
7/4/2026 16:48,16.49,0,0.25,0.15,-0.15,30.9
7/4/2026 16:48,16.58,0,0.25,0.2,-0.38,33.21
7/4/2026 16:48,16.39,0,0.25,0.12,-0.66,26.96
7/4/2026 16:48,16.1,0,0.25,0.17,0.87,33.49
7/4/2026 16:48,15.62,0,0.25,0.22,-0.11,34.3
7/4/2026 16:48,15.15,0,0.25,0.14,-0.8,33.48
7/4/2026 16:48,14.7,0,0.25,0.06,-1.43,28.45
7/4/2026 16:48,14.25,0,0.25,0.11,1.46,31.51
7/4/2026 16:48,13.81,1,0,0.16,0.94,68.27
7/4/2026 16:48,13.28,1,0,0.21,0.34,24.94
7/4/2026 16:48,12.99,0,0.25,0.26,-0.07,56.56
7/4/2026 16:48,12.78,0,0.25,0.31,-0.48,24.62
7/4/2026 16:48,12.44,1,0,0.36,-0.83,31.24
7/4/2026 16:48,12.09,0,0.25,0.41,-1.06,29.54
7/4/2026 16:48,11.71,1,0,0.46,-1.23,50.47
7/4/2026 16:48,11.29,1,0,0.51,-1.33,41.24
7/4/2026 16:48,10.84,0,0.25,0.43,-1.34,53.99
7/4/2026 16:48,10.69,1,0,0.35,-1.26,68.57
7/4/2026 16:48,10.61,1,0,0.27,-1.1,34.93
7/4/2026 16:48,10.64,1,0,0.19,-0.89,36.07
7/4/2026 16:48,10.91,1,0,0.11,-0.57,53.54
7/4/2026 16:48,11.25,1,0,0.03,-0.26,47.9
7/4/2026 16:48,11.61,1,0,0,0.06,46.15
7/4/2026 16:48,11.99,0,1,0,0.39,15.51
7/4/2026 16:48,12.42,1,0,-1.37,0.84,50.44
7/4/2026 16:48,12.56,0,0.25,-0.05,1.2,22.71
7/4/2026 16:48,12.68,0,1,-0.1,1.56,48.38
7/4/2026 16:48,12.61,1,0,-0.15,-1.59,24.28
7/4/2026 16:48,12.35,1,0,-0.07,-1.26,37.24
7/4/2026 16:49,12.2,1,0,-1.04,-0.87,32.47
7/4/2026 16:49,12.22,1,0,-0.96,-0.61,41.23
7/4/2026 16:49,12.28,1,0,0,-0.36,29.28
7/4/2026 16:49,12.54,1,0,0,-0.17,33.54
7/4/2026 16:49,12.93,1,0,0,0,42.84
7/4/2026 16:49,13.32,1,0,0,0.16,34.78
7/4/2026 16:49,13.81,0,0.25,0,0.35,39.87
7/4/2026 16:49,14.2,1,0,0,0.51,26.07
7/4/2026 16:49,14.4,0,0.25,-0.43,0.66,34.26
7/4/2026 16:49,14.48,0,0.25,-0.41,0.79,25.85
7/4/2026 16:49,14.28,1,0,-0.32,0.91,46.76
7/4/2026 16:49,13.96,0,0.25,-0.17,0.97,60.36
7/4/2026 16:49,13.7,0,0.25,0.01,0.98,29.15
7/4/2026 16:49,13.37,0,0.25,0.15,0.96,23.5
7/4/2026 16:49,12.98,0,0.25,0.17,0.94,23.18
7/4/2026 16:49,12.5,1,0,0.1,0.93,38.21
7/4/2026 16:49,12.15,1,0,0.01,0.94,41.21
7/4/2026 16:49,11.97,1,0,0.09,0.94,87.29
7/4/2026 16:49,11.96,1,0,0.32,0.88,86.31
7/4/2026 16:49,12.08,1,0,0.53,0.76,57.5
7/4/2026 16:49,12.19,0,0.25,0.75,0.57,25.9
7/4/2026 16:49,12.18,0,0,0,0.39,24.41
7/4/2026 16:49,12.15,0,0.25,0,0.18,26.57
7/4/2026 16:49,12.1,0,0.25,0,-0.04,27.61
7/4/2026 16:49,11.87,0,0.25,0,-0.31,25.07
7/4/2026 16:49,11.52,0,0.25,1.18,-0.7,24.4
7/4/2026 16:49,11.15,0,0.25,1.35,-1.04,24.62
7/4/2026 16:49,10.7,0,0.25,3.2,1,19.43
7/4/2026 16:49,10.12,0,1,0,0.36,18.7
7/4/2026 16:49,8.44,0,1,0,-0.19,17.8
7/4/2026 16:49,6.31,0,1,2.69,-0.69,23.6
7/4/2026 16:49,4.15,0,1,2.61,-1.05,23.38
7/4/2026 16:49,2.42,0,1,2.53,-1.22,24.1
7/4/2026 16:49,0.39,0,1,2.5,-1.3,18.28
7/4/2026 16:49,0,1,0,2.5,-1.3,22.28
7/4/2026 16:49,0,0.98,0,2.5,-1.3,19.79
7/4/2026 16:49,0.15,1,0,2.49,-1.3,19.31
7/4/2026 16:49,0.44,1,0,2.47,-1.31,23.34
7/4/2026 16:49,0.73,1,0,2.42,-1.32,24.25
7/4/2026 16:49,1.22,0.85,0,2.32,-1.34,26.83
7/4/2026 16:49,1.7,0.85,0,2.19,-1.37,18.09
7/4/2026 16:49,2.16,0.84,0,2.03,-1.4,34.11
7/4/2026 16:49,2.51,1,0,1.86,-1.42,22.4
7/4/2026 16:49,2.85,1,0,1.63,-1.44,21.41
7/4/2026 16:49,3.19,1,0,1.43,-1.44,23.92
7/4/2026 16:49,3.65,1,0,1.16,-1.43,51.69
7/4/2026 16:49,4.04,1,0,0.89,-1.4,39.73
7/4/2026 16:49,4.53,1,0,0.61,-1.34,61.52
7/4/2026 16:49,5.02,1,0,0.31,-1.28,32.78
7/4/2026 16:49,5.56,1,0,0.12,-1.21,66.72
7/4/2026 16:49,6.02,1,0,0,-1.16,29.73
7/4/2026 16:49,6.44,0,0,-0.04,-1.14,28.27
7/4/2026 16:49,6.86,0,0,-0.04,-1.12,26.75
7/4/2026 16:49,7.1,0,0,-0.02,-1.12,55.06
7/4/2026 16:49,7.11,0,0,-0.01,-1.13,33.14
7/4/2026 16:49,7,0,0,0,-1.13,100
7/4/2026 16:49,6.86,0,0,0,-1.13,63.19
7/4/2026 16:49,6.65,0,0,0,-1.13,56.81
7/4/2026 16:49,4.93,0,0,0,-1.13,71.12
7/4/2026 16:49,3.49,0,0,0,-1.13,32.64
7/4/2026 16:49,1.92,0,0,0,-1.13,23.17
7/4/2026 16:49,0.9,0,0.08,0,-1.13,100
7/4/2026 16:49,0,0.16,0,0,-1.13,30.85
7/4/2026 16:49,0.06,0.24,0,0,-1.13,54.79
7/4/2026 16:49,0.01,0.32,0,0,-1.13,26.82
7/4/2026 16:49,0.11,0.4,0,0,-1.13,27.86
7/4/2026 16:49,0.23,0.48,0,0,-1.13,24.17
7/4/2026 16:49,0.44,0.56,0,0,-1.13,28.64
7/4/2026 16:49,0.65,0.64,0,0,-1.13,28.19
7/4/2026 16:49,0.92,0.72,0,0,-1.13,49.6
7/4/2026 16:49,1.2,0.8,0,0,-1.13,69.54
7/4/2026 16:49,1.51,0.88,0,0,-1.13,100
7/4/2026 16:49,1.95,0.96,0,0,-1.13,100
7/4/2026 16:49,2.35,1,0,0,-1.13,26.96
7/4/2026 16:49,2.78,1,0,0,-1.13,29.56
7/4/2026 16:49,3.28,1,0,0,-1.13,33.52
7/4/2026 16:49,3.79,1,0,0,-1.13,45.67
7/4/2026 16:49,4.23,1,0,0,-1.13,60.33
7/4/2026 16:49,4.68,1,0,0,-1.13,56.82
7/4/2026 16:49,5.13,1,0,0,-1.13,27.92
7/4/2026 16:49,5.56,1,0,0,-1.13,100
7/4/2026 16:49,6.02,1,0,0,-1.13,100
7/4/2026 16:49,6.47,1,0,0,-1.13,24.1
7/4/2026 16:49,6.99,1,0,0,-1.13,32.15
7/4/2026 16:49,7.48,1,0,0,-1.13,100
7/4/2026 16:49,7.93,0,1,0,-1.13,33.41
7/4/2026 16:49,6.34,0,1,0,-1.13,100
7/4/2026 16:49,4.56,0,1,0,-1.13,100
7/4/2026 16:49,2.76,0,1,0,-1.13,22.1
7/4/2026 16:49,0.67,0,1,0,-1.13,100
7/4/2026 16:49,0,1,0,0,-1.13,29.73
7/4/2026 16:49,0,1,1,0,-1.13,25.04
7/4/2026 16:49,0,1,1,0,-1.13,28.57
7/4/2026 16:49,0,1,0,0,-1.13,100
7/4/2026 16:49,0,1,0,0,-1.13,100
7/4/2026 16:49,0.24,1,0,0,-1.13,53.12
7/4/2026 16:49,0.81,1,0,0,-1.13,44.31
7/4/2026 16:49,1.33,1,0,0,-1.13,100
7/4/2026 16:49,1.84,1,0,0,-1.13,52.99
7/4/2026 16:49,2.33,1,0,0,-1.13,91.35
7/4/2026 16:49,2.81,0,0,0,-1.13,48.8
7/4/2026 16:49,3.24,0,0,0,-1.13,65.16
7/4/2026 16:49,3.48,0,0,0,-1.13,50.05
7/4/2026 16:49,3.51,0,0,0,-1.13,43.94
7/4/2026 16:49,3.47,0,0,0,-1.13,96.37
7/4/2026 16:49,3.38,0.33,0,0,-1.13,69.61
7/4/2026 16:49,3.31,0.41,0,0,-1.13,70.55
7/4/2026 16:49,3.33,0,1,0,-1.13,98.67
7/4/2026 16:49,3.33,0,1,0,-1.13,98.19
7/4/2026 16:49,3.19,0,1,0,-1.13,70.92
7/4/2026 16:49,2.87,0,1,0,-1.13,56.7
7/4/2026 16:49,2.58,0,1,0,-1.13,97.53
7/4/2026 16:49,2.28,0,1,0,-1.13,41.67
7/4/2026 16:49,2,0,1,0,-1.13,29.99
7/4/2026 16:49,1.75,0,1,0,-1.13,48.89
7/4/2026 16:49,1.41,0,1,0,-1.13,54.5
7/4/2026 16:49,1.17,0,1,0,-1.13,28.16
7/4/2026 16:49,0,0,1,0,-1.13,26.31
7/4/2026 16:49,0,0,1,0,-1.13,62.43
7/4/2026 16:49,0,0,0,0,-1.13,30.06
7/4/2026 16:49,0,0.08,0,0,-1.13,96.89
7/4/2026 16:49,0.01,0.16,0,0,-1.13,35.5
7/4/2026 16:49,0.06,0.24,0,0,-1.13,83.44
7/4/2026 16:49,0.02,0.32,0,0,-1.13,96.91
7/4/2026 16:49,0.13,0.4,0,0,-1.13,55.84
7/4/2026 16:49,0.29,0.48,0,0,-1.13,29.66
7/4/2026 16:49,0.46,0.56,0,0,-1.13,41.9
7/4/2026 16:49,0.69,0.64,0,0,-1.13,98.31
7/4/2026 16:49,0.96,0.72,0,0,-1.13,96.74
7/4/2026 16:49,1.3,0.8,0,0,-1.13,76.51
7/4/2026 16:49,1.64,0.88,0,0,-1.13,60.58
7/4/2026 16:49,1.98,0.96,0,0,-1.13,41.95
7/4/2026 16:49,2.36,1,0,0,-1.13,96.4
7/4/2026 16:49,2.8,1,0,0,-1.13,55.79
7/4/2026 16:49,3.25,1,0,0,-1.13,83.82
7/4/2026 16:49,3.7,1,1,0,-1.13,95.65
7/4/2026 16:49,4.11,1,1,0,-1.13,74.55
7/4/2026 16:49,4.5,1,1,0,-1.13,58.78
7/4/2026 16:49,4.77,1,1,0,-1.13,82.43
7/4/2026 16:49,5.08,1,1,0,-1.13,77.72
7/4/2026 16:49,5.33,1,1,0,-1.13,26.64
7/4/2026 16:49,5.6,1,1,0,-1.13,35.34
7/4/2026 16:49,5.81,1,1,0,-1.13,27.57
7/4/2026 16:49,6.07,1,1,0,-1.13,30.46
7/4/2026 16:49,6.38,1,1,0,-1.13,25.01
7/4/2026 16:49,6.66,1,1,0,-1.13,91.9
7/4/2026 16:49,6.91,1,1,-0.05,-1.13,28.56
7/4/2026 16:49,7.19,1,1,-0.1,-1.13,70.7
7/4/2026 16:49,7.4,1,1,-0.15,-1.15,24.57
7/4/2026 16:49,7.68,1,1,-0.2,-1.18,89.97
7/4/2026 16:49,7.93,1,1,-0.25,-1.24,89.57
7/4/2026 16:49,8.13,1,1,-0.3,-1.31,53.5
7/4/2026 16:49,8.33,1,1,-0.35,-1.43,69.29
7/4/2026 16:49,8.52,1,1,-0.4,-1.57,34.36
7/4/2026 16:49,8.69,1,1,-0.45,1.74,47.29
7/4/2026 16:49,8.83,1,1,-0.5,1.52,90.08
7/4/2026 16:49,8.97,1,1,-0.55,1.23,26.77
7/4/2026 16:49,9.1,1,1,-0.55,0.84,24.24
7/4/2026 16:49,9.24,1,1,-0.55,0.4,26.4
7/4/2026 16:49,9.37,1,1,-0.55,0,27.32
7/4/2026 16:49,9.54,0.98,1,-0.47,-0.62,27.6
7/4/2026 16:49,9.72,1,1,-0.55,-1.12,20.53
7/4/2026 16:49,9.84,1,1,-0.55,-1.75,22.36
7/4/2026 16:49,9.93,1,1,-0.55,-1.17,25.63
7/4/2026 16:49,10.03,1,1,-0.47,-0.53,36.21
7/4/2026 16:49,10.22,1,1,-0.39,0.27,74.27
7/4/2026 16:49,10.46,1,1,-0.31,1,29.08
7/4/2026 16:49,10.74,1,1,-0.23,-1.67,14.24
7/4/2026 16:49,10.99,0,1,-0.15,-0.94,13.37
7/4/2026 16:49,11.25,0,1,-0.07,-0.13,10.47
7/4/2026 16:49,11.24,0,1,-0.02,0.69,9.13
7/4/2026 16:49,10.94,0,1,0.03,1.52,11.03
7/4/2026 16:49,10.53,0,1,0.08,-0.93,7.41
7/4/2026 16:49,10.04,0,1,0.13,-0.29,7.16
7/4/2026 16:49,9.62,1,0,0.18,0.22,22.06
7/4/2026 16:49,9.21,1,0,0.23,0.7,21.41
7/4/2026 16:49,9,0,1,0.28,1.12,7.65
7/4/2026 16:49,8.91,0,1,0.33,1.52,5
7/4/2026 16:49,8.64,0,1,0.38,1.91,6.4
7/4/2026 16:49,8.21,0.39,0,0.37,2.21,14.98
7/4/2026 16:49,7.85,0.98,0,0.41,2.44,19.69
7/4/2026 16:49,7.69,1,0,0.4,2.61,20.06
7/4/2026 16:49,7.74,1,0,0.32,2.72,61.27
7/4/2026 16:49,8.05,1,0,0.27,2.78,65.28
7/4/2026 16:49,8.45,1,0,0.22,2.8,39.91
7/4/2026 16:49,8.85,1,0,0.14,2.76,25.12
7/4/2026 16:49,9.26,1,0,0.06,2.69,26.1
7/4/2026 16:49,9.67,1,0,8.47,2.59,23.72
7/4/2026 16:49,10.09,1,0,8.27,2.43,23.97
7/4/2026 16:49,10.43,0.96,0,7.98,2.17,19.42
7/4/2026 16:49,10.6,0.67,0,7.64,1.84,15.54
7/4/2026 16:49,10.62,0,1,7.17,1.36,12.79
7/4/2026 16:49,10.34,0,1,6.69,0.78,10.28
7/4/2026 16:49,9.71,0,1,-0.05,0.17,7.77
7/4/2026 16:49,8.88,0,1,-0.1,-0.53,6.55
7/4/2026 16:49,8.55,0,1,-0.15,-1.06,5.63
7/4/2026 16:49,8.16,0,1,-0.2,-1.69,5.02
7/4/2026 16:49,7.67,0,1,-0.25,-1.3,4.27
7/4/2026 16:49,7.08,0,1,-0.3,-0.73,3.75
7/4/2026 16:49,6.61,0,1,-0.35,-0.29,3.37
7/4/2026 16:49,6.17,0,1,-0.4,0.1,3.22
7/4/2026 16:49,5.75,0,1,-0.45,0.44,2.89
7/4/2026 16:49,5.29,0,1,-0.5,0.77,2.67
7/4/2026 16:49,4.91,0,1,-0.55,1.02,2.37
7/4/2026 16:49,4.43,0,1,-0.55,1.3,2.28
7/4/2026 16:49,4.07,0,1,-0.55,1.49,2.25
7/4/2026 16:49,3.73,0,1,-0.55,1.65,2.18
7/4/2026 16:49,3.41,0,1,-0.55,1.78,2.09
7/4/2026 16:49,3.13,0,1,-0.55,1.88,2.14
7/4/2026 16:49,2.82,0,1,-0.55,1.98,2.35
7/4/2026 16:49,2.49,0,1,-0.55,2.07,2.16
7/4/2026 16:49,2.14,0,1,-0.55,2.14,2.19
7/4/2026 16:49,1.76,0,0,-0.47,2.2,2.41
7/4/2026 16:49,0.42,0,0,-0.47,2.23,2.39
7/4/2026 16:49,0.1,0,0,-0.47,2.23,2.52
7/4/2026 16:49,0.21,0,0,-0.47,2.23,2.25
7/4/2026 16:49,0.25,0,0,-0.47,2.24,2.47
7/4/2026 16:49,0.26,0,0,-0.47,2.25,2.28
7/4/2026 16:49,0.26,0,0,-0.47,2.25,2.42
7/4/2026 16:49,0.25,0,0,-0.47,2.26,2.56
7/4/2026 16:49,0.24,0,0,-0.47,2.27,2.6
7/4/2026 16:49,0.24,0,0,-0.47,2.27,2.59
7/4/2026 16:49,0.23,0,0,-0.47,2.28,2.61
7/4/2026 16:49,0.22,0,0,-0.47,2.28,2.41
7/4/2026 16:49,0.22,0,0,-0.47,2.29,2.4
7/4/2026 16:49,0.21,0,0,-0.47,2.29,2.53
7/4/2026 16:49,0.2,0,0,-0.47,2.3,2.49
7/4/2026 16:49,0.2,0,0,-0.47,2.3,2.61
7/4/2026 16:49,0.19,0,0,-0.47,2.31,2.74
7/4/2026 16:49,0.19,0,0,-0.47,2.31,2.58
7/4/2026 16:49,0.18,0,0,-0.47,2.32,2.57
7/4/2026 16:49,0.17,0,0,-0.47,2.32,2.47
7/4/2026 16:49,0.17,0,0,-0.47,2.33,2.48
7/4/2026 16:49,0.17,0,0,-0.47,2.33,2.48
7/4/2026 16:49,0,0,0,-0.47,2.33,2.54
7/4/2026 16:49,0,0,0,-0.47,2.33,2.7
7/4/2026 16:49,0,0,0,-0.47,2.33,2.57
7/4/2026 16:49,0,0,0,-0.47,2.33,2.48
7/4/2026 16:49,0,0,0,-0.47,2.33,2.67
7/4/2026 16:49,0,0,0,-0.47,2.33,2.66
7/4/2026 16:49,0,0,0,-0.47,2.33,2.56
7/4/2026 16:49,0,0,0,-0.47,2.33,2.52
7/4/2026 16:49,0,0,0,-0.47,2.33,2.66
7/4/2026 16:49,0,0,0,-0.39,2.33,2.56
7/4/2026 16:49,0,0,0,-0.31,2.33,2.69
7/4/2026 16:49,0,0,0,-0.2,2.33,2.53
7/4/2026 16:49,0,0,0,-0.13,2.33,2.54
7/4/2026 16:49,0,0,0,-0.06,2.33,2.67
7/4/2026 16:49,0,0,0,-1.63,2.33,2.34
7/4/2026 16:49,0,0,0,-1.63,2.33,2.56
7/4/2026 16:49,0,0,0,-0.04,2.33,2.69
7/4/2026 16:49,0,0,0,-0.09,2.33,2.47
7/4/2026 16:49,0,0,0,-0.13,2.33,2.67
7/4/2026 16:49,0,0,0,-0.17,2.33,2.52
7/4/2026 16:49,0,0,0,-0.21,2.33,2.52
7/4/2026 16:49,0,0,0,-0.26,2.33,2.72
7/4/2026 16:49,0,0,0,-0.3,2.33,2.61
7/4/2026 16:49,0,0,0,-0.34,2.33,2.56
7/4/2026 16:49,0,0,0,-0.38,2.33,2.51
7/4/2026 16:49,0,0,0,-0.42,2.33,2.48
7/4/2026 16:49,0,0,0,-0.36,2.33,2.47
7/4/2026 16:49,0,0,0,-0.34,2.33,2.56
7/4/2026 16:49,0,0,0,-0.26,2.33,2.7
7/4/2026 16:49,0,0,0,-0.18,2.33,2.71
7/4/2026 16:49,0,0,0,-0.08,2.33,3.11
7/4/2026 16:49,0,0,0,-0.02,2.33,2.67
7/4/2026 16:49,0,0,0,-1.63,2.33,2.54
7/4/2026 16:49,0,0,0,-1.63,2.33,2.47
7/4/2026 16:49,0,0,0,-1.63,2.33,2.64
7/4/2026 16:49,0,0,0,-1.63,2.33,2.68
7/4/2026 16:49,0,0,0,-1.63,2.33,2.57
7/4/2026 16:49,0,0,0,-1.63,2.33,2.52
7/4/2026 16:49,0,0,0,-1.63,2.33,2.55
7/4/2026 16:49,0,0,0,-1.63,2.33,2.58
7/4/2026 16:49,0,0,0,-1.63,2.33,2.52
7/4/2026 16:49,0,0,0,-1.63,2.33,2.47
7/4/2026 16:49,0,0,0,-1.63,2.33,2.53
7/4/2026 16:49,0,0,0,-1.63,2.33,2.54
7/4/2026 16:49,0,0,0,-1.63,2.33,2.53
7/4/2026 16:49,0,0,0,-1.63,2.33,2.65
7/4/2026 16:49,0,0,0,-1.63,2.33,2.53
7/4/2026 16:49,0,0,0,-1.63,2.33,2.55
7/4/2026 16:49,0,0,0,-1.63,2.33,2.47
7/4/2026 16:49,0,0,0,-1.63,2.33,2.63
7/4/2026 16:49,0,0,0,0.04,2.33,2.7
7/4/2026 16:49,0,0,0,0.09,2.33,2.59
7/4/2026 16:49,0,0,0,0.13,2.33,2.45
7/4/2026 16:49,0,0,0,0.17,2.33,2.64
7/4/2026 16:49,0,0,0,0.21,2.33,2.68
7/4/2026 16:49,0,0,0,0.26,2.33,2.81
7/4/2026 16:49,0,0,0,0.3,2.33,2.52
7/4/2026 16:49,0,0,0,0.34,2.33,2.67
7/4/2026 16:49,0,0,0,0.38,2.33,2.56
7/4/2026 16:49,0,0,0,0.42,2.33,2.68
7/4/2026 16:49,0,0,0,0.47,2.33,2.7
7/4/2026 16:49,0,0,0,0.47,2.33,2.54
7/4/2026 16:49,0,0,0,0.47,2.33,2.68
7/4/2026 16:49,0,0,0,0.47,2.33,2.68
7/4/2026 16:49,0,0,0,0.47,2.33,2.67
7/4/2026 16:49,0,0,0,0.47,2.33,2.7
7/4/2026 16:49,0,0,0,0.4,2.33,2.54
7/4/2026 16:49,0,0,0,0.33,2.33,2.64
7/4/2026 16:49,0,0,0,0.26,2.33,2.69
7/4/2026 16:49,0,0,0,0.2,2.33,2.67
7/4/2026 16:49,0,0,0,0.15,2.33,2.58
7/4/2026 16:49,0,0,0,0.06,2.33,2.64
7/4/2026 16:49,0,0,0,-1.63,2.33,2.48
7/4/2026 16:49,0,0,0,-1.63,2.33,2.53
7/4/2026 16:49,0,0,0,-1.63,2.33,3.11
7/4/2026 16:49,0,0,0,-1.63,2.33,2.52
7/4/2026 16:49,0,0,0,-1.63,2.33,2.53
7/4/2026 16:49,0,0,0,-1.63,2.33,2.68
7/4/2026 16:49,0,0,0,-1.63,2.33,2.56
7/4/2026 16:49,0,0,0,-1.63,2.33,2.48
7/4/2026 16:56,0.44,0,0,0,-0.06,62.56
7/4/2026 16:56,2.74,0,0,0,-0.06,67.49
7/4/2026 16:56,0.92,0,0,0,-0.06,32.08
7/4/2026 16:56,0.12,0,0,0,-0.06,62.59
7/4/2026 16:56,0.22,0,0,0,-0.06,31.23
7/4/2026 16:56,0.24,0,0,0,-0.06,45.34
7/4/2026 16:56,0.2,0,0,0,-0.06,51.03
7/4/2026 16:56,0.15,0,0,0,-0.06,30.87
7/4/2026 16:56,0.11,0,0,0,-0.06,62.67
7/4/2026 16:56,0.07,0,0,0,-0.06,33.51
7/4/2026 16:56,0.05,0,0,0,-0.06,62.57
7/4/2026 16:56,0.03,0,0,0,-0.06,67.52
7/4/2026 16:56,0.02,0,0,0,-0.06,45.75
7/4/2026 16:56,0.01,0,0,0,-0.06,51
7/4/2026 16:56,0.01,0,0,0,-0.06,63.31
7/4/2026 16:56,0.01,0,0,0,-0.06,25.04
7/4/2026 16:56,0,0,0,0,-0.06,32.89
7/4/2026 16:56,0,0,0,0,-0.06,67.49
7/4/2026 16:56,0,0,0,0,-0.06,25.95
7/4/2026 16:56,0,0,0,0,-0.06,62.7
7/4/2026 16:56,0,0,0,0,-0.06,67.5
7/4/2026 16:56,0,0,0,0,-0.06,26.09
7/4/2026 16:56,0,0,0,0,-0.06,62.57
7/4/2026 16:56,0,0.08,0,0,-0.06,45.88
7/4/2026 16:56,0,0.16,0,0,-0.06,62.55
7/4/2026 16:56,0,0.24,0,0,-0.06,32.32
7/4/2026 16:56,0,0.32,0,0,-0.06,62.85
7/4/2026 16:56,0,0.4,0,0,-0.06,67.49
7/4/2026 16:56,0,0.48,0,0,-0.06,23.27
7/4/2026 16:56,0,0.56,0,0,-0.06,44.67
7/4/2026 16:56,0,0.64,0,0,-0.06,35.64
7/4/2026 16:56,0,0.72,0,0,-0.06,62.72
7/4/2026 16:56,0,0.8,0,0,-0.06,51.36
7/4/2026 16:56,0,0.88,0,0,-0.06,50.68
7/4/2026 16:56,0,0.96,0,0,-0.06,45.87
7/4/2026 16:56,1.21,1,0,0,-0.06,45.08
7/4/2026 16:56,2.16,1,0,0,-0.06,62.44
7/4/2026 16:56,2.93,1,0,0,-0.06,62.22
7/4/2026 16:56,3.47,1,0,0,-0.06,44.82
7/4/2026 16:56,4.06,1,0,0,-0.06,66.59
7/4/2026 16:56,4.54,1,0,0,-0.06,66.29
7/4/2026 16:56,4.98,1,0,0,-0.06,61.05
7/4/2026 16:56,5.44,1,0,0,-0.06,60.67
7/4/2026 16:56,5.9,1,0,0,-0.06,39.11
7/4/2026 16:56,6.22,1,0,0,-0.06,59.98
7/4/2026 16:56,6.79,1,0,0,-0.06,59.47
7/4/2026 16:56,7.22,1,0,0,-0.06,36.36
7/4/2026 16:56,7.67,1,0,0,-0.06,58.49
7/4/2026 16:56,8.13,1,0,0,-0.06,58.02
7/4/2026 16:56,8.55,1,0,0,-0.06,47.25
7/4/2026 16:56,8.97,1,0,0,-0.06,100
7/4/2026 16:56,9.4,1,0,0,-0.06,44.56
7/4/2026 16:56,9.84,1,0,0,-0.06,38.17
7/4/2026 16:56,10.29,1,0,0,-0.06,54.99
7/4/2026 16:56,10.73,1,0,0,-0.06,36.79
7/4/2026 16:56,11.15,1,0,0,-0.06,41.9
7/4/2026 16:56,11.59,1,0,0,-0.06,52.78
7/4/2026 16:56,12.02,0,0.25,0,-0.06,31.44
7/4/2026 16:56,12.45,1,0,0,-0.06,25.23
7/4/2026 16:56,12.6,1,0,0,-0.06,50.1
7/4/2026 16:56,12.72,1,0,0,-0.06,100
7/4/2026 16:56,12.95,1,0,0,-0.06,30.99
7/4/2026 16:56,13.2,1,0,0,-0.06,47.51
7/4/2026 16:56,13.51,0,0.25,0,-0.06,29.93
7/4/2026 16:56,13.87,0,0,0,-0.06,37.96
7/4/2026 16:56,14.01,0,0.25,0,-0.06,33.36
7/4/2026 16:56,13.92,0,0.24,0,-0.06,39.94
7/4/2026 16:56,13.68,0,0.36,0,-0.06,43.35
7/4/2026 16:56,13.36,0,0.48,0,-0.06,41.82
7/4/2026 16:56,12.9,0,0.6,0,-0.06,24.37
7/4/2026 16:56,12.47,0,0.72,0,-0.06,23.64
7/4/2026 16:56,12,0,0.84,0,-0.06,22.63
7/4/2026 16:56,11.56,0,0.96,0,-0.09,23.02
7/4/2026 16:56,11.08,0,1,0,-0.06,37.94
7/4/2026 16:56,10.57,0,1,0,-0.04,37.28
7/4/2026 16:56,10.08,0,1,0,0.04,22.01
7/4/2026 16:56,9.73,0,1,0,0.1,23.77
7/4/2026 16:56,9.12,0,1,-0.05,0.2,23.79
7/4/2026 16:56,8.68,0,1,-0.1,0.29,34.74
7/4/2026 16:56,8.23,0,1,-0.15,0.37,34.17
7/4/2026 16:56,7.79,0,1,-0.2,0.46,33.63
7/4/2026 16:56,7.34,0,1,-0.25,0.53,16.34
7/4/2026 16:56,6.89,0,1,-0.3,0.59,25.22
7/4/2026 16:56,6.44,0,1,-0.35,0.63,20.93
7/4/2026 16:56,6.03,0,1,-0.4,0.64,32.89
7/4/2026 16:56,5.61,0,1,-0.45,0.64,31.77
7/4/2026 16:56,5.21,0,1,-0.5,-0.46,32.33
7/4/2026 16:56,4.82,0,1,-0.55,-0.19,33.6
7/4/2026 16:56,4.44,0,1,-0.55,0.07,32.74
7/4/2026 16:56,4.11,0,1,-0.55,0.28,38.12
7/4/2026 16:56,3.78,0,1,-0.55,0.09,16.59
7/4/2026 16:56,3.47,0,1,-0.55,-0.09,15.82
7/4/2026 16:56,3.14,0,1,-0.55,0.22,21.28
7/4/2026 16:56,2.85,0.08,0,-0.55,0.15,35.17
7/4/2026 16:56,2.65,0.16,0,-0.55,0.09,34.7
7/4/2026 16:56,2.59,0.24,0,-0.55,-0.07,38.96
7/4/2026 16:56,2.59,0.32,0,-0.55,-0.12,38.82
7/4/2026 16:56,2.63,0.4,0,-0.55,-0.18,58.39
7/4/2026 16:56,2.69,0.48,0,-0.55,-0.26,25.93
7/4/2026 16:56,2.8,0.56,0,-0.55,-0.37,21.31
7/4/2026 16:56,2.94,0.64,0,-0.55,-0.47,25.67
7/4/2026 16:56,3.13,0.72,0,-0.55,-0.59,25.23
7/4/2026 16:56,3.34,0.8,0,-0.55,0.68,51.92
7/4/2026 16:56,3.59,0.88,0,-0.47,0.58,35.87
7/4/2026 16:56,3.93,0.96,0,-0.39,0.46,62.84
7/4/2026 16:56,4.3,1,0,-0.31,0.33,28.71
7/4/2026 16:56,4.69,1,0,-0.23,0.22,38.25
7/4/2026 16:56,5.14,1,0,-0.15,0.03,28.83
7/4/2026 16:56,5.57,1,0,-0.07,-0.14,56.7
7/4/2026 16:56,6.01,1,0,0,-0.29,26.56
7/4/2026 16:56,6.44,1,0,0,-0.43,57.51
7/4/2026 16:56,6.89,1,0,0.93,-0.59,35.03
7/4/2026 16:56,7.31,1,0,0.82,-0.73,57.11
7/4/2026 16:56,7.65,1,0,7.74,0.79,33.86
7/4/2026 16:56,7.95,1,0,0,0.5,23.86
7/4/2026 16:56,8.37,1,0,0,0.2,22.51
7/4/2026 16:56,8.82,1,0,0,-0.13,46.48
7/4/2026 16:56,9.25,1,0,0,-0.46,45.72
7/4/2026 16:56,9.71,1,0,-0.31,-0.8,21.51
7/4/2026 16:56,10.13,1,0,-0.42,-0.73,44.4
7/4/2026 16:56,10.44,0,0.25,-0.46,-0.64,20.22
7/4/2026 16:56,10.63,0,0.25,-0.44,-0.58,19.6
7/4/2026 16:56,10.63,1,0,0,-0.53,28.31
7/4/2026 16:56,10.6,1,0,0,-0.5,59.5
7/4/2026 16:56,10.6,1,0,0,-0.47,29.86
7/4/2026 16:56,10.69,1,0,0,-0.4,59.09
7/4/2026 16:56,10.92,1,0,0,-0.3,59.16
7/4/2026 16:56,11.25,0,0.25,0,-0.2,24.74
7/4/2026 16:56,11.56,0,0.25,0,-0.06,23.34
7/4/2026 16:56,11.67,0,0.25,0,0.18,22.59
7/4/2026 16:56,11.56,0,0.25,0,0.4,20.96
7/4/2026 16:56,11.35,1,0,-0.05,0.61,21.02
7/4/2026 16:56,11.12,1,0,-0.1,0.81,28.9
7/4/2026 16:56,10.96,1,0,-0.15,1,20.27
7/4/2026 16:56,10.96,0,0.25,-0.2,1.17,18.83
7/4/2026 16:56,11.05,0,0.25,-0.25,1.32,18.93
7/4/2026 16:56,11,0,0.25,-0.3,1.43,48.68
7/4/2026 16:56,10.78,0,0.25,-0.35,1.5,23.58
7/4/2026 16:56,10.44,0,0.25,-0.4,1.52,22.82
7/4/2026 16:56,10.05,0,0.25,-0.45,1.49,32.69
7/4/2026 16:56,9.62,1,0,-0.5,1.41,42.66
7/4/2026 16:56,9.23,1,0,-0.42,1.27,33.69
7/4/2026 16:56,9.04,1,0,-0.34,1.08,58.07
7/4/2026 16:56,9.1,1,0,-0.26,0.86,59.54
7/4/2026 16:56,9.35,1,0,-0.18,0.61,59.55
7/4/2026 16:56,9.68,1,0,-0.1,0.33,47.48
7/4/2026 16:56,10.09,1,0,-0.02,0.01,46.87
7/4/2026 16:56,10.5,1,0,0,-0.31,24.49
7/4/2026 16:56,10.94,1,0,1.29,-0.65,60.07
7/4/2026 16:56,11.38,1,0,1.21,-0.99,44.36
7/4/2026 16:56,11.68,1,0,1.06,-1.27,43.61
7/4/2026 16:56,11.89,1,0,0.77,-1.53,32.17
7/4/2026 16:56,11.95,1,0,0.43,-1.65,52.95
7/4/2026 16:56,12.1,1,0,0.03,-1.68,30
7/4/2026 16:56,12.66,0,0.25,-0.39,-1.61,22.07
7/4/2026 16:56,13.06,0,0.25,-0.63,-1.48,47.26
7/4/2026 16:56,13.12,0,0.25,-0.05,-1.35,42.23
7/4/2026 16:56,13,0,0.25,-0.1,-1.21,41.75
7/4/2026 16:56,12.75,1,0,-0.15,-1.02,45.43
7/4/2026 16:56,12.51,1,0,-0.2,-0.87,45
7/4/2026 16:56,12.29,0,0.25,-0.25,-0.72,20.49
7/4/2026 16:56,12.09,1,0,-0.3,-0.57,100
7/4/2026 16:56,11.84,1,0,-0.35,-0.48,44.03
7/4/2026 16:56,11.61,0,0.25,-0.4,-0.43,44.03
7/4/2026 16:56,11.44,1,0,-0.45,-0.41,43.61
7/4/2026 16:56,11.24,1,0,-0.5,-0.45,30.58
7/4/2026 16:56,11.04,1,0,-0.55,-0.54,30.24
7/4/2026 16:56,10.95,1,0,-0.47,-0.68,32.32
7/4/2026 16:56,11.07,1,0,-0.39,-0.9,44.88
7/4/2026 16:56,11.32,1,0,-0.31,-1.16,73.68
7/4/2026 16:56,11.66,1,0,-0.23,-1.48,54.99
7/4/2026 16:56,12.04,1,0,-0.15,-1.66,47.22
7/4/2026 16:56,12.5,1,0,-0.07,-1.2,35.7
7/4/2026 16:56,12.94,1,0,-7.3,-0.74,69.23
7/4/2026 16:56,13.34,1,0,0,-0.22,24.68
7/4/2026 16:56,13.74,0,0.25,0,0.35,23.78
7/4/2026 16:56,14.22,0,0.25,-7.18,1.01,27.4
7/4/2026 16:56,14.29,1,0,-7.2,1.54,21.69
7/4/2026 16:56,14.09,1,0,-7.19,-1.42,47.15
7/4/2026 16:56,13.76,1,0,-7.08,-0.82,100
7/4/2026 16:56,13.45,1,0,0,-0.31,47.88
7/4/2026 16:56,13.37,0,1,0,0.43,4.33
7/4/2026 16:56,13.62,0,0.25,-6.47,1.06,17.61
7/4/2026 16:56,13.69,0,1,-6.37,1.76,16.73
7/4/2026 16:56,13.3,0,1,0.05,2.6,16.04
7/4/2026 16:56,12.88,0,1,0.1,3.42,15.14
7/4/2026 16:56,4.14,0.6,0,0.13,3.82,14.67
7/4/2026 16:56,3.18,0.59,0,0.17,4.02,14.75
7/4/2026 16:56,1.7,0.58,0,0.1,4.19,14.48
7/4/2026 16:56,1.13,0.57,0,0.03,4.28,13.41
7/4/2026 16:56,1.36,0.56,0,-6.95,4.34,13.29
7/4/2026 16:56,1.73,0.48,0,-6.94,4.43,13.26
7/4/2026 16:56,1.97,0.55,0,-6.92,4.52,14.09
7/4/2026 16:56,2,0,0,-6.89,4.64,13.95
7/4/2026 16:56,2.13,0,0,-6.82,4.75,13.85
7/4/2026 16:56,2.11,0,0,-6.73,4.87,13.69
7/4/2026 16:56,2.04,0,0,-6.61,4.99,13.76
7/4/2026 16:56,1.97,0.48,0,-6.48,5.12,13.82
7/4/2026 16:56,1.92,0.54,0,-6.33,5.24,14
7/4/2026 16:56,1.97,0.52,0,-6.16,5.37,13.77
7/4/2026 16:56,2.08,0.54,0,-6.02,5.5,14.02
7/4/2026 16:56,2.22,0.55,0,-5.86,5.63,14.2
7/4/2026 16:56,2.42,0.56,0,0.04,5.81,14.49
7/4/2026 16:56,2.54,0.65,0,0.09,5.97,14.82
7/4/2026 16:56,2.86,0.63,0,0.13,6.17,15.25
7/4/2026 16:56,3.1,0.62,0,0.17,6.36,14.93
7/4/2026 16:56,3.31,0.62,0,0.21,6.57,15.03
7/4/2026 16:56,3.58,0.6,0,0.26,6.82,15.26
7/4/2026 16:56,3.82,0.53,0,0.3,7.06,14.01
7/4/2026 16:56,4.03,0.48,0,0.34,7.31,13.26
7/4/2026 16:56,4.2,0.43,0,0.38,7.55,12.56
7/4/2026 16:56,4.37,0.4,0,0.42,7.84,12.2
7/4/2026 16:56,4.47,0.37,0,0.47,8.08,11.84
7/4/2026 16:56,4.54,0,0.25,0.55,8.3,10.97
7/4/2026 16:56,4.52,0,0.25,0.55,8.5,10.69
7/4/2026 16:56,4.4,0,0.25,0.55,8.7,10.14
7/4/2026 16:56,4.25,0,0.25,0.55,8.87,9.74
7/4/2026 16:56,4.09,0,0.25,0.55,9.01,9.24
7/4/2026 16:56,3.89,0,0.25,0.55,9.15,9.04
7/4/2026 16:56,3.73,0,0.25,0.55,9.26,8.67
7/4/2026 16:56,3.57,0,0.25,0.55,9.33,8.42
7/4/2026 16:56,3.43,0,0.25,0.55,9.4,8.21
7/4/2026 16:56,3.27,0,0.25,0.55,9.45,8.09
7/4/2026 16:56,3.13,0.07,0,0.47,9.49,7.94
7/4/2026 16:56,3.07,0,0.25,0.55,9.52,7.81
7/4/2026 16:56,2.95,0,0.25,0.55,9.54,7.18
7/4/2026 16:56,2.81,0,0.25,0.55,9.56,6.69
7/4/2026 16:56,2.67,0,0,0.47,9.56,6.51
7/4/2026 16:56,2.61,0,0,0.47,9.55,6.37
7/4/2026 16:56,2.54,0,0,0.47,9.55,6.22
7/4/2026 16:56,2.47,0,0,0.47,9.54,6.21
7/4/2026 16:56,2.39,1,0,0.47,9.52,7.12
7/4/2026 16:56,2.33,0,0,0.33,9.5,6.99
7/4/2026 16:56,2.35,1,0,0.31,9.48,38.1
7/4/2026 16:56,2.35,1,0,0.23,9.46,44.59
7/4/2026 16:56,2.42,1,0,0.15,9.44,65.08
7/4/2026 16:56,2.66,0,0,0.07,9.43,60.19
7/4/2026 16:56,3.01,0,0,8.92,9.41,46.24
7/4/2026 16:56,3.15,0.78,0,8.87,9.39,70.8
7/4/2026 16:56,3.14,0.86,0,8.78,9.35,37.71
7/4/2026 16:56,3.17,0.94,0,8.66,9.28,38.76
7/4/2026 16:56,3.32,1,0,8.48,9.19,71.43
7/4/2026 16:56,3.53,1,0,8.25,9.06,36.55
7/4/2026 16:56,3.81,0,0.25,8.01,8.88,6.63
7/4/2026 16:56,4.09,1,0,7.74,8.69,28.45
7/4/2026 16:56,4.3,1,0,7.45,8.47,38.58
7/4/2026 16:56,4.65,1,0,7.04,8.13,27.38
7/4/2026 16:56,4.94,1,0,6.72,7.86,27.68
7/4/2026 16:56,5.28,1,0,6.41,7.54,36.25
7/4/2026 16:56,5.63,1,0,6.04,7.18,35.55
7/4/2026 16:56,5.94,1,0,-0.05,6.84,32.54
7/4/2026 16:56,6.49,1,0,-0.1,6.42,20.23
7/4/2026 16:56,7.06,0.97,0,-0.13,5.96,19.63
7/4/2026 16:56,7.32,0,0.25,-0.2,5.46,19.42
7/4/2026 16:56,7.49,0,0.25,-0.25,4.97,22.33
7/4/2026 16:56,7.53,0,0.25,-0.3,4.37,16.77
7/4/2026 16:56,7.45,0,0.25,-0.35,3.85,17.68
7/4/2026 16:56,7.26,0,0.25,-0.4,3.35,14.8
7/4/2026 16:56,7.01,0,0.25,-0.45,2.91,12.81
7/4/2026 16:56,6.91,0,0,-0.5,2.47,15.86
7/4/2026 16:56,6.58,0,0.25,-0.55,1.94,15.9
7/4/2026 16:56,6.25,0,0,-0.55,1.6,27.21
7/4/2026 16:56,5.99,0.08,0,-0.55,1.27,21.87
7/4/2026 16:56,5.78,0.16,0,-0.55,0.96,22.95
7/4/2026 16:56,5.65,0.24,0,-0.55,0.71,25.07
7/4/2026 16:56,5.54,0.32,0,-0.55,0.51,22.79
7/4/2026 16:56,5.49,0.4,0,-0.55,0.31,29.16
7/4/2026 16:56,5.48,0.48,0,-0.55,0.14,31.1
7/4/2026 16:56,5.51,0.56,0,-0.47,-0.14,19.66
7/4/2026 16:56,5.62,0.64,0,-0.55,-0.28,19.81
7/4/2026 16:56,5.72,0.72,0,-0.47,-0.45,19.48
7/4/2026 16:56,5.91,0.8,0,-0.55,-0.61,18.94
7/4/2026 16:56,6.09,0.88,0,-0.47,-0.73,36.08
7/4/2026 16:56,6.37,0.96,0,-0.39,-0.84,26.46
7/4/2026 16:56,6.71,1,0,-0.31,-0.94,27.14
7/4/2026 16:56,7.12,1,0,-0.23,-1.07,63.52
7/4/2026 16:56,7.56,1,0,-0.15,-1.17,26.34
7/4/2026 16:56,8.03,1,0,-0.07,-1.29,30.14
7/4/2026 16:56,8.46,1,0,8.22,-1.42,25.86
7/4/2026 16:56,8.85,1,0,8.2,-1.57,28.98
7/4/2026 16:56,9.19,1,0,-0.05,1.75,28.23
7/4/2026 16:56,9.61,1,0,-0.1,1.51,27.73
7/4/2026 16:56,9.98,1,0,-0.15,1.3,27.42
7/4/2026 16:56,10.37,0,0.25,-0.2,1.06,26.07
7/4/2026 16:56,10.75,0,0.25,-0.12,0.8,25.59
7/4/2026 16:56,10.9,0,0.25,-0.04,0.6,26.11
7/4/2026 16:56,10.85,0,0.25,-0.09,0.36,24.52
7/4/2026 16:56,10.66,1,0,-0.14,0.14,24.85
7/4/2026 16:56,10.43,0,0.25,-0.06,-0.09,25
7/4/2026 16:56,10.24,1,0,0,-0.27,61.56
7/4/2026 16:56,10.02,1,0,-0.05,-0.48,30.28
7/4/2026 16:56,9.9,0,0.25,-0.1,-0.68,28.95
7/4/2026 16:56,9.85,1,0,-0.02,-0.88,61.5
7/4/2026 16:56,9.78,1,0,8.07,-1.08,75.3
7/4/2026 16:56,9.75,1,0,-0.05,-1.32,30.71
7/4/2026 16:56,9.92,1,0,8,-1.58,26.36
7/4/2026 16:56,10.19,1,0,-1.02,-1.7,57.77
7/4/2026 16:56,10.52,1,0,-0.05,-1.45,57.74
7/4/2026 16:56,10.88,0,0.25,-0.1,-1.2,67.5
7/4/2026 16:56,11.31,0,0.25,-0.15,-0.89,29.07
7/4/2026 16:56,11.39,1,0,-0.2,-0.65,43.57
7/4/2026 16:56,11.3,1,0,-0.25,-0.45,100
7/4/2026 16:56,11.19,0,0.25,-0.3,-0.28,34.5
7/4/2026 16:56,11.12,1,0,-0.35,-0.16,40.56
7/4/2026 16:56,10.98,0,0.25,-0.4,-0.08,32.7
7/4/2026 16:56,10.77,1,0,-0.32,-0.06,92.31
7/4/2026 16:56,10.58,1,0,-0.24,-0.09,64.59
7/4/2026 16:56,10.49,1,0,-0.16,-0.17,100
7/4/2026 16:56,10.58,1,0,-0.08,-0.29,53.06
7/4/2026 16:56,10.86,1,0,0,-0.45,45.29
7/4/2026 16:56,11.19,1,0,0.66,-0.61,49.45
7/4/2026 16:56,11.61,1,0,0.65,-0.81,49.35
7/4/2026 16:56,11.88,1,0,0.55,-0.95,43.11
7/4/2026 16:56,12.05,1,0,0.38,-1.05,79.9
7/4/2026 16:56,12.35,1,0,0.09,-1.08,87.66
7/4/2026 16:56,12.82,0,0.25,-0.18,-1.05,29.08
7/4/2026 16:56,13.27,1,0,-0.3,-0.98,45.18
7/4/2026 16:56,13.35,1,0,-0.27,-0.94,45.53
7/4/2026 16:56,13.42,1,0,-0.14,-0.92,100
7/4/2026 16:56,13.68,0,0.25,0.03,-0.93,40.51
7/4/2026 16:56,13.96,1,0,0.14,-0.96,41.35
7/4/2026 16:56,14.07,0,0.25,0.14,-0.99,100
7/4/2026 16:56,14.15,0,0.25,0.07,-1,47.83
7/4/2026 16:56,14.06,1,0,-0.02,-0.99,85.08
7/4/2026 16:56,13.82,1,0,-0.07,-0.97,45.75
7/4/2026 16:56,13.69,0,0.25,-0.06,-0.97,71.57
7/4/2026 16:56,13.68,0,0.25,-0.02,-0.97,28.01
7/4/2026 16:56,13.57,1,0,0.02,-0.97,48.36
7/4/2026 16:56,13.38,1,0,0.03,-0.98,27.45
7/4/2026 16:56,13.23,1,0,0,-0.98,55.52
7/4/2026 16:56,13.25,1,0,-0.16,-0.95,92.23
7/4/2026 16:56,13.41,1,0,-0.3,-0.89,62.83
7/4/2026 16:56,13.55,0,0.25,-0.35,-0.81,92.94
7/4/2026 16:56,13.67,0,0.25,-0.35,-0.72,79.49
7/4/2026 16:56,13.62,1,0,-0.3,-0.63,56.92
7/4/2026 16:56,13.42,1,0,-0.21,-0.56,35.78
7/4/2026 16:56,13.32,0,0.25,0,-0.51,29.67
7/4/2026 16:56,13.35,0,0.25,0,-0.43,25.83
7/4/2026 16:56,13.27,0,0.25,0,-0.36,25.45
7/4/2026 16:56,13.05,0,0.25,0,-0.26,23.96
7/4/2026 16:56,12.76,0,0.25,0,-0.14,23.1
7/4/2026 16:56,12.41,0,0.25,0,0.03,22.26
7/4/2026 16:56,12.08,0,0.25,0,0.21,22.24
7/4/2026 16:56,11.72,0,0.25,0,-0.07,21.63
7/4/2026 16:56,11.35,0,0.25,-0.93,0.63,19.82
7/4/2026 16:56,10.97,0,0.25,0,0.43,19.03
7/4/2026 16:56,10.56,0,0.25,0,-0.37,18.31
7/4/2026 16:56,10.13,0,0.25,-0.05,-1.17,17.4
7/4/2026 16:56,9.78,0,0.25,-0.1,-1.45,16.37
7/4/2026 16:56,9.4,0,0.25,-0.15,-1.15,16.3
7/4/2026 16:56,9.06,0,0.25,-0.2,-0.9,14.74
7/4/2026 16:56,8.74,0,0.25,-0.25,-0.67,14.31
7/4/2026 16:56,8.42,0,0.25,-0.3,-0.46,13.47
7/4/2026 16:56,8.07,0,0.25,-0.35,-0.24,12.72
7/4/2026 16:56,7.76,0,0.25,-0.4,-0.1,12.54
7/4/2026 16:56,7.43,0,0.25,-0.45,0.08,12.09
7/4/2026 16:56,7.11,0,0.25,-0.5,-0.17,12.29
7/4/2026 16:56,6.8,0,0.25,-0.55,0.25,12
7/4/2026 16:56,6.5,0,0.25,-0.55,0.34,12.19
7/4/2026 16:56,6.22,0,0.25,-0.55,0.38,13.97
7/4/2026 16:56,5.93,0.56,0,-0.4,0.39,17.29
7/4/2026 16:56,5.78,0.92,0,-0.33,0.36,18.9
7/4/2026 16:56,5.74,1,0,-0.31,0.36,19.47
7/4/2026 16:56,5.87,1,0,-0.23,0.33,20.81
7/4/2026 16:56,6.16,1,0,-0.15,0.31,20.62
7/4/2026 16:56,6.63,1,0,-0.07,0.32,30.71
7/4/2026 16:56,7.07,1,0,0,0.31,28.44
7/4/2026 16:56,7.61,1,0,0,0.35,25.89
7/4/2026 16:56,8.05,1,0,0,0.39,32.15
7/4/2026 16:56,8.49,1,0,0,0.48,60.72
7/4/2026 16:56,8.91,0,0.25,0,-0.47,22.31
7/4/2026 16:56,9.3,1,0,0,-0.13,26.82
7/4/2026 16:56,9.57,1,0,0,0.26,25.6
7/4/2026 16:56,9.8,1,0,-0.05,0.55,27.89
7/4/2026 16:56,10.11,0,0.25,-0.1,0.82,22.92
7/4/2026 16:56,10.41,1,0,-0.15,1.07,62.36
7/4/2026 16:56,10.63,1,0,-0.2,1.31,60.37
7/4/2026 16:56,10.8,1,0,-0.12,1.43,38.89
7/4/2026 16:56,11.11,1,0,-0.04,1.48,60.07
7/4/2026 16:56,11.47,0,0.25,-0.16,1.52,28.12
7/4/2026 16:56,11.77,1,0,-0.1,1.55,31.61
7/4/2026 16:56,11.96,1,0,-0.03,1.56,35.92
7/4/2026 16:56,12.24,1,0,0.04,1.55,49.17
7/4/2026 16:56,12.52,1,0,0.06,1.54,36.56
7/4/2026 16:56,12.87,1,0,0.03,1.54,33.28
7/4/2026 16:56,13.26,0,0.25,0,1.54,24.31
7/4/2026 16:56,13.63,1,0,-0.02,1.54,100
7/4/2026 16:56,13.88,1,0,-0.02,1.55,47.25
7/4/2026 16:56,14.14,1,0,-0.01,1.55,73.83
7/4/2026 16:56,14.44,0,0.25,0,1.55,29.72
7/4/2026 16:56,14.77,0,0.25,0.01,1.55,24.46
7/4/2026 16:56,14.9,0,0.25,0.01,1.54,35.82
7/4/2026 16:56,14.79,0,0.25,0,1.54,33.61
7/4/2026 16:56,14.53,0,0.25,0,1.54,60.95
7/4/2026 16:56,14.13,1,0,0,1.55,41.76
7/4/2026 16:56,13.78,1,0,0,1.55,67.62
7/4/2026 16:56,13.57,1,0,0,1.55,48.64
7/4/2026 16:56,13.58,1,0,0,1.55,45.86
7/4/2026 16:56,13.77,1,0,0,1.55,53.81
7/4/2026 16:56,14.04,0,0.25,0,1.55,24.99
7/4/2026 16:56,14.35,0,0.25,0,1.55,30.11
7/4/2026 16:56,14.44,0,0.25,0,1.55,25.57
7/4/2026 16:56,14.28,0,0.25,0.05,1.55,29.33
7/4/2026 16:56,14,1,0,0.1,1.55,40.74
7/4/2026 16:56,13.68,1,0,0.15,1.57,59.45
7/4/2026 16:56,13.44,1,0,0.2,1.62,62.52
7/4/2026 16:56,13.41,0,0.25,0.25,1.7,29.94
7/4/2026 16:56,13.48,0,0.25,0.3,1.82,26.31
7/4/2026 16:56,13.42,0,0.25,0.35,1.98,23.59
7/4/2026 16:56,13.03,0,0.25,0.4,2.23,27.18
7/4/2026 16:56,12.55,0,0.25,0.45,2.4,29.21
7/4/2026 16:56,11.96,0,0.25,0.5,2.51,29.94
7/4/2026 16:56,11.25,0,0.25,0.55,2.6,28.35
7/4/2026 16:56,10.54,1,0,0.55,2.66,28.11
7/4/2026 16:56,9.98,1,0,0.55,2.72,33.64
7/4/2026 16:56,9.58,1,0,0.47,2.79,55.55
7/4/2026 16:56,9.57,1,0,0.39,2.88,50.61
7/4/2026 16:56,9.81,1,0,0.31,3,52.87
7/4/2026 16:56,10.17,1,0,0.23,3.12,29.62
7/4/2026 16:56,10.56,1,0,0.15,3.22,70.64
7/4/2026 16:56,11.07,1,0,0.07,3.33,41.89
7/4/2026 16:56,11.5,1,0,-0.09,3.37,39.05
7/4/2026 16:56,11.93,1,0,0.21,3.34,46.81
7/4/2026 16:56,12.35,1,0,0.3,3.25,35.05
7/4/2026 16:56,12.68,1,0,0.24,3.18,33.92
7/4/2026 16:56,13.01,1,0,0.11,3.15,71.28
7/4/2026 16:56,13.44,1,0,-0.02,3.15,36.62
7/4/2026 16:56,13.83,1,0,-0.11,3.16,16.77
7/4/2026 16:56,14.28,0,0.25,-0.12,3.18,34.81
7/4/2026 16:56,14.63,1,0,-0.08,3.19,100
7/4/2026 16:56,14.88,1,0,-0.01,3.18,53.18
7/4/2026 16:56,15.11,0,0.25,-0.05,3.17,52.83
7/4/2026 16:56,15.41,1,0,-0.1,3.15,27.92
7/4/2026 16:56,15.51,0,0.25,-0.02,3.11,34.46
7/4/2026 16:56,15.58,1,0,0.2,3.04,44.96
7/4/2026 16:56,15.45,0,0.25,0.2,2.98,92.09
7/4/2026 16:56,15.24,0,0.25,0.11,2.94,69.52
7/4/2026 16:56,14.89,1,0,-0.02,2.94,59.03
7/4/2026 16:56,14.54,1,0,-0.11,2.96,49.16
7/4/2026 16:56,14.33,0,0.25,-0.11,2.97,47.98
7/4/2026 16:56,14.26,0,0.25,-0.04,2.97,23.66
7/4/2026 16:56,14.13,1,0,-0.05,2.97,34.87
7/4/2026 16:56,13.92,1,0,-0.1,2.95,28.88
7/4/2026 16:56,13.76,1,0,-0.02,2.92,39.95
7/4/2026 16:56,13.75,1,0,0.18,2.87,39.12
7/4/2026 16:56,13.89,1,0,0.18,2.82,49.31
7/4/2026 16:56,14.09,1,0,0.12,2.79,84.81
7/4/2026 16:56,14.39,1,0,0.02,2.79,83.89
7/4/2026 16:56,14.79,0,0.25,-0.06,2.8,37.65
7/4/2026 16:56,15.1,1,0,-0.09,2.81,79.14
7/4/2026 16:56,15.29,1,0,-0.07,2.82,81.01
7/4/2026 16:56,15.52,1,0,-0.05,2.82,79.78
7/4/2026 16:56,15.81,0,0.25,-0.1,2.8,27.4
7/4/2026 16:56,16.09,1,0,-0.02,2.77,52.55
7/4/2026 16:56,16.22,1,0,0.18,2.72,26.18
7/4/2026 16:56,16.32,1,0,0.2,2.67,45.33
7/4/2026 16:56,16.46,1,0,0.14,2.62,74.14
7/4/2026 16:56,16.73,0,0.25,0.01,2.61,27.39
7/4/2026 16:56,17.08,1,0,-0.09,2.62,72.13
7/4/2026 16:56,17.21,0,0.25,-0.12,2.64,70.85
7/4/2026 16:56,17.26,0,0.25,-0.09,2.65,69.62
7/4/2026 16:56,17.12,0,0.25,-0.01,2.65,33.86
7/4/2026 16:56,16.83,0,0.25,0.05,2.64,67.04
7/4/2026 16:56,16.4,1,0,0.07,2.62,66.27
7/4/2026 16:56,16.02,1,0,0.04,2.62,64.89
7/4/2026 16:56,15.78,1,0,0.01,2.62,24.16
7/4/2026 16:56,15.72,0,0.25,-0.03,2.63,23.86
7/4/2026 16:56,15.82,1,0,-0.03,2.64,48.8
7/4/2026 16:56,15.83,0,0.25,-0.02,2.64,24.39
7/4/2026 16:56,15.78,1,0,0,2.64,34.3
7/4/2026 16:56,15.62,0,0.25,0.02,2.63,33.29
7/4/2026 16:56,15.4,1,0,0.02,2.63,57.43
7/4/2026 16:56,15.11,1,0,0.01,2.63,56
7/4/2026 16:56,14.92,1,0,0,2.63,55.18
7/4/2026 16:56,14.92,1,0,-0.01,2.63,54.26
7/4/2026 16:56,15.08,1,0,-0.01,2.63,53.09
7/4/2026 16:56,15.34,0,0.25,0,2.63,51.97
7/4/2026 16:56,15.63,0,0.25,0,2.63,49.71
7/4/2026 16:56,15.74,1,0,0,2.63,45.83
7/4/2026 16:56,15.61,1,0,0,2.63,44.37
7/4/2026 16:56,15.51,1,0,0,2.63,35.65
7/4/2026 16:56,15.54,0,0.25,0,2.63,46.56
7/4/2026 16:56,15.66,1,0,0,2.63,30.37
7/4/2026 16:56,15.72,1,0,0,2.63,32.09
7/4/2026 16:56,15.84,0,0.25,0,2.63,24.88
7/4/2026 16:56,16.02,1,0,0,2.63,42.18
7/4/2026 16:56,16.1,0,0.25,0,2.63,40.73
7/4/2026 16:56,16.15,0,0.25,0,2.63,39.88
7/4/2026 16:56,16.01,0,0.25,0,2.63,38.63
7/4/2026 16:56,15.71,0,0.25,0,2.63,37.73
7/4/2026 16:56,15.36,0,0.25,0,2.63,36.93
7/4/2026 16:56,14.94,0,0.25,0,2.63,35.39
7/4/2026 16:56,14.49,0,0.25,0,2.63,34.62
7/4/2026 16:56,14.04,0,0.25,0,2.63,33.38
7/4/2026 16:56,13.59,0,0.25,0,2.63,32.69
7/4/2026 16:56,13.24,0,0.25,0.05,2.63,25.43
7/4/2026 16:56,12.79,0,0.25,0.1,2.64,31.03
7/4/2026 16:56,12.42,0,0.25,0.15,2.65,30.22
7/4/2026 16:56,11.95,0,0.25,0.2,2.68,29.15
7/4/2026 16:56,11.61,0,0.25,0.25,2.66,24.65
7/4/2026 16:56,11.16,0,0.25,0.3,2.62,23
7/4/2026 16:56,10.76,0,0.25,0.35,2.56,23.15
7/4/2026 16:56,10.32,0,0.25,0.4,2.5,22.98
7/4/2026 16:56,9.82,1,0,0.45,2.44,26.74
7/4/2026 16:56,9.44,0,0.25,0.5,2.39,27.51
7/4/2026 16:56,9.03,1,0,0.55,2.37,22.91
7/4/2026 16:56,8.68,1,0,0.47,2.37,28.28
7/4/2026 16:56,8.55,1,0,0.39,2.39,30.39
7/4/2026 16:56,8.66,1,0,0.31,2.43,25.93
7/4/2026 16:56,8.9,1,0,0.23,2.47,33.92
7/4/2026 16:56,9.31,1,0,0.15,2.5,27.22
7/4/2026 16:56,9.74,1,0,0.07,2.52,32.15
7/4/2026 16:56,10.16,0,0.25,0.19,2.49,27.74
7/4/2026 16:56,10.51,0,0.25,0.26,2.44,27.05
7/4/2026 16:56,10.61,0,0.25,0.27,2.39,39.7
7/4/2026 16:56,10.49,1,0,0.27,2.35,40.02
7/4/2026 16:56,10.26,1,0,0.24,2.31,47.94
7/4/2026 16:56,10.17,1,0,0.05,2.28,55.57
7/4/2026 16:56,10.28,1,0,0.1,2.25,29.38
7/4/2026 16:56,10.5,1,0,0.15,2.2,52.56
7/4/2026 16:56,10.81,1,0,0.07,2.14,58.97
7/4/2026 16:56,11.15,0,0.25,0.36,2.07,30.48
7/4/2026 16:56,11.5,0,0.25,0.46,1.94,25.41
7/4/2026 16:56,11.42,0,0.25,0.44,1.84,28.59
7/4/2026 16:56,11.11,1,0,0.4,1.77,27.77
7/4/2026 16:56,10.8,1,0,0.05,1.73,25.59
7/4/2026 16:56,10.69,0,0.25,0.1,1.7,24.36
7/4/2026 16:56,10.71,1,0,0.02,1.67,38.83
7/4/2026 16:56,10.67,1,0,0.21,1.62,41.05
7/4/2026 16:56,10.66,1,0,0.2,1.57,100
7/4/2026 16:56,10.74,1,0,0.15,1.55,29.38
7/4/2026 16:56,11.05,1,0,0.12,1.51,38.85
7/4/2026 16:56,11.41,1,0,0.07,1.51,33.7
7/4/2026 16:56,11.79,1,0,0.06,1.49,37.63
7/4/2026 16:56,12.22,1,0,0.05,1.48,41.08
7/4/2026 16:56,12.7,1,0,0.08,1.45,43.1
7/4/2026 16:56,13.09,1,0,0.08,1.43,41.18
7/4/2026 16:56,13.52,0,0.25,0.09,1.39,29.31
7/4/2026 16:56,13.93,0,0.25,0.11,1.35,40.36
7/4/2026 16:56,14.04,1,0,0.09,1.33,33.83
7/4/2026 16:56,13.96,1,0,0.08,1.29,45.04
7/4/2026 16:56,13.89,0,0.25,0.07,1.27,42.92
7/4/2026 16:56,13.87,1,0,0.08,1.23,41.54
7/4/2026 16:56,13.8,1,0,0.08,1.21,42.48
7/4/2026 16:56,13.75,1,0,0.09,1.16,41.36
7/4/2026 16:56,13.81,0,0.25,0.07,1.15,24.17
7/4/2026 16:56,13.97,1,0,0.09,1.1,37.61
7/4/2026 16:56,14.1,1,0,0.09,1.08,86.07
7/4/2026 16:56,14.26,1,0,0.09,1.02,72.22
7/4/2026 16:56,14.53,1,0,0.1,0.98,43.63
7/4/2026 16:56,14.83,1,0,0.08,0.95,43.29
7/4/2026 16:56,15.22,1,0,0.09,0.9,40.1
7/4/2026 16:56,15.62,0,0.25,0.07,0.88,24.07
7/4/2026 16:56,15.95,0,0.25,0.07,0.82,39.63
7/4/2026 16:56,16.02,0,0.25,0.09,0.75,38.85
7/4/2026 16:56,15.83,0,0.25,0.08,0.73,76.57
7/4/2026 16:56,15.51,0,0.25,0.1,0.65,27.65
7/4/2026 16:56,15.16,0,0.25,0.09,0.59,40.26
7/4/2026 16:56,14.73,1,0,0.04,0.56,44.88
7/4/2026 16:56,14.32,0,0.25,0.01,0.56,50.29
7/4/2026 16:56,13.97,1,0,0,0.5,39.9
7/4/2026 16:56,13.67,0,0.25,0,0.49,34.52
7/4/2026 16:56,13.4,0,0.25,0,0.49,63.56
7/4/2026 16:56,13.07,0,0.25,0,0.42,77.24
7/4/2026 16:56,12.69,1,0,0,0.39,40.99
7/4/2026 16:56,12.29,1,0,0,0.37,23.85
7/4/2026 16:56,12.1,0,0.25,0,0.25,53.91
7/4/2026 16:56,12.11,1,0,0,0.21,26.48
7/4/2026 16:56,12.12,1,0,0,0.19,53.57
7/4/2026 16:56,12.23,1,0,0,-0.04,23.12
7/4/2026 16:56,12.49,1,0,0,-0.16,60.52
7/4/2026 16:56,12.87,1,0,0,-0.31,49.9
7/4/2026 16:56,13.22,1,0,0,-0.39,40.74
7/4/2026 16:56,13.61,0,0.25,0,-0.55,39.41
7/4/2026 16:56,14.06,1,0,0.54,-0.77,26.68
7/4/2026 16:56,14.21,1,0,0.56,-0.93,40.7
7/4/2026 16:56,14.26,0,0.25,0.5,-1.12,28.93
7/4/2026 16:56,14.19,0,0.25,0.29,-1.24,71.2
7/4/2026 16:56,14.04,1,0,0.1,-1.29,41.47
7/4/2026 16:56,13.88,0,0.25,-0.09,-1.31,27.11
7/4/2026 16:56,13.72,1,0,-0.18,-1.31,44.78
7/4/2026 16:56,13.44,1,0,-0.14,-1.3,92.07
7/4/2026 16:56,13.29,0,0.25,-0.04,-1.32,27.33
7/4/2026 16:56,13.25,1,0,0.07,-1.35,28.7
7/4/2026 16:56,13.16,1,0,0.14,-1.39,62.81
7/4/2026 16:56,13.14,1,0,0.14,-1.42,58.96
7/4/2026 16:56,13.29,1,0,0.09,-1.45,37.12
7/4/2026 16:56,13.56,0,0.25,0.02,-1.45,44.82
7/4/2026 16:56,13.87,0,0.25,0,-1.46,70.45
7/4/2026 16:56,13.99,1,0,0.01,-1.48,40.63
7/4/2026 16:56,13.88,0,0.25,0.04,-1.49,33.13
7/4/2026 16:56,13.73,1,0,0.06,-1.51,55.71
7/4/2026 16:56,13.5,0,0.25,0.06,-1.54,47.91
7/4/2026 16:56,13.29,1,0,0.06,-1.54,60.58
7/4/2026 16:56,13.04,1,0,0.05,-1.56,45.57
7/4/2026 16:56,12.89,1,0,0.04,-1.58,33.84
7/4/2026 16:56,12.91,1,0,0.04,-1.59,59.52
7/4/2026 16:56,13.12,0,0.25,0.04,-1.6,100
7/4/2026 16:56,13.38,0,0.25,0.04,-1.62,23.56
7/4/2026 16:56,13.46,0,0.25,0.05,-1.63,24.53
7/4/2026 16:56,13.32,0,0.25,0.03,-1.64,29.88
7/4/2026 16:56,13.01,1,0,-0.01,-1.65,79.83
7/4/2026 16:56,12.72,1,0,-0.03,-1.65,51.17
7/4/2026 16:56,12.54,1,0,-0.02,-1.64,99.7
7/4/2026 16:56,12.55,0,0.25,-0.01,-1.65,25.35
7/4/2026 16:56,12.66,0,0.25,0,-1.65,100
7/4/2026 16:56,12.64,1,0,0.01,-1.65,66.12
7/4/2026 16:56,12.52,1,0,0.01,-1.65,32.52
7/4/2026 16:56,12.42,1,0,0,-1.65,83.96
7/4/2026 16:56,12.47,1,0,0,-1.65,100
7/4/2026 16:56,12.67,1,0,0,-1.65,72.56
7/4/2026 16:56,12.94,1,0,0,-1.65,40.64
7/4/2026 16:56,13.28,1,0,0,-1.65,100
7/4/2026 16:56,13.68,1,0,0,-1.65,50.14
7/4/2026 16:56,14.06,1,0,0,-1.65,25.5
7/4/2026 16:56,14.46,0,0.25,0,-1.65,24.61
7/4/2026 16:56,14.8,1,0,0,-1.65,93.57
7/4/2026 16:56,14.99,0,0.25,0,-1.65,27.91
7/4/2026 16:56,15.11,0,0.25,0,-1.65,32.26
7/4/2026 16:56,14.96,1,0,0,-1.65,100
7/4/2026 16:56,14.73,0,0.25,0,-1.65,100
7/4/2026 16:56,14.41,1,0,0,-1.65,57.33
7/4/2026 16:56,14.12,1,0,0,-1.65,68.42
7/4/2026 16:56,13.94,0,0.25,0,-1.65,100
7/4/2026 16:56,13.84,1,0,0,-1.65,39.27
7/4/2026 16:56,13.68,1,0,0,-1.65,35.59
7/4/2026 16:56,13.62,1,0,0,-1.65,75.28
7/4/2026 16:56,13.73,1,0,0,-1.65,38.05
7/4/2026 16:56,13.96,0,0.25,0,-1.65,26.52
7/4/2026 16:56,14.23,1,0,0,-1.65,98.01
7/4/2026 16:56,14.37,1,0,0,-1.65,23.69
7/4/2026 16:56,14.53,0,0.25,0,-1.65,25.25
7/4/2026 16:56,14.75,1,0,0,-1.65,30.98
7/4/2026 16:56,14.87,0,0.25,0,-1.65,96.61
7/4/2026 16:56,14.93,1,0,0,-1.65,96.26
7/4/2026 16:56,14.87,1,0,0,-1.65,39.87
7/4/2026 16:56,14.82,1,0,0.03,-1.65,84
7/4/2026 16:56,14.9,1,0,0.19,-1.69,42.62
7/4/2026 16:56,15.06,1,0,0.32,-1.77,25.02
7/4/2026 16:56,15.21,1,0,-0.15,1.93,100
7/4/2026 16:56,15.54,1,0,0.05,2.01,58.63
7/4/2026 16:56,15.97,0,0.25,0.1,1.99,40.11
7/4/2026 16:56,16.3,0,0.25,0.15,1.93,27.34
7/4/2026 16:56,16.39,1,0,0.2,1.82,46.92
7/4/2026 16:56,16.24,0,0.25,0.25,1.67,33.14
7/4/2026 16:56,15.93,0,0.25,0.3,1.45,24.7
7/4/2026 16:56,15.45,0,0.25,0.35,1.22,28.7
7/4/2026 16:56,14.93,0,0.25,0.4,1.03,22.56
7/4/2026 16:56,14.32,0,0.25,0.45,0.84,29.43
7/4/2026 16:56,13.62,0,0.25,0.5,0.66,29.99
7/4/2026 16:56,12.92,0,1,0.55,0.51,33.27
7/4/2026 16:56,12.15,0,0.25,0.55,0.1,30.81
7/4/2026 16:56,11.43,0,0.25,0.55,0.3,39.72
7/4/2026 16:56,10.62,1,0,0.55,0.25,73.47
7/4/2026 16:56,9.96,0,0.25,0.47,0.26,24.61
7/4/2026 16:56,9.57,1,0,0.39,0.31,28.38
7/4/2026 16:56,9.23,0,0.25,0.31,0.42,20.83
7/4/2026 16:56,9.06,1,0,0.23,0.54,24.75
7/4/2026 16:56,8.86,1,0,0.15,0.68,31.47
7/4/2026 16:56,8.81,1,0,0.07,0.79,29.86
7/4/2026 16:56,8.87,1,0,-0.47,0.89,30.2
7/4/2026 16:56,9.12,1,0,-0.3,0.98,26.19
7/4/2026 16:56,9.36,1,0,-0.09,0.99,34.39
7/4/2026 16:56,9.77,1,0,0.01,0.97,100
7/4/2026 16:56,10.19,1,0,0.08,0.94,44.61
7/4/2026 16:56,10.59,1,0,0.08,0.93,45.12
7/4/2026 16:56,11.02,1,0,0.04,0.93,45.61
7/4/2026 16:56,11.43,1,0,0,0.93,46.39
7/4/2026 16:56,11.86,0,0.25,-0.02,0.93,28.26
7/4/2026 16:56,12.25,0,0.25,-0.02,0.94,24.24
7/4/2026 16:56,12.41,1,0,-0.01,0.94,46.09
7/4/2026 16:56,12.31,1,0,0,0.94,53.26
7/4/2026 16:56,12.27,1,0,0.01,0.93,26.91
7/4/2026 16:56,12.36,1,0,0.01,0.93,46.36
7/4/2026 16:56,12.59,0,0.25,0,0.93,26.45
7/4/2026 16:56,12.87,1,0,0,0.93,51.54
7/4/2026 16:56,13.02,1,0,0,0.93,100
7/4/2026 16:56,13.23,1,0,0,0.93,39.33
7/4/2026 16:56,13.49,0,0.25,0,0.93,52.05
7/4/2026 16:56,13.79,1,0,0,0.93,100
7/4/2026 16:56,13.95,0,0.25,0,0.93,44.7
7/4/2026 16:56,14.06,0,0.25,0,0.93,32.12
7/4/2026 16:56,13.95,1,0,0,0.93,100
7/4/2026 16:56,13.76,1,0,0,0.93,36.78
7/4/2026 16:56,13.63,0,0.25,0,0.93,30.07
7/4/2026 16:56,13.61,1,0,0,0.93,45.2
7/4/2026 16:56,13.54,1,0,0,0.93,36.45
7/4/2026 16:56,13.53,1,0,0,0.93,44.87
7/4/2026 16:56,13.67,1,0,0,0.93,42.03
7/4/2026 16:56,13.92,0,0.25,0,0.93,24.42
7/4/2026 16:56,14.25,0,0.25,0,0.93,26.8
7/4/2026 16:56,14.3,1,0,0,0.93,42.55
7/4/2026 16:56,14.15,0,0.25,0,0.93,34.26
7/4/2026 16:56,13.97,0,0.25,0,0.93,26.36
7/4/2026 16:56,13.68,0,0.25,-0.05,0.93,23.59
7/4/2026 16:56,13.32,1,0,-0.1,0.93,60.57
7/4/2026 16:56,13,1,0,-0.15,0.92,67.74
7/4/2026 16:56,12.7,0,0.25,-0.2,0.86,30.35
7/4/2026 16:56,12.58,1,0,-0.25,0.8,29.22
7/4/2026 16:56,12.39,0,0.25,-0.3,0.67,26.83
7/4/2026 16:56,12.19,0,0.25,-0.35,0.49,27.91
7/4/2026 16:56,11.87,0,0.25,-0.4,0.28,45.34
7/4/2026 16:56,11.44,1,0,-0.45,0.01,39.23
7/4/2026 16:56,11.02,1,0,-0.5,-0.29,32.41
7/4/2026 16:56,10.67,1,0,-0.55,0.28,29.23
7/4/2026 16:56,10.48,1,0,-0.55,0.06,36.58
7/4/2026 16:56,10.46,0,0.25,-0.55,-0.21,24.37
7/4/2026 16:56,10.53,1,0,-0.55,0.06,35.01
7/4/2026 16:56,10.48,1,0,-0.55,-0.29,40.97
7/4/2026 16:56,10.45,1,0,-0.55,-0.65,43.27
7/4/2026 16:56,10.53,1,0,-0.47,-0.77,52.9
7/4/2026 16:56,10.75,1,0,-0.39,-0.12,33.25
7/4/2026 16:56,11.11,0,0.25,-0.31,0.64,37.86
7/4/2026 16:56,11.45,1,0,-0.23,1.31,100
7/4/2026 16:56,11.66,1,0,-0.15,-0.74,20.24
7/4/2026 16:56,11.91,1,0,-0.07,0.12,25.37
7/4/2026 16:56,12.29,0,0.25,-3.85,1.05,24.95
7/4/2026 16:56,12.56,0,0.25,-3.73,-1.65,25.04
7/4/2026 16:56,12.49,0,0.25,-3.58,-0.73,21.18
7/4/2026 16:56,12.08,0,1,0,0.05,14.95
7/4/2026 16:56,11.66,0,1,-3.11,0.76,12.25
7/4/2026 16:56,11.22,0,1,-2.88,1.39,9.94
7/4/2026 16:56,10.5,0,1,-4.58,-0.68,9
7/4/2026 16:56,9.72,0,1,0,-0.03,8.55
7/4/2026 16:56,9.06,0,1,0,0.55,9.48
7/4/2026 16:56,8.75,0,1,-3.75,0.98,10.15
7/4/2026 16:56,8.24,0,1,-3.58,1.63,9.85
7/4/2026 16:56,7.72,0,0.25,-3.33,2.1,10.76
7/4/2026 16:56,7.17,0,0.25,-3.09,2.51,10.68
7/4/2026 16:56,6.68,0,0.25,-2.83,2.85,2.97
7/4/2026 16:56,6.14,0.81,0,-2.41,3.13,17.56
7/4/2026 16:56,5.66,0.99,0,-2.04,3.32,20.23
7/4/2026 16:56,5.39,0,0.25,-1.53,3.43,7.2
7/4/2026 16:56,5.36,1,0,-1,3.46,76.92
7/4/2026 16:56,5.31,1,0,-0.58,3.42,73.05
7/4/2026 16:56,5.46,1,0,-0.12,3.33,59.39
7/4/2026 16:56,5.84,1,0,0.22,3.2,56.84
7/4/2026 16:56,6.18,1,0,0.52,3.08,32.01
7/4/2026 16:56,6.53,1,0,0.71,2.97,26.34
7/4/2026 16:56,6.86,1,0,0.71,2.87,58.25
7/4/2026 16:56,7.17,1,0,0.72,2.78,43.93
7/4/2026 16:56,7.37,1,0,0.58,2.74,53.16
7/4/2026 16:56,7.75,1,0,0.28,2.75,73.14
7/4/2026 16:56,8.27,1,0,0.03,2.8,58.64
7/4/2026 16:56,8.86,1,0,-0.15,2.87,50.09
7/4/2026 16:56,9.23,0,0.25,-0.18,2.91,18.84
7/4/2026 16:56,9.58,1,0,-0.12,2.93,71.07
7/4/2026 16:56,9.84,1,0,-0.04,2.92,69.7
7/4/2026 16:56,10.14,1,0,0.02,2.91,100
7/4/2026 16:56,10.46,1,0,0.04,2.9,37.11
7/4/2026 16:56,10.91,1,0,0.03,2.9,35.33
7/4/2026 16:56,11.35,1,0,0,2.9,55.13
7/4/2026 16:56,11.81,1,0,-0.01,2.9,65.07
7/4/2026 16:56,12.23,1,0,-0.01,2.9,36.38
7/4/2026 16:56,12.66,1,0,-0.01,2.91,64.38
7/4/2026 16:56,13.11,1,0,0,2.9,28.39
7/4/2026 16:56,13.61,0,0,0.01,2.9,65.76
7/4/2026 16:56,14.12,0,0,0,2.9,61.42
7/4/2026 16:56,14.22,0,0,0,2.9,59.71
7/4/2026 16:56,14.11,0,0.25,0,2.9,26.82
7/4/2026 16:56,13.85,0,0.25,0,2.9,27.46
7/4/2026 16:56,13.53,0,0.25,0,2.9,43.43
7/4/2026 16:56,13.17,0,0.25,0,2.9,55.69
7/4/2026 16:56,12.73,0.08,0,0,2.9,55.51
7/4/2026 16:56,12.36,0.16,0,0,2.9,53.22
7/4/2026 16:56,12.08,0.24,0,0,2.9,54.05
7/4/2026 16:56,11.81,0,0.25,0,2.9,28.5
7/4/2026 16:56,11.61,0.4,0,0,2.9,52.19
7/4/2026 16:56,11.29,0.48,0,0,2.9,57.95
7/4/2026 16:56,11.13,0.56,0,0,2.9,36.53
7/4/2026 16:56,11.07,0.64,0,0,2.9,26.15
7/4/2026 16:56,11.1,0.72,0,0,2.9,33.05
7/4/2026 16:56,11.17,0.8,0,0.05,2.9,36.02
7/4/2026 16:56,11.33,0.88,0,0.1,2.91,51.05
7/4/2026 16:56,11.56,0.96,0,0.15,2.85,37.15
7/4/2026 16:56,11.82,1,0,0.2,2.77,44.97
7/4/2026 16:56,12.15,0,0.25,0.25,2.65,36.14
7/4/2026 16:56,12.4,0,0.25,0.3,2.53,51.4
7/4/2026 16:56,12.46,1,0,0.35,2.39,33.36
7/4/2026 16:56,12.29,0,0.25,0.4,2.23,30.11
7/4/2026 16:56,12.06,0,0.25,0.45,2.12,21.01
7/4/2026 16:56,11.62,0,0.25,0.5,1.98,21.72
7/4/2026 16:56,11.16,1,0,0.55,1.91,29.9
7/4/2026 16:57,10.69,0,0.25,0.55,1.86,26.03
7/4/2026 16:57,10.25,0,0.25,0.55,1.83,43.58
7/4/2026 16:57,9.8,1,0,0.47,1.84,34.63
7/4/2026 16:57,9.4,1,0,0.39,1.88,33.06
7/4/2026 16:57,9.23,1,0,0.31,1.93,33.1
7/4/2026 16:57,9.26,0,0,0.23,2.01,35.93
7/4/2026 16:57,9.45,0,0,0.15,2.08,64.67
7/4/2026 16:57,9.56,0,0,0.07,2.14,67.92
7/4/2026 16:57,9.49,0,0,-0.06,2.17,45.68
7/4/2026 16:57,9.3,0,0,0.12,2.16,24.83
7/4/2026 16:57,9.08,0,0,0.31,2.1,40.47
7/4/2026 16:57,8.79,0,0,0.44,2.04,69.92
7/4/2026 16:57,8.44,0,0,0.49,1.98,69.81
7/4/2026 16:57,8.03,0,0,0.47,1.93,74.98
7/4/2026 16:57,7.73,0,0,0.05,1.92,53.59
7/4/2026 16:57,7.55,0,0,0.1,1.94,38.86
7/4/2026 16:57,7.37,0,0,0.02,1.96,67.2
7/4/2026 16:57,7.17,0,0,-0.04,1.98,22.9
7/4/2026 16:57,6.98,0,0,-0.04,1.99,81.34
7/4/2026 16:57,6.79,0,0,-0.03,1.99,85.32
7/4/2026 16:57,6.6,0,0,-0.01,1.99,24.85
7/4/2026 16:57,6.41,0,0,0,1.99,52.69
7/4/2026 16:57,6.24,0,0,0,1.99,83.2
7/4/2026 16:57,6.07,0,0,0,1.99,62.61
7/4/2026 16:57,5.91,0,0,0,1.99,29.6
7/4/2026 16:57,5.74,0.08,0,0,1.99,52.34
7/4/2026 16:57,5.6,0.16,0,0,1.99,24.46
7/4/2026 16:57,5.48,0.24,0,0,1.99,81.15
7/4/2026 16:57,5.4,0.32,0,0,1.99,81.47
7/4/2026 16:57,5.37,0.4,0,0,1.99,77.68
7/4/2026 16:57,5.38,0.48,0,0,1.99,74.74
7/4/2026 16:57,5.44,0.56,0,0,1.99,26.34
7/4/2026 16:57,5.55,0.64,0,0,1.99,25.48
7/4/2026 16:57,5.69,0.72,0,0,1.99,57.76
7/4/2026 16:57,5.87,0.8,0,0,1.99,31.17
7/4/2026 16:57,6.14,0.88,0,0,1.99,56.38
7/4/2026 16:57,6.43,0.96,0,0,1.99,44.74
7/4/2026 16:57,6.76,1,0,0,1.99,31.92
7/4/2026 16:57,7.17,1,0,0,1.99,73.94
7/4/2026 16:57,7.54,1,0,0,1.99,32.84
7/4/2026 16:57,7.96,1,0,0,1.99,56
7/4/2026 16:57,8.38,1,0,0,1.99,53.23
7/4/2026 16:57,8.82,1,0,0,1.99,27.03
7/4/2026 16:57,9.24,1,0,0,1.99,51.32
7/4/2026 16:57,9.69,1,0,0,1.99,29.14
7/4/2026 16:57,10.16,1,0,0,1.99,51.74
7/4/2026 16:57,10.54,0,0.25,0,1.99,27.65
7/4/2026 16:57,10.93,1,0,0,1.99,28.27
7/4/2026 16:57,11.16,1,0,0,1.99,41.34
7/4/2026 16:57,11.37,0,0.25,0,1.99,26.23
7/4/2026 16:57,11.61,0,0.25,0,1.99,65.79
7/4/2026 16:57,11.68,0,0.25,0,1.99,65.44
7/4/2026 16:57,11.53,1,0,0,1.99,41.11
7/4/2026 16:57,11.34,0,0.25,0,1.98,46.26
7/4/2026 16:57,11.15,1,0,0,1.98,47.26
7/4/2026 16:57,10.93,1,0,0,1.98,100
7/4/2026 16:57,10.81,1,0,0.01,1.98,65.34
7/4/2026 16:57,10.9,1,0,0.05,1.98,45.03
7/4/2026 16:57,11.13,1,0,0.08,1.98,51.64
7/4/2026 16:57,11.48,1,0,0.12,1.94,43.64
7/4/2026 16:57,11.79,0,0.25,0.1,1.93,26.79
7/4/2026 16:57,12.12,1,0,0.09,1.9,63.75
7/4/2026 16:57,12.31,1,0,0.08,1.89,61.26
7/4/2026 16:57,12.49,1,0,0.08,1.87,38.41
7/4/2026 16:57,12.76,1,0,0.05,1.86,37.93
7/4/2026 16:57,13.11,1,0,0.07,1.83,61.16
7/4/2026 16:57,13.44,0,0.25,0.06,1.82,68.2
7/4/2026 16:57,13.8,0,0.25,0.09,1.78,32.09
7/4/2026 16:57,13.94,1,0,0.09,1.76,73.84
7/4/2026 16:57,13.89,0,0.25,0.08,1.72,33.77
7/4/2026 16:57,13.76,1,0,0.08,1.7,56.27
7/4/2026 16:57,13.55,0,0.25,0.08,1.66,30.98
7/4/2026 16:57,13.32,1,0,0.07,1.64,34.86
7/4/2026 16:57,13.05,0,0.25,0.09,1.6,30.9
7/4/2026 16:57,12.77,1,0,0.07,1.59,54.84
7/4/2026 16:57,12.53,0,0.25,0.07,1.55,36.27
7/4/2026 16:57,12.23,1,0,0.07,1.54,56.63
7/4/2026 16:57,11.96,1,0,0.08,1.51,41.15
7/4/2026 16:57,11.81,0,0.25,0.07,1.5,36.98
7/4/2026 16:57,11.75,0,0.25,0.08,1.47,24.4
7/4/2026 16:57,11.62,1,0,0.07,1.46,24.82
7/4/2026 16:57,11.42,1,0,0.08,1.43,25.8
7/4/2026 16:57,11.29,1,0,0.08,1.42,31.4
7/4/2026 16:57,11.33,1,0,0.08,1.4,33.38
7/4/2026 16:57,11.55,1,0,0.07,1.39,50.64
7/4/2026 16:57,11.83,1,0,0.08,1.38,53.85
7/4/2026 16:57,12.17,1,0,0.07,1.36,42.62
7/4/2026 16:57,12.52,1,0,0.06,1.36,59.15
7/4/2026 16:57,12.94,1,0,0.08,1.33,53.39
7/4/2026 16:57,13.32,1,0,0.08,1.32,52.38
7/4/2026 16:57,13.75,1,0,0.12,1.27,37.16
7/4/2026 16:57,14.18,1,0,0.15,1.22,53.32
7/4/2026 16:57,14.58,1,0,0.12,1.19,100
7/4/2026 16:57,15.02,1,0,0.11,1.12,40.28
7/4/2026 16:57,15.4,1,0,0.12,1.07,58.33
7/4/2026 16:57,15.76,0,0.25,0.08,1.03,35.12
7/4/2026 16:57,16.14,1,0,0.09,0.96,59.59
7/4/2026 16:57,16.32,0,0.25,0.08,0.93,27.25
7/4/2026 16:57,16.41,0,0.25,0.11,0.83,32.29
7/4/2026 16:57,16.29,0,0.25,0.13,0.74,34.34
7/4/2026 16:57,16.01,0,0.25,0.12,0.71,70.57
7/4/2026 16:57,15.65,1,0,0.13,0.6,58.25
7/4/2026 16:57,15.25,0,0.25,0,0.51,30.44
7/4/2026 16:57,14.93,1,0,0,0.48,35.73
7/4/2026 16:57,14.52,1,0,0,0.35,35.91
7/4/2026 16:57,14.32,0,0.25,0,0.22,100
7/4/2026 16:57,14.24,1,0,0,0.18,83.19
7/4/2026 16:57,14.17,0,0.25,0,-0.06,27.37
7/4/2026 16:57,14.11,0,0.25,0,-0.26,40.04
7/4/2026 16:57,13.89,0,0.25,0,-0.42,36.67
7/4/2026 16:57,13.62,1,0,0.7,-0.64,62.29
7/4/2026 16:57,13.28,1,0,0.77,-0.86,37.26
7/4/2026 16:57,12.93,1,0,0.74,-1.14,46.38
7/4/2026 16:57,12.72,1,0,0.65,-1.29,24.24
7/4/2026 16:57,12.55,0,0.25,0.42,-1.43,30.3
7/4/2026 16:57,12.53,1,0,0.15,-1.49,100
7/4/2026 16:57,12.71,1,0,-0.13,-1.5,54.18
7/4/2026 16:57,12.87,0,0.25,-0.31,-1.47,25.85
7/4/2026 16:57,13.07,1,0,-0.31,-1.42,43.63
7/4/2026 16:57,13.06,1,0,-0.19,-1.39,51.5
7/4/2026 16:57,13.2,1,0,0,-1.41,34.6
7/4/2026 16:57,13.46,0,0.25,0.12,-1.44,25.86
7/4/2026 16:57,13.66,1,0,0.15,-1.47,100
7/4/2026 16:57,13.76,1,0,0.1,-1.48,35.75
7/4/2026 16:57,13.86,0,0.25,0.01,-1.48,100
7/4/2026 16:57,14.04,0,0,-0.05,-1.47,50.9
7/4/2026 16:57,14.1,0,0,0.05,-1.46,71.45
7/4/2026 16:57,13.96,0,0,0.1,-1.44,58.64
7/4/2026 16:57,13.7,0,0.25,0.15,-1.41,29.69
7/4/2026 16:57,13.35,0,0,0.2,-1.36,52.18
7/4/2026 16:57,12.99,0,0,0.25,-1.28,44.57
7/4/2026 16:57,12.55,0,0.25,0.3,-1.15,31.82
7/4/2026 16:57,12.03,0,0.25,0.35,-0.96,30.56
7/4/2026 16:57,11.58,0,0.25,0.4,-0.77,18.58
7/4/2026 16:57,11.07,0,0.25,0.45,-0.5,17.73
7/4/2026 16:57,10.53,0,0.25,0.5,-0.18,17.09
7/4/2026 16:57,10.03,0,0.25,0.55,0.14,19.25
7/4/2026 16:57,9.51,0,0.25,0.55,0.53,20.91
7/4/2026 16:57,9,0,0.25,0.55,0.97,17.54
7/4/2026 16:57,8.6,0,0.25,0.55,1.38,16.92
7/4/2026 16:57,8.19,0,0,0.55,1.85,21.05
7/4/2026 16:57,7.78,0,0,0.55,2.43,23.04
7/4/2026 16:57,7.49,0,0,0.55,2.43,23.37
7/4/2026 16:57,7.22,0.08,0,0.55,2.16,47.71
7/4/2026 16:57,6.98,0.16,0,0.47,1.93,52.9
7/4/2026 16:57,6.83,0.24,0,0.39,1.77,26.47
7/4/2026 16:57,6.74,0.32,0,0.31,1.64,36.36
7/4/2026 16:57,6.69,0.4,0,0.23,1.55,39.84
7/4/2026 16:57,6.69,0.48,0,0.15,1.47,29.04
7/4/2026 16:57,6.72,0.56,0,0.07,1.39,26.73
7/4/2026 16:57,6.78,0.64,0,0.4,1.33,27.58
7/4/2026 16:57,6.88,0.72,0,0.29,1.3,27.76
7/4/2026 16:57,6.99,0.8,0,0.15,1.29,83.1
7/4/2026 16:57,7.2,0.88,0,0,1.31,53.8
7/4/2026 16:57,7.52,0.96,0,-0.12,1.34,25.31
7/4/2026 16:57,7.86,1,0,-0.19,1.37,100
7/4/2026 16:57,8.23,1,0,-0.2,1.39,31.37
7/4/2026 16:57,8.6,1,0,-0.15,1.4,25.59
7/4/2026 16:57,9.02,1,0,-0.1,1.4,57.43
7/4/2026 16:57,9.6,1,0,-0.01,1.39,100
7/4/2026 16:57,10.02,1,0,0.04,1.38,100
7/4/2026 16:57,10.43,1,0,0.04,1.37,30.12
7/4/2026 16:57,10.92,1,0,0.02,1.36,60.94
7/4/2026 16:57,11.41,1,0,0,1.37,27.26
7/4/2026 16:57,11.89,1,0,-0.01,1.37,61.64
7/4/2026 16:57,12.35,1,0,-0.01,1.37,100
7/4/2026 16:57,12.79,1,0,-0.01,1.37,28.22
7/4/2026 16:57,13.31,1,0,0,1.37,57.05
7/4/2026 16:57,13.76,0,0.25,0.01,1.37,39.05
7/4/2026 16:57,14.14,1,0,0.01,1.37,27.13
7/4/2026 16:57,14.44,0,0.25,0,1.37,39.13
7/4/2026 16:57,14.6,0,0.25,0,1.37,25.28
7/4/2026 16:57,14.54,1,0,0,1.37,55.36
7/4/2026 16:57,14.38,1,0,0,1.37,62.53
7/4/2026 16:57,14.26,1,0,0,1.37,100
7/4/2026 16:57,14.3,1,0,0,1.37,35.52
7/4/2026 16:57,14.55,0,0.25,0,1.37,31.08
7/4/2026 16:57,14.79,1,0,0,1.37,28.25
7/4/2026 16:57,14.92,1,0,0,1.37,100
7/4/2026 16:57,15.05,0,0.25,0,1.37,29.81
7/4/2026 16:57,15.24,1,0,0,1.37,100
7/4/2026 16:57,15.38,0,0.25,0,1.37,24.56
7/4/2026 16:57,15.53,0,0.25,0,1.37,28.61
7/4/2026 16:57,15.52,1,0,0,1.37,25.7
7/4/2026 16:57,15.37,1,0,0,1.37,100
7/4/2026 16:57,15.21,1,0,0,1.37,95.39
7/4/2026 16:57,15.23,1,0,0,1.37,29.07
7/4/2026 16:57,15.45,1,0,0,1.37,91.65
7/4/2026 16:57,15.73,1,0,0,1.37,100
7/4/2026 16:57,16.06,1,0,0,1.37,100
7/4/2026 16:57,16.48,0,0.25,-0.01,1.37,29.85
7/4/2026 16:57,16.83,1,0,-0.01,1.38,75.15
7/4/2026 16:57,17.04,1,0,-0.01,1.38,100
7/4/2026 16:57,17.21,1,0,-0.01,1.39,71.68
7/4/2026 16:57,17.48,0,0.25,0,1.39,100
7/4/2026 16:57,17.78,1,0,0,1.39,100
7/4/2026 16:57,17.92,1,0,0.01,1.39,53.46
7/4/2026 16:57,18.07,0,0.25,0.01,1.39,28.18
7/4/2026 16:57,18.27,0,0.25,-0.05,1.39,30.79
7/4/2026 16:57,18.29,0,0,-0.1,1.39,35.72
7/4/2026 16:57,18.04,0,0.25,-0.15,1.36,45.8
7/4/2026 16:57,17.68,0,0.25,-0.2,1.32,100
7/4/2026 16:57,17.21,0,0.25,-0.25,1.24,41.65
7/4/2026 16:57,16.7,0,0.25,-0.3,1.12,74.2
7/4/2026 16:57,16.1,0,0,-0.35,0.94,50.21
7/4/2026 16:57,15.46,0,0.25,-0.4,0.7,24.62
7/4/2026 16:57,14.79,0,0,-0.45,0.41,38.8
7/4/2026 16:57,14.08,0,0,-0.5,0.05,40.1
7/4/2026 16:57,13.33,0,0.25,-0.55,0.2,30.39
7/4/2026 16:57,12.55,0,0,-0.55,-0.15,37.77
7/4/2026 16:57,11.8,0,0.25,-0.55,-0.52,20.35
7/4/2026 16:57,11.11,0,0.25,-0.55,-0.93,19.04
7/4/2026 16:57,10.45,0,0.25,-0.47,-1.01,20.15
7/4/2026 16:57,9.83,0.16,0,-0.39,-0.36,65.42
7/4/2026 16:57,9.49,0.24,0,-0.31,0.15,28.59
7/4/2026 16:57,9.21,0.32,0,-0.23,0.81,22.51
7/4/2026 16:57,9.05,0.4,0,-0.15,-1.01,26.95
7/4/2026 16:57,8.99,0.48,0,-0.07,-0.42,51.97
7/4/2026 16:57,8.98,0.56,0,0,0.16,63.66
7/4/2026 16:57,9.01,0.64,0,0,-0.22,30.24
7/4/2026 16:57,9.09,0.72,0,0,0.38,25.32
7/4/2026 16:57,9.24,0.8,0,-4.81,1.06,24.52
7/4/2026 16:57,9.41,0,0.25,-6.59,-0.99,24.55
7/4/2026 16:57,9.49,0,0.25,0,-0.47,23.32
7/4/2026 16:57,9.47,0,0.25,0,0.1,22.64
7/4/2026 16:57,9.32,0,0.25,0,0.52,24.04
7/4/2026 16:57,9.07,0,0.25,-6.68,1.05,21.37
7/4/2026 16:57,8.77,0,0.25,-6.75,1.5,22.48
7/4/2026 16:57,8.34,1,0,-6.79,1.99,21.98
7/4/2026 16:57,7.86,1,0,-6.71,2.48,23.69
7/4/2026 16:57,7.54,1,0,-6.59,2.87,42.37
7/4/2026 16:57,7.21,1,0,-6.35,3.35,29.64
7/4/2026 16:57,7.07,0.91,0,-6.06,3.81,19.43
7/4/2026 16:57,6.93,0,0.25,-5.78,4.28,13.94
7/4/2026 16:57,7,0,0.25,-5.42,4.77,13.07
7/4/2026 16:57,6.9,0,1,-5.06,5.2,8.46
7/4/2026 16:57,6.67,0,0.25,-4.67,5.58,7.8
7/4/2026 16:57,6.32,0,0.25,-4.11,6,13.58
7/4/2026 16:57,5.52,0,1,-3.67,6.38,4.79
7/4/2026 16:57,5.1,0,1,-3.1,6.61,4.3
7/4/2026 16:57,4.63,1,0,-2.68,6.81,10.08
7/4/2026 16:57,4.2,1,0,-2.11,6.93,92.94
7/4/2026 16:57,4.19,1,0,-1.6,6.98,27.13
7/4/2026 16:57,4.38,1,0,-1.18,6.98,28.64
7/4/2026 16:57,4.62,1,0,-0.83,6.95,38.16
7/4/2026 16:57,5.05,1,0,-0.33,6.88,58.84
7/4/2026 16:57,5.55,1,0,0.09,6.78,54.56
7/4/2026 16:57,6.09,1,0,0.48,6.65,41.4
7/4/2026 16:57,6.5,1,0,0.74,6.52,100
7/4/2026 16:57,6.83,1,0,0.89,6.4,31.83
7/4/2026 16:57,7.16,1,0,0.98,6.28,31.31
7/4/2026 16:57,7.39,1,0,1,6.18,34.6
7/4/2026 16:57,7.57,1,0,0.95,6.1,97.11
7/4/2026 16:57,7.67,1,0,0.83,6.03,70.55
7/4/2026 16:57,7.87,1,0,0.69,6,29.96
7/4/2026 16:57,8.24,1,0,0.31,6.01,27.83
7/4/2026 16:57,8.82,1,0,-0.02,6.08,11.47
7/4/2026 16:57,9.32,0,0.25,-0.24,6.15,20.92
7/4/2026 16:57,9.67,0,0.25,-0.32,6.23,20.77
7/4/2026 16:57,9.73,0,0.25,-0.05,6.28,19.62
7/4/2026 16:57,9.65,0,0.25,-0.1,6.31,36.28
7/4/2026 16:57,9.48,0,0,-0.15,6.32,34.15
7/4/2026 16:57,9.26,0,0,-0.2,6.32,44.38
7/4/2026 16:57,9.01,0,0,-0.25,6.3,7.21
7/4/2026 16:57,8.75,0,0,-0.3,6.25,31.11
7/4/2026 16:57,8.47,0,0,-0.35,6.17,6.09
7/4/2026 16:57,8.2,0,0,-0.4,6.06,83.44
7/4/2026 16:57,7.88,0,0,-0.45,5.9,68.05
7/4/2026 16:57,7.58,0,0,-0.5,5.72,39.47
7/4/2026 16:57,7.29,0.08,0,-0.55,5.51,86.47
7/4/2026 16:57,7.21,0.16,0,-0.47,5.31,37.14
7/4/2026 16:57,7.17,0.24,0,-0.39,5.05,39.1
7/4/2026 16:57,6.9,0.32,0,-0.31,4.76,30.46
7/4/2026 16:57,6.81,0.4,0,-0.23,4.48,22.13
7/4/2026 16:57,6.74,0.48,0,-0.15,4.19,43.24
7/4/2026 16:57,6.75,0.56,0,-0.06,3.86,18.59
7/4/2026 16:57,6.78,0.64,0,1.97,3.61,18.06
7/4/2026 16:57,6.85,0.72,0,1.98,3.27,34.27
7/4/2026 16:57,6.94,0.8,0,1.92,3.02,24.98
7/4/2026 16:57,7.03,0.88,0,1.81,2.76,28.61
7/4/2026 16:57,6.91,0.96,0,1.63,2.57,17.69
7/4/2026 16:57,6.97,1,0,1.39,2.41,23.04
7/4/2026 16:57,7.07,1,0,1.06,2.3,25.78
7/4/2026 16:57,7.15,1,0,0.74,2.28,60.49
7/4/2026 16:57,7.51,1,0,0.35,2.31,66.85
7/4/2026 16:57,8.06,1,0,0.03,2.38,58.33
7/4/2026 16:57,8.47,1,0,-0.13,2.45,36.56
7/4/2026 16:57,9,1,0,-0.29,2.56,77.54
7/4/2026 16:57,9.34,1,0,-0.26,2.61,72.01
7/4/2026 16:57,9.71,1,0,-0.16,2.63,55.07
7/4/2026 16:57,10.15,1,0,-0.04,2.62,55.23
7/4/2026 16:57,10.59,1,0,0.05,2.6,75.12
7/4/2026 16:57,11.02,1,0,0.08,2.58,69.63
7/4/2026 16:57,11.48,1,0,0.06,2.57,68.56
7/4/2026 16:57,11.9,1,0,0.02,2.57,55.83
7/4/2026 16:57,12.33,1,0,-0.01,2.58,19.56
7/4/2026 16:57,12.71,0,0.25,-0.03,2.58,18.93
7/4/2026 16:57,13.13,0,0.25,-0.02,2.59,65.23
7/4/2026 16:57,13.28,1,0,-0.01,2.59,64.42
7/4/2026 16:57,13.23,1,0,0.01,2.59,48.14
7/4/2026 16:57,13.17,1,0,0.01,2.58,44.46
7/4/2026 16:57,13.22,0,0.25,0.01,2.58,24.46
7/4/2026 16:57,13.38,1,0,0,2.58,65.86
7/4/2026 16:57,13.48,1,0,0,2.58,41.24
7/4/2026 16:57,13.64,1,0,0,2.58,43.62
7/4/2026 16:57,13.89,1,0,0,2.59,42.72
7/4/2026 16:57,14.2,1,0,0,2.59,39.9
7/4/2026 16:57,14.6,1,0,-0.05,2.58,38.87
7/4/2026 16:57,15.06,0,0.25,-0.1,2.58,31.59
7/4/2026 16:57,15.36,0,0,-0.15,2.56,38.75
7/4/2026 16:57,15.46,0,0,-0.2,2.51,24.15
7/4/2026 16:57,15.27,0,0.25,-0.25,2.41,52.34
7/4/2026 16:57,14.89,0,0,-0.3,2.27,50.9
7/4/2026 16:57,14.4,0,0.25,-0.35,2.07,35.61
7/4/2026 16:57,13.94,0,0.25,-0.4,1.85,32.32
7/4/2026 16:57,13.36,0,0.25,-0.45,1.57,34.51
7/4/2026 16:57,12.79,0,0,-0.5,1.26,33.04
7/4/2026 16:57,12.14,0,0,-0.55,0.86,54.34
7/4/2026 16:57,11.48,0,0,-0.55,0.4,35.19
7/4/2026 16:57,10.87,0,0,-0.55,-0.08,43.05
7/4/2026 16:57,10.31,0,0,-0.55,-0.59,40
7/4/2026 16:57,9.81,0,0,-0.55,-1.11,54.11
7/4/2026 16:57,9.34,0,0,-0.55,-1.65,81.24
7/4/2026 16:57,8.91,0,0,-0.55,1.29,80.71
7/4/2026 16:57,8.53,0,0,-0.55,0.74,54.2
7/4/2026 16:57,8.21,0,0.25,-0.55,0.23,19.64
7/4/2026 16:57,7.88,0,0,-0.55,-0.29,22.63
7/4/2026 16:57,7.55,0,0.25,-0.55,-0.85,81.21
7/4/2026 16:57,7.24,0,0,-0.55,-1.37,23.35
7/4/2026 16:57,7.01,0,0,-0.55,-1.73,21.89
7/4/2026 16:57,6.74,0,0,-0.55,-1.25,20.04
7/4/2026 16:57,6.52,0,0,-0.55,-0.85,41.5
7/4/2026 16:57,6.32,0.08,0,-0.55,-0.5,21.85
7/4/2026 16:57,6.13,0.16,0,-0.55,-0.17,24.81
7/4/2026 16:57,5.98,0.24,0,-0.55,0.13,22.21
7/4/2026 16:57,5.86,0.32,0,-0.55,0.42,20.84
7/4/2026 16:57,5.77,0.4,0,-0.47,0.72,17.42
7/4/2026 16:57,5.82,0.48,0,-0.47,0.95,17.53
7/4/2026 16:57,5.82,0.56,0,-0.47,1.14,16.89
7/4/2026 16:57,5.92,0.64,0,-0.47,1.36,17.56
7/4/2026 16:57,6.01,0.72,0,-0.4,1.51,18.89
7/4/2026 16:57,6.21,0.8,0,-0.33,1.68,18.76
7/4/2026 16:57,6.49,0.88,0,-0.31,-1.65,20.93
7/4/2026 16:57,6.81,0.96,0,-0.23,-1.47,22.6
7/4/2026 16:57,7.19,1,0,-0.28,-1.32,23.85
7/4/2026 16:57,7.52,1,0,-0.33,-1.19,25.86
7/4/2026 16:57,7.88,1,0,-0.38,-1.07,29.62
7/4/2026 16:57,8.25,1,0,-0.43,-0.97,33.18
7/4/2026 16:57,8.6,1,0,-0.48,-0.91,56.26
7/4/2026 16:57,9.02,1,0,-0.4,-0.9,93.14
7/4/2026 16:57,9.43,1,0,-0.32,-0.95,100
7/4/2026 16:57,9.88,1,0,-0.24,-1.03,28.1
7/4/2026 16:57,10.29,1,0,-0.16,-1.14,24.1
7/4/2026 16:57,10.76,1,0,-0.08,-1.3,36.06
7/4/2026 16:57,11.24,1,0,0.72,-1.49,41.53
7/4/2026 16:57,11.63,0,0.25,0.77,-1.68,24.81
7/4/2026 16:57,11.89,0,0.25,0.71,1.64,49.09
7/4/2026 16:57,11.85,1,0,0.57,1.51,52.19
7/4/2026 16:57,11.57,1,0,0.33,1.43,49.68
7/4/2026 16:57,11.43,1,0,0.05,1.42,23.93
7/4/2026 16:57,11.62,0,0.25,-0.17,1.46,27.84
7/4/2026 16:57,11.79,0,0.25,-0.25,1.5,29.01
7/4/2026 16:57,11.73,1,0,-0.19,1.54,32.29
7/4/2026 16:57,11.59,1,0,-0.08,1.54,58.99
7/4/2026 16:57,11.5,1,0,0.03,1.53,41.29
7/4/2026 16:57,11.61,1,0,0.08,1.51,35.38
7/4/2026 16:57,11.84,0,0.25,0.07,1.5,25.47
7/4/2026 16:57,12.13,1,0,0.02,1.5,56.4
7/4/2026 16:57,12.26,0,0.25,-0.02,1.5,31.19
7/4/2026 16:57,12.36,1,0,-0.03,1.51,30.28
7/4/2026 16:57,12.32,0,0.25,-0.02,1.51,31.88
7/4/2026 16:57,12.21,1,0,-0.01,1.51,49.31
7/4/2026 16:57,12.05,1,0,0,1.51,100
7/4/2026 16:57,11.94,1,0,0.01,1.51,100
7/4/2026 16:57,12.01,1,0,0,1.51,62.91
7/4/2026 16:57,12.21,1,0,0,1.51,23.72
7/4/2026 16:57,12.55,1,0,-0.01,1.51,32.17
7/4/2026 16:57,12.88,1,0,-0.01,1.51,100
7/4/2026 16:57,13.33,1,0,-0.01,1.51,100
7/4/2026 16:57,13.72,0,0.25,0,1.52,31.34
7/4/2026 16:57,14.16,0,0.25,0,1.52,30.28
7/4/2026 16:57,14.3,1,0,0,1.52,45.52
7/4/2026 16:57,14.21,1,0,0,1.52,42.96
7/4/2026 16:57,14.14,1,0,0,1.52,100
7/4/2026 16:57,14.23,0,0.25,0.01,1.52,26.6
7/4/2026 16:57,14.37,0,0.25,0,1.52,34.3
7/4/2026 16:57,14.37,1,0,0,1.52,42.82
7/4/2026 16:57,14.18,0,0.25,0.05,1.52,30.14
7/4/2026 16:57,13.99,0,0.25,0.1,1.52,27.71
7/4/2026 16:57,13.64,1,0,0.15,1.55,36.18
7/4/2026 16:57,13.27,1,0,0.2,1.6,40.09
7/4/2026 16:57,13.06,1,0,0.25,1.67,59.83
7/4/2026 16:57,12.99,1,0,0.3,-1.71,40.2
7/4/2026 16:57,13.05,1,0,0.35,-1.56,48.8
7/4/2026 16:57,13.17,0,0.25,0.4,-1.34,24.4
7/4/2026 16:57,13.24,0,0.25,0.45,-1.07,34.19
7/4/2026 16:57,13.11,0,0.25,0.5,-0.71,30.67
7/4/2026 16:57,12.73,0,0.25,0.55,-0.29,34.27
7/4/2026 16:57,12.07,1,0,0.47,0.29,36.37
7/4/2026 16:57,11.55,1,0,0.39,-0.16,30.44
7/4/2026 16:57,11.25,0,0.25,0.31,0.16,23.75
7/4/2026 16:57,11.14,0,0.25,0.23,0.5,24.06
7/4/2026 16:57,10.97,1,0,0.15,0.88,22.05
7/4/2026 16:57,10.78,1,0,0.07,1.23,65.12
7/4/2026 16:57,10.66,0,0.25,-1.47,1.61,79.92
7/4/2026 16:57,10.65,1,0,-1.32,1.97,64.22
7/4/2026 16:57,10.51,1,0,-1.04,2.25,47.89
7/4/2026 16:57,10.34,1,0,-0.68,2.42,48.08
7/4/2026 16:57,10.22,1,0,-0.25,2.47,81.97
7/4/2026 16:57,10.37,1,0,0.22,2.42,82.97
7/4/2026 16:57,10.75,1,0,0.64,2.29,25.62
7/4/2026 16:57,11.09,0,0.25,0.93,2.1,27.92
7/4/2026 16:57,11.32,0,0.25,1.09,1.87,100
7/4/2026 16:57,11.28,0,0.25,1.13,1.65,24.94
7/4/2026 16:57,10.92,1,0,1.15,1.4,43.92
7/4/2026 16:57,10.35,1,0,0.99,1.18,75.55
7/4/2026 16:57,9.81,1,0,0.87,1.01,55.33
7/4/2026 16:57,9.42,1,0,0.61,0.89,54.55
7/4/2026 16:57,9.36,0,0.25,0.27,0.86,43.26
7/4/2026 16:57,9.73,1,0,-0.06,0.9,72.7
7/4/2026 16:57,9.98,1,0,-0.27,0.96,49.8
7/4/2026 16:57,10.12,0,0.25,-0.33,1.03,18.73
7/4/2026 16:57,10.24,1,0,-0.25,1.07,49.86
7/4/2026 16:57,10.35,1,0,-0.12,1.07,55.53
7/4/2026 16:57,10.61,1,0,0.02,1.05,68.82
7/4/2026 16:57,10.89,0,0.25,0.09,1.03,25.33
7/4/2026 16:57,11.17,0,0.25,0.08,1.02,69.86
7/4/2026 16:57,11.26,1,0,0.05,1.01,44.74
7/4/2026 16:57,11.19,1,0,0.01,1.02,40.82
7/4/2026 16:57,11.14,0,0.25,-0.03,1.02,57.65
7/4/2026 16:57,11.19,1,0,-0.03,1.03,31.92
7/4/2026 16:57,11.2,0,0.25,-0.01,1.03,62.4
7/4/2026 16:57,11.18,1,0,0,1.03,27.3
7/4/2026 16:57,11.08,0,0.25,0.01,1.03,61.16
7/4/2026 16:57,10.97,1,0,0.01,1.02,38.32
7/4/2026 16:57,10.76,0,0.25,0,1.02,28.44
7/4/2026 16:57,10.6,1,0,0,1.03,37.56
7/4/2026 16:57,10.41,1,0,0,1.03,44.71
7/4/2026 16:57,10.3,1,0,0,1.03,36.24
7/4/2026 16:57,10.36,1,0,0,1.03,49.72
7/4/2026 16:57,10.62,1,0,0,1.03,37.64
7/4/2026 16:57,11.04,1,0,0,1.03,55.29
7/4/2026 16:57,11.43,0,0.25,0,1.03,27.59
7/4/2026 16:57,11.79,1,0,0,1.03,59.02
7/4/2026 16:57,11.98,1,0,0,1.03,59.68
7/4/2026 16:57,12.17,1,0,0,1.03,33.81
7/4/2026 16:57,12.52,1,0,0,1.03,27.57
7/4/2026 16:57,12.85,1,0,0,1.03,50.2
7/4/2026 16:57,13.2,0,0.25,0,1.03,28.19
7/4/2026 16:57,13.57,1,0,0,1.03,48.75
7/4/2026 16:57,13.78,1,0,0,1.03,26.99
7/4/2026 16:57,13.99,1,0,0,1.03,30.67
7/4/2026 16:57,14.35,1,0,0.36,0.91,45.72
7/4/2026 16:57,14.68,1,0,0.54,0.76,45.2
7/4/2026 16:57,14.91,0,0.25,0.05,0.57,22.18
7/4/2026 16:57,15.17,0,0.25,0.1,0.36,34.75
7/4/2026 16:57,15.34,0,0,0.15,-0.1,41.66
7/4/2026 16:57,15.13,0,0.25,0.2,-0.44,37.64
7/4/2026 16:57,14.74,0,0.25,0.25,-0.82,36.1
7/4/2026 16:57,14.3,0,0.25,0.3,0.75,34.63
7/4/2026 16:57,13.8,0,0.25,0.35,0.66,33.72
7/4/2026 16:57,13.4,0,0.25,0.4,0.6,32.06
7/4/2026 16:57,12.69,0,0,0.45,0.53,100
7/4/2026 16:57,12.08,0,0.25,0.5,0.5,17.02
7/4/2026 16:57,11.51,0,0.25,0.55,0.5,18.16
7/4/2026 16:57,10.83,0,0.25,0.55,0.52,21.91
7/4/2026 16:57,10.25,0,0,0.55,0.55,28.06
7/4/2026 16:57,9.73,0,0,0.55,0.61,100
7/4/2026 16:57,9.28,0,0,0.55,0.7,31.79
7/4/2026 16:57,8.8,0,0,0.55,0.85,47.69
7/4/2026 16:57,8.36,0.08,0,0.47,1.02,46.78
7/4/2026 16:57,8.13,0.16,0,0.39,1.17,56.52
7/4/2026 16:57,7.97,0.24,0,0.31,1.33,24.17
7/4/2026 16:57,7.85,0.32,0,0.23,1.51,37.94
7/4/2026 16:57,7.77,0.4,0,0.15,1.68,53.99
7/4/2026 16:57,7.75,0.48,0,0.07,1.82,27.46
7/4/2026 16:57,7.76,0.56,0,-0.68,-1.69,69.32
7/4/2026 16:57,7.78,0.64,0,-0.57,-1.57,27.06
7/4/2026 16:57,7.78,0.72,0,-0.34,-1.5,90.3
7/4/2026 16:57,7.85,0.8,0,-0.08,-1.5,56.16
7/4/2026 16:57,8.08,0.88,0,0.09,-1.55,53.36
7/4/2026 16:57,8.31,0.96,0,0.14,-1.58,52.75
7/4/2026 16:57,8.6,1,0,0.1,-1.6,29.35
7/4/2026 16:57,8.95,1,0,0.05,-1.6,50.88
7/4/2026 16:57,9.34,1,0,0,-1.59,59.32
7/4/2026 16:57,9.77,1,0,-0.03,-1.58,61.08
7/4/2026 16:57,10.2,1,0,-0.03,-1.57,80.02
7/4/2026 16:57,10.64,1,0,-0.01,-1.57,56.2
7/4/2026 16:57,11.05,1,0,0,-1.57,39
7/4/2026 16:57,11.57,0,0.25,0.01,-1.58,46.67
7/4/2026 16:57,11.93,1,0,0.01,-1.58,57.37
7/4/2026 16:57,12.25,1,0,0,-1.58,80.52
7/4/2026 16:57,12.57,1,0,0,-1.58,74.74
7/4/2026 16:57,12.92,1,0,0,-1.58,45.4
7/4/2026 16:57,13.28,0,0.25,0,-1.58,25.19
7/4/2026 16:57,13.59,1,0,0,-1.58,49.34
7/4/2026 16:57,13.79,1,0,0,-1.58,71.23
7/4/2026 16:57,13.96,1,0,0,-1.58,70.58
7/4/2026 16:57,14.22,1,0,0,-1.58,40.94
7/4/2026 16:57,14.53,1,0,0,-1.58,66.64
7/4/2026 16:57,14.94,1,0,0,-1.58,49.05
7/4/2026 16:57,15.28,1,0,0,-1.58,47.72
7/4/2026 16:57,15.68,1,0,0,-1.58,70.23
7/4/2026 16:57,16.08,1,0,0,-1.58,41.79
7/4/2026 16:57,16.45,0,0.25,0,-1.58,63.37
7/4/2026 16:57,16.84,1,0,0,-1.58,62.68
7/4/2026 16:57,17.03,1,0,0,-1.58,36.48
7/4/2026 16:57,17.18,0,0.25,0.06,-1.59,33.54
7/4/2026 16:57,17.37,0,0.25,0.13,-1.63,36.01
7/4/2026 16:57,17.32,0,0.25,0.15,-1.7,27.95
7/4/2026 16:57,17.05,0,0.25,0.12,1.75,30.19
7/4/2026 16:57,16.65,0,0.25,0.09,1.7,40.34
7/4/2026 16:57,16.27,0,0.25,0.05,1.65,58.96
7/4/2026 16:57,15.88,0,0.25,0.03,1.61,25.91
7/4/2026 16:57,15.42,0,0.25,0.03,1.57,31.38
7/4/2026 16:57,14.95,0,0.25,0.06,1.52,35.04
7/4/2026 16:57,14.52,0,0,0.07,1.48,33.43
7/4/2026 16:57,14.05,0,0.25,0.09,1.43,55.97
7/4/2026 16:57,13.62,0,0.25,0.09,1.39,32.52
7/4/2026 16:57,13.2,0,0,0.09,1.36,55.23
7/4/2026 16:57,12.83,0,0,0.07,1.34,31.29
7/4/2026 16:57,12.48,0,0.25,0.06,1.31,55.84
7/4/2026 16:57,12.1,0,0.25,0.06,1.3,54.32
7/4/2026 16:57,11.7,0,0.25,0.07,1.27,30.21
7/4/2026 16:57,11.37,0,0,0.06,1.26,26.93
7/4/2026 16:57,11.02,0,0,0.07,1.25,27.52
7/4/2026 16:57,10.71,0,0,0.08,1.23,55.24
7/4/2026 16:57,10.43,0,0,0.07,1.22,28.82
7/4/2026 16:57,10.14,0,0,0.08,1.21,29.67
7/4/2026 16:57,9.85,0,0,0.07,1.2,25.86
7/4/2026 16:57,9.58,0,0.25,0.06,1.2,28.47
7/4/2026 16:57,9.23,0,0,0.07,1.19,26.93
7/4/2026 16:57,8.97,0,0,0.05,1.19,27.79
7/4/2026 16:57,8.7,0,0,0.1,1.18,27.14
7/4/2026 16:57,8.48,0,0,0.15,1.18,25.95
7/4/2026 16:57,8.22,0,0,0.2,1.18,50.34
7/4/2026 16:57,7.93,0,0,0.25,1.2,51.8
7/4/2026 16:57,7.67,0,0,0.3,1.24,41.49
7/4/2026 16:57,7.41,0,0,0.35,1.3,57.93
7/4/2026 16:57,7.16,0,0,0.4,1.39,54.01
7/4/2026 16:57,6.92,0.08,0,0.45,1.49,33.68
7/4/2026 16:57,6.66,0.16,0,0.37,1.63,24.82
7/4/2026 16:57,6.54,0.24,0,0.29,-1.72,62.73
7/4/2026 16:57,6.46,0.32,0,0.21,-1.57,34.22
7/4/2026 16:57,6.42,0.4,0,0.13,-1.41,29.01
7/4/2026 16:57,6.42,0.48,0,0.05,-1.26,42.67
7/4/2026 16:57,6.46,0.56,0,-0.92,-1.1,58.25
7/4/2026 16:57,6.51,0.64,0,-0.89,-0.97,44.41
7/4/2026 16:57,6.56,0.72,0,-0.8,-0.87,44.51
7/4/2026 16:57,6.61,0.8,0,-0.64,-0.82,35.68
7/4/2026 16:57,6.65,0.88,0,-0.41,-0.78,29.88
7/4/2026 16:57,6.9,0.96,0,-0.15,-0.81,30.87
7/4/2026 16:57,7.32,1,0,0.05,-0.88,55.83
7/4/2026 16:57,7.68,1,0,0.17,-0.94,26.32
7/4/2026 16:57,8.08,1,0,0.21,-0.96,28.07
7/4/2026 16:57,8.45,1,0,0.19,-0.98,37.22
7/4/2026 16:57,8.96,1,0,0.12,-1,53.05
7/4/2026 16:57,9.45,1,0,0.09,-0.98,58.23
7/4/2026 16:57,9.9,1,0,0.07,-1,35.21
7/4/2026 16:57,10.4,1,0,0.09,-0.99,34.93
7/4/2026 16:57,10.85,1,0,0.08,-1.01,37.05
7/4/2026 16:57,11.28,0,0.25,0.05,-1.05,33.74
7/4/2026 16:57,11.7,1,0,0.1,-1.05,27.45
7/4/2026 16:57,11.96,1,0,0.15,-1.11,34.57
7/4/2026 16:57,12.18,1,0,0.07,-1.12,65.06
7/4/2026 16:57,12.48,1,0,0.12,-1.16,33.68
7/4/2026 16:57,12.78,0,0.25,0.12,-1.18,32.24
7/4/2026 16:57,13.08,1,0,0.1,-1.22,29.05
7/4/2026 16:57,13.29,1,0,0.1,-1.24,44.17
7/4/2026 16:57,13.5,1,0,0.1,-1.29,28.02
7/4/2026 16:57,13.79,1,0,0.05,-1.31,42.84
7/4/2026 16:57,14.13,0,0.25,0.1,-1.36,49.54
7/4/2026 16:57,14.43,1,0,0.02,-1.41,53.65
7/4/2026 16:57,14.6,1,0,0.15,-1.47,32.25
7/4/2026 16:57,14.72,1,0,0.18,-1.52,51.15
7/4/2026 16:57,14.9,0,0.25,0.19,-1.58,33.54
7/4/2026 16:57,15.11,1,0,0.13,-1.65,57.41
7/4/2026 16:57,15.24,1,0,0.09,-1.7,100
7/4/2026 16:57,15.37,1,0,0.07,1.76,46.45
7/4/2026 16:57,15.62,1,0,0.05,1.71,50.76
7/4/2026 16:57,15.94,1,0,0.08,1.66,25.68
7/4/2026 16:57,16.32,0,0.25,0.03,1.6,24.83
7/4/2026 16:57,16.63,1,0,-0.04,1.58,54.32
7/4/2026 16:57,16.78,1,0,-0.07,1.58,100
7/4/2026 16:57,16.89,0,0.25,-0.04,1.57,51.77
7/4/2026 16:57,17.04,0,0.25,-0.01,1.57,31.88
7/4/2026 16:57,17.05,0,0.25,0.05,1.56,39.25
7/4/2026 16:57,16.83,1,0,0.1,1.56,58.83
7/4/2026 16:57,16.54,0,0.25,0.15,1.57,40.32
7/4/2026 16:57,16.26,1,0,0.2,1.59,47.89
7/4/2026 16:57,15.9,1,0,0.25,1.65,59.28
7/4/2026 16:57,15.52,0,0.25,0.3,-1.72,29.35
7/4/2026 16:57,15.31,0,0.25,0.35,-1.56,33.26
7/4/2026 16:57,14.94,0,0.25,0.4,-1.32,27.66
7/4/2026 16:57,14.44,0,0.25,0.45,-1.03,19.72
7/4/2026 16:57,13.64,0,0.25,0.5,-0.56,29.31
7/4/2026 16:57,12.83,0,0.25,0.55,-0.04,24.28
7/4/2026 16:57,12.15,0,0.25,0.55,0.41,24.09
7/4/2026 16:57,11.46,0,0.25,0.55,0.91,18.4
7/4/2026 16:57,10.75,1,0,0.55,1.48,22.96
7/4/2026 16:57,10,1,0,0.55,2.21,32.21
7/4/2026 16:57,9.6,1,0,0.55,2.8,34.71
7/4/2026 16:57,9.45,1,0,0.55,3.08,75.72
7/4/2026 16:57,9.49,1,0,0.55,2.8,36.87
7/4/2026 16:57,9.68,1,0,0.55,2.58,37.46
7/4/2026 16:57,9.91,1,0,0.55,2.47,29.76
7/4/2026 16:57,10.18,1,0,0.55,-2.41,27.93
7/4/2026 16:57,10.42,0,0.25,0.55,-2.02,23.82
7/4/2026 16:57,10.65,0,0.25,0.55,-1.52,23.46
7/4/2026 16:57,10.66,0,0.25,0.55,-1.05,20.27
7/4/2026 16:57,10.44,0,0.25,0.55,-0.49,21.7
7/4/2026 16:57,10.11,1,0,0.55,0.09,25.19
7/4/2026 16:57,9.76,1,0,0.55,0.54,28.43
7/4/2026 16:57,9.44,0,0.25,0.55,1.23,17.48
7/4/2026 16:57,9.31,0,0.25,0.55,1.74,15.8
7/4/2026 16:57,9.06,0,1,0.55,2.4,16.25
7/4/2026 16:57,8.39,0,1,0.55,2.95,9.85
7/4/2026 16:57,8.01,1,0,0.55,3.5,72.33
7/4/2026 16:57,7.62,1,0,0.55,4.01,57.94
7/4/2026 16:57,7.44,1,0,0.55,4.47,57.36
7/4/2026 16:57,7.49,1,0,0.55,5.02,60.58
7/4/2026 16:57,7.64,1,0,0.55,5.52,69.49
7/4/2026 16:57,7.95,1,0,0.55,6.01,62.43
7/4/2026 16:57,8.08,1,0,0.55,6.37,61.55
7/4/2026 16:57,8.43,1,0,0.55,6.71,38.75
7/4/2026 16:57,8.75,0,1,0.55,6.95,5.84
7/4/2026 16:57,9.03,1,0,0.55,7.07,32.47
7/4/2026 16:57,9.14,1,0,0.55,7.01,49.41
7/4/2026 16:57,9.28,1,0,0.55,6.78,49.07
7/4/2026 16:57,9.44,1,0,0.55,6.53,36.27
7/4/2026 16:57,9.7,1,0,0.55,6.08,24.7
7/4/2026 16:57,9.9,1,0,0.55,5.59,38.71
7/4/2026 16:57,10.04,1,0,0.55,5.03,41.47
7/4/2026 16:57,10.28,0,1,0.55,4.35,12.59
7/4/2026 16:57,10.51,0,0.25,0.55,3.75,11.37
7/4/2026 16:57,10.57,0,0.25,0.55,3.05,16
7/4/2026 16:57,10.28,0,0.25,0.55,2.31,19.36
7/4/2026 16:57,9.91,0,0.25,0.55,1.65,17.22
7/4/2026 16:57,9.39,1,0,0.55,1.07,35.99
7/4/2026 16:57,8.86,1,0,0.55,0.46,38.12
7/4/2026 16:57,8.57,0,0.25,0.55,-0.04,19.17
7/4/2026 16:57,8.41,1,0,0.55,-0.01,24.52
7/4/2026 16:57,8.27,1,0,0.55,-0.31,24.83
7/4/2026 16:57,8.21,1,0,0.55,-0.56,41.63
7/4/2026 16:57,8.34,1,0,0.47,-0.78,44.32
7/4/2026 16:57,8.68,1,0,0.39,-0.92,36.69
7/4/2026 16:57,9.11,1,0,0.31,-1.01,45.89
7/4/2026 16:57,9.51,1,0,0.23,-1.06,64.33
7/4/2026 16:57,9.95,1,0,0.15,-1.08,70.11
7/4/2026 16:57,10.43,1,0,0.07,-1.08,31.1
7/4/2026 16:57,10.87,1,0,-0.07,-1.06,27.57
7/4/2026 16:57,11.33,1,0,-0.11,-1.04,100
7/4/2026 16:57,11.77,1,0,-0.08,-1.02,34.05
7/4/2026 16:57,12.23,1,0,-0.02,-1.02,100
7/4/2026 16:57,12.64,1,0,0.02,-1.03,60.48
7/4/2026 16:57,13.08,1,0,0.04,-1.04,90.71
7/4/2026 16:57,13.5,1,0,0,-0.41,100
7/4/2026 16:57,13.94,1,0,0,0.32,78.27
7/4/2026 16:57,14.38,0,0.25,0,-0.24,94.52
7/4/2026 16:57,14.71,1,0,0,0.52,26.3
7/4/2026 16:57,14.97,1,0,0,0.53,51.33
7/4/2026 16:57,15.24,0,0.25,0,-0.44,24.18
7/4/2026 16:57,15.51,1,0,0.01,-1.06,96.45
7/4/2026 16:57,15.58,0,0.25,0.01,-1.06,42.13
7/4/2026 16:57,15.6,0,0.25,0,-1.07,24.16
7/4/2026 16:57,15.39,0,0.25,0,-1.06,100
7/4/2026 16:57,15.1,1,0,0,-1.06,26.11
7/4/2026 16:57,14.77,1,0,0,-1.06,100
7/4/2026 16:57,14.55,1,0,-2.03,-0.69,100
7/4/2026 16:57,14.48,0,0.25,0,-0.13,29.13
7/4/2026 16:57,14.55,0,0.25,0,0.44,30.89
7/4/2026 16:57,14.52,1,0,-1.39,0.95,53.61
7/4/2026 16:57,14.34,1,0,0.12,-1.15,100
7/4/2026 16:57,14.22,1,0,0.16,-1.2,65.08
7/4/2026 16:57,14.19,1,0,0.14,-1.24,100
7/4/2026 16:57,14.33,1,0,0.06,-1.25,35.15
7/4/2026 16:57,14.62,1,0,-0.02,-1.25,54.87
7/4/2026 16:57,14.96,1,0,-0.07,-1.24,68.99
7/4/2026 16:57,15.3,0,0.25,-0.07,-1.23,100
7/4/2026 16:57,15.64,0,0.25,-0.03,-1.23,26.38
7/4/2026 16:57,15.75,1,0,0.02,-1.23,73.67
7/4/2026 16:57,15.62,1,0,0.04,-1.24,47.62
7/4/2026 16:57,15.54,1,0,0.03,-1.24,100
7/4/2026 16:57,15.62,1,0,0,-1.24,27.45
7/4/2026 16:57,15.83,1,0,-0.01,-1.24,64.49
7/4/2026 16:57,16.13,1,0,-0.02,-1.23,100
7/4/2026 16:57,16.52,0,0.25,-0.01,-1.23,24.95
7/4/2026 16:57,16.82,0,0.25,0,-1.23,83.46
7/4/2026 16:57,16.91,0,0.25,0.01,-1.24,32.67
7/4/2026 16:57,16.75,1,0,0.01,-1.24,40.33
7/4/2026 16:57,16.48,0,0.25,0,-1.24,37.93
7/4/2026 16:57,16.22,0,0.25,0,-1.24,100
7/4/2026 16:57,15.9,1,0,0,-1.24,41.16
7/4/2026 16:57,15.54,1,0,0,-1.24,81.19
7/4/2026 16:57,15.27,0,0.25,0,-1.24,22.79
7/4/2026 16:57,15.12,1,0,0,-1.24,80.57
7/4/2026 16:57,14.98,1,0,0,-1.24,41.87
7/4/2026 16:57,14.9,1,0,0,-1.24,100
7/4/2026 16:57,14.99,1,0,0,-1.24,55.74
7/4/2026 16:57,15.22,0,0.25,0,-1.24,27.4
7/4/2026 16:57,15.44,1,0,0,-1.24,100
7/4/2026 16:57,15.57,1,0,0.01,-1.24,57.87
7/4/2026 16:57,15.73,1,0,0.01,-1.24,80.34
7/4/2026 16:57,15.99,1,0,0,-1.24,28.22
7/4/2026 16:57,16.29,0,0.25,-0.01,-1.24,28.49
7/4/2026 16:57,16.6,0,0.25,-0.01,-1.24,31.77
7/4/2026 16:57,16.73,1,0,-0.01,-1.24,59.55
7/4/2026 16:57,16.65,1,0,-0.02,-1.24,100
7/4/2026 16:57,16.55,0,0.25,-0.01,-1.23,86.52
7/4/2026 16:57,16.51,1,0,-0.01,-1.23,70.54
7/4/2026 16:57,16.41,1,0,-0.01,-1.22,38.37
7/4/2026 16:57,16.36,1,0,0,-1.22,79.24
7/4/2026 16:57,16.46,1,0,0.01,-1.22,85.44
7/4/2026 16:57,16.71,0,0.25,0.01,-1.22,37.85
7/4/2026 16:57,16.98,1,0,0,-1.22,94.37
7/4/2026 16:57,17.12,1,0,0,-1.22,100
7/4/2026 16:57,17.24,0,0.25,-0.01,-1.22,33.49
7/4/2026 16:57,17.42,1,0,0,-1.22,100
7/4/2026 16:57,17.5,1,0,0,-1.22,100
7/4/2026 16:57,17.63,1,0,0,-1.22,78.44
7/4/2026 16:57,17.81,0,0.25,0,-1.22,75.73
7/4/2026 16:57,18.07,1,0,0,-1.22,100
7/4/2026 16:57,18.18,1,0,0,-1.22,52.21
7/4/2026 16:57,18.28,0,0.25,0,-1.22,28.9
7/4/2026 16:57,18.43,0,0.25,0,-1.22,34.04
7/4/2026 16:57,18.42,1,0,0,-1.22,100
7/4/2026 16:57,18.22,0,0.25,0,-1.22,66.52
7/4/2026 16:57,17.96,0,0.25,0,-1.22,100
7/4/2026 16:57,17.62,1,0,0,-1.22,29.79
7/4/2026 16:57,17.24,0,0.25,0,-1.22,40.04
7/4/2026 16:57,16.84,1,0,0,-1.22,63.85
7/4/2026 16:57,16.55,0,0.25,0,-1.22,39.54
7/4/2026 16:57,16.21,1,0,0,-1.22,56.02
7/4/2026 16:57,15.85,1,0,0,-1.22,51.34
7/4/2026 16:57,15.57,1,0,0,-1.22,71.01
7/4/2026 16:57,15.49,0,0.25,0,-1.22,72.11
7/4/2026 16:57,15.57,1,0,0,-1.22,56.58
7/4/2026 16:57,15.57,1,0,0,-1.22,30.25
7/4/2026 16:57,15.61,1,0,0,-1.22,55.04
7/4/2026 16:57,15.77,1,0,0,-1.22,68.04
7/4/2026 16:57,16.09,1,0,0,-1.22,52.56
7/4/2026 16:57,16.43,0,0.25,0,-1.22,34.05
7/4/2026 16:57,16.78,1,0,0,-1.22,74.08
7/4/2026 16:57,16.92,0,0.25,0,-1.22,48.82
7/4/2026 16:57,17,1,0,0,-1.22,26.69
7/4/2026 16:57,16.9,0,0.25,0,-1.22,30.65
7/4/2026 16:57,16.77,0,0.25,0,-1.22,49.18
7/4/2026 16:57,16.49,1,0,0,-1.22,50.61
7/4/2026 16:57,16.14,1,0,0,-1.22,100
7/4/2026 16:57,15.86,0,0.25,0,-1.22,50.5
7/4/2026 16:57,15.74,0,0.25,0,-1.22,79.32
7/4/2026 16:57,15.54,1,0,0,-1.22,40.51
7/4/2026 16:57,15.29,0,0.25,0,-1.22,31.02
7/4/2026 16:57,15.05,0,0.25,0,-1.22,43.8
7/4/2026 16:57,14.69,1,0,0,-1.22,57.01
7/4/2026 16:57,14.36,1,0,0,-1.22,74.47
7/4/2026 16:57,14.15,0,0.25,0,-1.22,63.87
7/4/2026 16:57,14.04,1,0,0,-1.22,72.58
7/4/2026 16:57,13.94,1,0,0,-1.22,33.78
7/4/2026 16:57,13.9,1,0,0,-1.22,70.63
7/4/2026 16:57,13.97,1,0,0,-1.22,69.7
7/4/2026 16:57,14.21,1,0,0,-1.22,59.24
7/4/2026 16:57,14.49,1,0,0,-1.22,30
7/4/2026 16:57,14.85,1,0,0.03,-1.22,49.67
7/4/2026 16:57,15.24,1,0,0.09,-1.25,66.86
7/4/2026 16:57,15.61,1,0,0.15,-1.29,64.81
7/4/2026 16:57,15.97,0,0.25,0.15,-1.35,28.73
7/4/2026 16:57,16.25,1,0,0.13,-1.39,63.77
7/4/2026 16:57,16.43,1,0,0.1,-1.44,39.69
7/4/2026 16:57,16.59,0,0.25,0.06,-1.49,55.39
7/4/2026 16:57,16.8,1,0,0.06,-1.55,48.47
7/4/2026 16:57,16.88,0,0.25,0.05,-1.6,36.12
7/4/2026 16:57,16.94,0,0.25,0.08,-1.66,44.3
7/4/2026 16:57,16.81,0,0.25,0.11,-1.72,30.09
7/4/2026 16:57,16.49,0,0.25,0.11,1.71,25.53
7/4/2026 16:57,16.11,0,0.25,0.11,1.65,100
7/4/2026 16:57,15.59,0,0.25,0.1,1.58,27.95
7/4/2026 16:57,15.18,0,0.25,0.07,1.53,37.72
7/4/2026 16:57,14.7,1,0,0.07,1.48,39.75
7/4/2026 16:57,14.3,0,0.25,0.05,1.44,39.08
7/4/2026 16:57,13.96,0,0.25,0.08,1.39,28.67
7/4/2026 16:57,13.61,0,0.25,0.07,1.36,36.89
7/4/2026 16:57,13.18,1,0,0.09,1.32,37.64
7/4/2026 16:57,12.76,1,0,0.09,1.28,36.19
7/4/2026 16:57,12.57,1,0,0.09,1.25,35.52
7/4/2026 16:57,12.64,1,0,0.08,1.23,33.36
7/4/2026 16:57,12.89,0,0.25,0.07,1.21,28.97
7/4/2026 16:57,13.16,0,0.25,0.06,1.18,34.7
7/4/2026 16:57,13.23,1,0,0.08,1.16,36.06
7/4/2026 16:57,13.11,0,0.25,0.09,1.13,34.94
7/4/2026 16:57,12.91,1,0,0.1,1.09,35.85
7/4/2026 16:57,12.7,1,0,0.09,1.07,23.54
7/4/2026 16:57,12.54,1,0,0.09,1.04,35.17
7/4/2026 16:57,12.57,0,0.25,0.07,1.02,26.13
7/4/2026 16:57,12.73,1,0,0.08,0.99,37.06
7/4/2026 16:57,12.8,1,0,0.08,0.97,25.57
7/4/2026 16:57,12.92,1,0,0.09,0.94,37.93
7/4/2026 16:57,13.13,0,0.25,0.09,0.92,25.38
7/4/2026 16:57,13.4,0,0.25,0.08,0.89,25.02
7/4/2026 16:57,13.47,1,0,0.07,0.87,36
7/4/2026 16:57,13.39,0,0.25,0.07,0.84,40.47
7/4/2026 16:57,13.21,0,0.25,0.09,0.81,37.5
7/4/2026 16:57,12.96,1,0,0.09,0.78,36.33
7/4/2026 16:57,12.65,1,0,0.09,0.76,34.23
7/4/2026 16:57,12.48,0,0.25,0.09,0.73,51.44
7/4/2026 16:57,12.42,1,0,0.07,0.71,58.8
7/4/2026 16:57,12.34,0,0.25,0.09,0.69,28.69
7/4/2026 16:57,12.19,0,0.25,0.07,0.67,30.52
7/4/2026 16:57,11.94,0,0.25,0.07,0.65,28.19
7/4/2026 16:57,11.63,0,0.25,0.08,0.63,29.88
7/4/2026 16:57,11.28,1,0,0.07,0.62,54.9
7/4/2026 16:57,10.92,1,0,0.09,0.59,33.34
7/4/2026 16:57,10.77,1,0,0.08,0.58,47.94
7/4/2026 16:57,10.82,1,0,0.09,0.56,33.11
7/4/2026 16:57,11.03,1,0,0.08,0.56,26.23
7/4/2026 16:57,11.35,1,0,0,0.55,55.47
7/4/2026 16:57,11.77,1,0,0,0.52,59.18
7/4/2026 16:57,12.12,1,0,0,0.49,32.82
7/4/2026 16:57,12.62,1,0,0,0.41,80.15
7/4/2026 16:57,13.07,1,0,0,0.34,40.02
7/4/2026 16:57,13.5,1,0,0,0.23,78.7
7/4/2026 16:57,13.89,1,0,0,0.13,55.31
7/4/2026 16:57,14.33,1,0,0,-0.05,76.46
7/4/2026 16:57,14.74,1,0,0,-0.23,33.06
7/4/2026 16:57,15.18,0,0.25,0,-0.44,42.3
7/4/2026 16:57,15.62,0,0.25,0.62,-0.7,41.06
7/4/2026 16:57,15.67,1,0,0.58,-0.97,27.59
7/4/2026 16:57,15.35,1,0,0.46,-1.17,68.44
7/4/2026 16:57,14.99,0,0.25,0.23,-1.28,28.43
7/4/2026 16:57,14.83,0,0.25,-0.05,-1.32,31.65
7/4/2026 16:57,14.71,1,0,-0.24,-1.3,98.19
7/4/2026 16:57,14.45,1,0,-0.3,-1.26,32.26
7/4/2026 16:57,14.13,0,0.25,-0.2,-1.23,34.54
7/4/2026 16:57,14.05,0,0.25,-0.07,-1.23,27.17
7/4/2026 16:57,13.9,1,0,0.09,-1.26,27.39
7/4/2026 16:57,13.69,1,0,0.15,-1.28,100
7/4/2026 16:57,13.48,1,0,0.13,-1.31,38.24
7/4/2026 16:57,13.45,0,0.25,0.05,-1.31,100
7/4/2026 16:57,13.6,1,0,-0.03,-1.3,100
7/4/2026 16:57,13.64,0,0.25,-0.07,-1.29,31.89
7/4/2026 16:57,13.67,1,0,-0.05,-1.28,38.91
7/4/2026 16:57,13.61,1,0,-0.02,-1.28,100
7/4/2026 16:57,13.59,0,0.25,0.01,-1.28,100
7/4/2026 16:57,13.68,1,0,0.03,-1.29,60.06
7/4/2026 16:57,13.68,0,0.25,0.02,-1.29,34.5
7/4/2026 16:57,13.63,0,0.25,0.05,-1.29,33.75
7/4/2026 16:57,13.42,0,0.25,0.1,-1.28,33.88
7/4/2026 16:57,13.1,0,0,0.15,-1.26,100
7/4/2026 16:57,12.81,0,0.25,0.2,-1.23,100
7/4/2026 16:57,12.45,0,0,0.25,-1.16,100
7/4/2026 16:57,12.04,0,0,0.3,-1.06,79.27
7/4/2026 16:57,11.63,0,0,0.35,-0.92,42.19
7/4/2026 16:57,11.21,0,0.25,0.4,-0.73,26.76
7/4/2026 16:57,10.78,0,0.25,0.45,-0.51,25.32
7/4/2026 16:57,10.29,0,0,0.5,-0.24,23.02
7/4/2026 16:57,9.79,0,0,0.55,0.1,36.87
7/4/2026 16:57,9.36,0,0,0.55,0.44,23.14
7/4/2026 16:57,8.93,0,0.25,0.55,0.85,16.16
7/4/2026 16:57,8.54,0,0.25,0.55,1.27,43.72
7/4/2026 16:57,8.02,0,0.25,0.55,-1.63,18.24
7/4/2026 16:57,7.68,0,0,0.55,-1.17,45.02
7/4/2026 16:57,7.35,0,0,0.55,-0.65,22.95
7/4/2026 16:57,7.13,0,0,0.55,-0.23,29.97
7/4/2026 16:57,6.9,0,0,0.55,0.2,34.24
7/4/2026 16:57,6.65,0,0,0.55,0.7,26.94
7/4/2026 16:57,6.47,0,0,0.55,1.07,22.69
7/4/2026 16:57,6.25,0,0,0.55,-1.26,25.24
7/4/2026 16:57,5.99,0,0.25,0.55,-0.82,64.13
7/4/2026 16:57,5.78,0,0.25,0.55,-0.45,11.73
7/4/2026 16:57,5.31,0,0,0.55,-0.15,28.28
7/4/2026 16:57,5.02,0,1,0.55,0.24,4.12
7/4/2026 16:57,4.88,0,1,0.55,0.55,3.68
7/4/2026 16:57,4.65,0,1,0.55,0.85,3.4
7/4/2026 16:57,4.23,0,0,0.55,1.23,31.62
7/4/2026 16:57,3.98,0,0,0.55,1.47,25.06
7/4/2026 16:57,3.82,0,0,0.55,1.77,32.78
7/4/2026 16:58,3.72,0,0,0.55,2.03,26.7
7/4/2026 16:58,3.62,0,0,0.55,2.26,20.32
7/4/2026 16:58,3.51,0,0,0.55,2.49,100
7/4/2026 16:58,3.4,0,0,0.55,2.73,40.58
7/4/2026 16:58,3.21,0,0,0.55,2.99,35
7/4/2026 16:58,0.7,0,0,0.55,2.98,39.42
7/4/2026 16:58,0.49,0,0,0.55,2.95,32.41
7/4/2026 16:58,0.28,0,0,0.55,2.93,22.28
7/4/2026 16:58,0.19,0,0,0.55,2.92,27.39
7/4/2026 16:58,0.14,0,0,0.55,2.9,37.01
7/4/2026 16:58,0.13,0,0,0.55,2.9,33.32
7/4/2026 16:58,0.11,0,0,0.55,2.89,32.37
7/4/2026 16:58,0.09,0,0,0.47,2.88,32.97
7/4/2026 16:58,0.09,0,0,0.39,2.88,27.12
7/4/2026 16:58,0.08,0,0,0.31,2.87,33.54
7/4/2026 16:58,0.07,0,0,0.23,2.87,36.81
7/4/2026 16:58,0.07,0,0,0.15,2.86,22.94
7/4/2026 16:58,0.06,0,0,0.07,2.86,35.27
7/4/2026 16:58,0.06,0,0,-4.57,2.86,32.51
7/4/2026 16:58,0.05,0,0,-4.57,2.85,39.1
7/4/2026 16:58,0.05,0,0,-4.57,2.85,40.26
7/4/2026 16:58,0.05,0,0,-4.57,2.84,30.06
7/4/2026 16:58,0,0,0,-4.57,2.84,36.92
7/4/2026 16:58,0,0,0,-4.57,2.84,38.47
7/4/2026 16:58,0,0,0,-4.57,2.84,36.74
7/4/2026 16:58,0,0,0,-4.57,2.84,29.01
7/4/2026 16:58,0,0.08,0,-4.57,2.84,31.78
7/4/2026 16:58,0.01,0.16,0,-4.57,2.84,38.23
7/4/2026 16:58,0.01,0.24,0,-4.57,2.84,23.58
7/4/2026 16:58,0.02,0.32,0,-0.05,2.84,21.23
7/4/2026 16:58,0.02,0.4,0,-0.1,2.84,32.41
7/4/2026 16:58,0.11,0.48,0,-0.15,2.84,37.73
7/4/2026 16:58,0.18,0.56,0,-0.2,2.83,28.07
7/4/2026 16:58,0.3,0.64,0,-0.25,2.81,27.36
7/4/2026 16:58,0.55,0.72,0,-0.3,2.78,33.87
7/4/2026 16:58,0.83,0.8,0,-0.35,2.73,20.84
7/4/2026 16:58,1.15,0.88,0,-0.4,2.67,33.37
7/4/2026 16:58,1.49,0.96,0,-0.45,2.58,26.65
7/4/2026 16:58,1.89,1,0,-0.5,2.47,32.79
7/4/2026 16:58,2.31,1,0,-0.55,2.32,33
7/4/2026 16:58,2.69,1,0,-0.55,2.13,31.09
7/4/2026 16:58,3.02,0,0,-0.47,1.97,1.67
7/4/2026 16:58,3.45,0,0,-0.47,1.71,1.87
7/4/2026 16:58,3.48,1,0,-0.55,1.45,27.32
7/4/2026 16:58,3.27,1,0,-0.55,1.23,23.79
7/4/2026 16:58,3.17,1,0,-0.55,0.94,30.24
7/4/2026 16:58,3.46,1,0,-0.55,0.66,30.55
7/4/2026 16:58,3.68,1,0,-0.55,0.49,31.31
7/4/2026 16:58,4.2,1,0,-0.55,0.08,20.26
7/4/2026 16:58,4.52,1,0,-0.55,-0.18,32.61
7/4/2026 16:58,4.85,1,0,-0.55,-0.46,40.11
7/4/2026 16:58,5.24,1,0,-0.55,-0.82,45.51
7/4/2026 16:58,5.52,1,0,-0.55,-1.09,30.61
7/4/2026 16:58,5.83,1,0,-0.55,-1.42,70.32
7/4/2026 16:58,6.19,1,0,-0.55,-1.79,65.9
7/4/2026 16:58,6.52,1,0,-0.55,2.11,45.64
7/4/2026 16:58,6.83,1,0,-0.55,2.06,26.22
7/4/2026 16:58,7.26,1,0,-0.55,2.05,54.09
7/4/2026 16:58,7.61,1,0,-0.55,2.09,37.75
7/4/2026 16:58,7.88,1,0,-0.55,2.05,35.28
7/4/2026 16:58,8.19,1,0,-0.55,1.51,31.52
7/4/2026 16:58,8.51,1,0,-0.55,0.88,28.99
7/4/2026 16:58,8.82,1,0,-0.55,0.27,26.95
7/4/2026 16:58,9.05,1,0,-0.47,-0.26,24.98
7/4/2026 16:58,9.28,0,0,-0.39,-0.83,23.56
7/4/2026 16:58,9.46,0,0,-0.31,-1.44,59.78
7/4/2026 16:58,9.39,0,0,-0.23,1.54,26.72
7/4/2026 16:58,9.05,0.08,0,-0.15,1.12,25.76
7/4/2026 16:58,7.33,0.16,0,-0.07,0.7,28.57
7/4/2026 16:58,5.53,0.24,0,0,0.44,45.75
7/4/2026 16:58,3.38,0.32,0,0,0.23,27.56
7/4/2026 16:58,1.66,0.4,0,0,0.14,35.5
7/4/2026 16:58,0.68,0.48,0,0,0.13,100
7/4/2026 16:58,0.27,0.56,0,0,0.13,27.81
7/4/2026 16:58,0.04,0.64,0,0,0.13,27.8
7/4/2026 16:58,0.32,0.72,0,0.05,0.13,28.43
7/4/2026 16:58,0.56,0.8,0,0.1,0.13,23.12
7/4/2026 16:58,0.96,0.88,0,0.15,0.13,100
7/4/2026 16:58,1.38,0.96,0,0.2,0.13,27.59
7/4/2026 16:58,1.85,1,0,0.25,0.13,21.22
7/4/2026 16:58,2.23,1,0,0.3,0.14,27.31
7/4/2026 16:58,2.69,1,0,0.35,0.15,27.14
7/4/2026 16:58,3.17,1,0,0.4,0.16,34.7
7/4/2026 16:58,3.64,1,0,0.45,0.2,26.71
7/4/2026 16:58,4.03,0.88,0,0.42,0.18,18.22
7/4/2026 16:58,4.48,1,0,0.55,0.15,44.76
7/4/2026 16:58,4.8,1,0,0.55,0.13,100
7/4/2026 16:58,5.21,1,0,0.55,0.15,29.04
7/4/2026 16:58,5.55,1,0,0.55,0.09,27.29
7/4/2026 16:58,6,1,0,0.55,-0.05,26.92
7/4/2026 16:58,6.35,1,0,0.55,-0.18,72.3
7/4/2026 16:58,6.74,1,0,0.55,-0.25,31.77
7/4/2026 16:58,7.21,1,0,0.55,-0.4,29.29
7/4/2026 16:58,7.61,1,0,0.47,-0.59,34.5
7/4/2026 16:58,7.99,1,0,0.39,-0.76,21.43
7/4/2026 16:58,8.51,1,0,0.31,-1.01,24.61
7/4/2026 16:58,9.01,1,0,0.23,-1.28,35.05
7/4/2026 16:58,9.4,1,0,0.15,1.12,33.81
7/4/2026 16:58,9.94,1,0,0.07,0.77,36.01
7/4/2026 16:58,10.37,1,0,0.12,-0.46,35.74
7/4/2026 16:58,10.82,1,0,0.04,0.08,52.07
7/4/2026 16:58,11.21,1,0,0,-0.08,28.98
7/4/2026 16:58,11.65,0,0.25,0,-0.39,37.16
7/4/2026 16:58,12.05,0,0.25,1.15,-0.71,29.36
7/4/2026 16:58,12.2,0,0.25,1.13,-1.02,28.58
7/4/2026 16:58,12,0,0.25,1.04,-1.32,49.09
7/4/2026 16:58,11.64,1,0,0.89,-1.53,53.04
7/4/2026 16:58,11.08,1,0,0.68,-1.71,25.91
7/4/2026 16:58,10.58,1,0,0.4,1.7,26.29
7/4/2026 16:58,10.46,1,0,0.08,1.69,37.19
7/4/2026 16:58,10.72,1,0,-0.18,1.73,36.92
7/4/2026 16:58,11.06,1,0,-0.29,-1.71,100
7/4/2026 16:58,11.38,0,0.25,-0.24,-1.66,25.06
7/4/2026 16:58,11.65,0,0.25,-2.26,-1.25,23.83
7/4/2026 16:58,11.65,1,0,-1.89,-0.67,82.28
7/4/2026 16:58,11.33,1,0,0,-0.27,45.4
7/4/2026 16:58,11.18,1,0,0,0.03,30.24
7/4/2026 16:58,11.35,1,0,0,0.23,42.52
7/4/2026 16:58,11.61,1,0,0,0.34,53.64
7/4/2026 16:58,11.96,1,0,0,0.4,44.67
7/4/2026 16:58,12.39,1,0,0,0.37,24.12
7/4/2026 16:58,12.79,1,0,0,0.28,51.09
7/4/2026 16:58,13.27,1,0,0,0.03,43.76
7/4/2026 16:58,13.64,1,0,0,-0.2,41.4
7/4/2026 16:58,14.09,1,0,0,-0.51,45.55
7/4/2026 16:58,14.5,0,0.25,0.92,-0.8,31.24
7/4/2026 16:58,14.83,0,0.25,0.9,-1.1,26.47
7/4/2026 16:58,14.84,1,0,0.79,-1.38,35.49
7/4/2026 16:58,14.54,1,0,0.64,-1.6,72.62
7/4/2026 16:58,14.13,1,0,0.4,-1.74,31.89
7/4/2026 16:58,13.9,1,0,-8.89,-1.68,63.25
7/4/2026 16:58,14.04,0,0.25,8.82,-1.68,30.44
7/4/2026 16:58,14.22,1,0,8.58,-1.74,80.62
7/4/2026 16:58,14.05,0,0.25,-0.68,-1.61,36.5
7/4/2026 16:58,13.9,0,0.25,-0.91,-1.36,42.06
7/4/2026 16:58,13.74,0,0.25,-1.09,-1.07,24.41
7/4/2026 16:58,13.42,0,0.25,-1.11,-0.79,31.47
7/4/2026 16:58,12.93,1,0,0,-0.53,36.74
7/4/2026 16:58,12.58,1,0,0,-0.34,25.03
7/4/2026 16:58,12.37,1,0,0,-0.12,38.75
7/4/2026 16:58,12.38,1,0,0,0.08,40.63
7/4/2026 16:58,12.59,1,0,0,0.29,40.34
7/4/2026 16:58,12.94,0,0.25,0.05,0.51,25.01
7/4/2026 16:58,13.26,1,0,0.1,0.72,100
7/4/2026 16:58,13.44,1,0,0.15,0.94,39.37
7/4/2026 16:58,13.61,0,0.25,0.2,1.17,36.72
7/4/2026 16:58,13.83,0,0.25,0.25,1.49,29.13
7/4/2026 16:58,13.79,0,0.25,0.3,-1.72,23.92
7/4/2026 16:58,13.54,0,0.25,0.35,-1.36,20.95
7/4/2026 16:58,13.07,0,0.25,0.4,-0.9,18.02
7/4/2026 16:58,12.52,0,0.25,0.45,-0.4,17.25
7/4/2026 16:58,11.9,0,0.25,0.5,0.15,18.27
7/4/2026 16:58,11.34,0,1,0.55,0.64,19.99
7/4/2026 16:58,10.7,0,1,0.55,1.2,10.86
7/4/2026 16:58,10.12,0,1,0.55,1.69,10.83
7/4/2026 16:58,9.37,0,0.25,0.47,2.31,11.87
7/4/2026 16:58,8.82,0,0.25,0.39,2.9,13.75
7/4/2026 16:58,8.53,0,0.25,0.31,-3.11,18.93
7/4/2026 16:58,8.19,1,0,0.23,-2.73,22.14
7/4/2026 16:58,7.99,1,0,0.15,-2.45,26.66
7/4/2026 16:58,7.91,1,0,0.07,-2.21,35.61
7/4/2026 16:58,8.08,1,0,-7.95,-1.94,49.64
7/4/2026 16:58,8.36,1,0,-8.1,-1.76,34.54
7/4/2026 16:58,8.64,1,0,-8.16,-1.55,30.45
7/4/2026 16:58,8.85,1,0,-8.13,-1.34,24.83
7/4/2026 16:58,8.99,0,0.25,-8.03,-1.11,16.05
7/4/2026 16:58,9.02,0,1,-7.88,-0.82,11.58
7/4/2026 16:58,8.77,0,1,0,-0.51,7.73
7/4/2026 16:58,8.33,0,1,0,-0.13,5.67
7/4/2026 16:58,8.09,0,1,0,0.32,4.35
7/4/2026 16:58,7.82,0,1,-6.75,0.69,3.66
7/4/2026 16:58,7.41,0,1,-6.67,1.09,2.84
7/4/2026 16:58,7,0,1,-6.59,1.42,2.43
7/4/2026 16:58,6.54,0,1,-6.47,1.74,1.84
7/4/2026 16:58,5.93,0,1,-6.29,2.13,1.17
7/4/2026 16:58,1.44,0,0,-6.14,2.31,0.76
7/4/2026 16:58,0.01,0,0,0.04,2.29,0.78
7/4/2026 16:58,0.07,0,0,0.09,2.29,0.79
7/4/2026 16:58,0.16,0,0,0.13,2.29,0.87
7/4/2026 16:58,0.19,0,0,0.17,2.31,0.77
7/4/2026 16:58,0.2,0,0,0.21,2.32,0.76
7/4/2026 16:58,0.2,0,0,0.17,2.33,0.73
7/4/2026 16:58,0.2,0,0,0.09,2.34,0.72
7/4/2026 16:58,0.01,0.08,0,0.01,2.34,0.72
7/4/2026 16:58,0,0,0,-6.11,2.34,0.72
7/4/2026 16:58,0.04,0,0,-6.11,2.34,0.72
7/4/2026 16:58,0.04,0,0,-6.11,2.33,0.71
7/4/2026 16:58,0.04,0,0,-0.04,2.33,0.72
7/4/2026 16:58,0.04,0,0,-0.09,2.33,0.73
7/4/2026 16:58,0.03,0,0,-0.13,2.33,0.99
7/4/2026 16:58,0.03,0,0,-0.17,2.32,0.92
7/4/2026 16:58,0.03,0,0,-0.21,2.32,0.73
7/4/2026 16:58,0.02,0,0,-0.26,2.32,0.74
7/4/2026 16:58,0.02,0,0,-0.3,2.32,0.73
7/4/2026 16:58,0.02,0,0,-0.34,2.32,0.94
7/4/2026 16:58,0.02,0,0,-0.38,2.32,0.8
7/4/2026 16:58,0.01,0,0,-0.42,2.32,0.73
7/4/2026 16:58,0.01,0,0,-0.47,2.32,0.75
7/4/2026 16:58,0.01,0,0,-0.47,2.32,0.73
7/4/2026 16:58,0,0,0,-0.47,2.32,0.75
7/4/2026 16:58,0,0,0,-0.47,2.32,0.75
7/4/2026 16:58,0,0,0,-0.47,2.32,0.74
7/4/2026 16:58,0,0,0,-0.47,2.32,0.74
7/4/2026 16:58,0,0,0,-0.47,2.32,0.75
7/4/2026 16:58,0,0,0,-0.39,2.32,0.78
7/4/2026 16:58,0,0,0,-0.26,2.32,0.75
7/4/2026 16:58,0,0,0,-0.2,2.32,0.73
7/4/2026 16:58,0,0,0,-0.13,2.32,0.74
7/4/2026 16:58,0,0,0,-0.06,2.32,0.73
7/4/2026 16:58,0,0,0,-6.12,2.32,0.74
7/4/2026 16:58,0,0,0,-6.12,2.32,0.93
7/4/2026 16:58,0,0,0,-6.12,2.32,0.76
7/4/2026 16:58,0,0,0,-6.12,2.32,0.73
7/4/2026 16:58,0,0,0,-6.12,2.32,0.73
7/4/2026 16:58,0,0,0,-6.12,2.32,0.74
7/4/2026 16:58,0,0,0,-6.12,2.32,0.78
7/4/2026 16:58,0,0,0,-6.12,2.32,0.73
7/4/2026 16:58,0,0,0,-6.12,2.32,0.74
7/4/2026 16:58,0,0,0,-6.12,2.32,0.8
7/4/2026 16:58,0,0,0,-6.12,2.32,0.74
7/4/2026 16:58,0,0,0,-6.12,2.32,0.99
7/4/2026 16:58,0,0,0,-6.12,2.32,0.75
7/4/2026 16:58,0,0,0,-6.12,2.32,0.75
7/4/2026 16:58,0,0,0,-6.12,2.32,0.74
7/4/2026 16:58,0,0,0,-6.12,2.32,0.77
7/4/2026 16:58,0,0,0,-6.12,2.32,0.73
7/4/2026 16:58,0,0,0,-6.12,2.32,0.73
7/4/2026 16:58,0,0,0,-6.12,2.32,0.74
7/4/2026 16:58,0,0,0,-6.12,2.32,0.78
7/4/2026 16:58,0,0,0,-6.12,2.32,0.93
7/4/2026 16:58,0,0,0,-6.12,2.32,0.75
7/4/2026 16:58,0,0,0,-6.12,2.32,0.77
7/4/2026 16:58,0,0,0,-6.12,2.32,0.73
7/4/2026 16:58,0,0,0,-6.12,2.32,0.76
7/4/2026 16:58,0,0,0,-6.12,2.32,0.76
7/4/2026 16:58,0,0,0,-6.12,2.32,1.03
7/4/2026 16:58,0,0,0,-6.12,2.32,0.91
7/4/2026 16:58,0,0,0,-6.12,2.32,0.74
7/4/2026 16:58,0,0,0,-6.12,2.32,0.73
7/4/2026 16:58,0,0,0,-6.12,2.32,0.75
7/4/2026 16:58,0,0,0,-6.12,2.32,0.78
7/4/2026 16:58,0,0,0,-6.12,2.32,0.74
7/4/2026 16:58,0,0,0,-6.12,2.32,0.74
7/4/2026 16:58,0,0,0,-6.12,2.32,0.97
7/4/2026 16:58,0,0,0,-6.12,2.32,0.74
7/4/2026 16:58,0,0,0,-6.12,2.32,0.78
7/4/2026 16:58,0,0,0,-6.12,2.32,0.74
7/4/2026 16:58,0,0,0,-6.12,2.32,0.73
7/4/2026 16:58,0,0,0,-6.12,2.32,0.75
7/4/2026 16:58,0,0,0,-6.12,2.32,0.74
7/4/2026 16:58,0,0,0,-6.12,2.32,0.73
7/4/2026 16:58,0,0,0,-6.12,2.32,0.84
7/4/2026 16:58,0,0,0,-6.12,2.32,0.74
7/4/2026 16:58,0,0,0,-6.12,2.32,0.75
7/4/2026 16:58,0,0,0,-6.12,2.32,0.74
7/4/2026 16:58,0,0,0,-6.12,2.32,0.74
7/4/2026 16:58,0,0,0,-6.12,2.32,0.73
7/4/2026 16:58,0,0,0,-6.12,2.32,0.73
7/4/2026 16:58,0,0,0,-6.12,2.32,0.73
7/4/2026 16:58,0,0,0,-6.12,2.32,0.73
7/4/2026 16:58,0,0,0,-6.12,2.32,0.73
7/4/2026 16:58,0,0,0,-6.12,2.32,0.75
7/4/2026 16:58,0,0,0,-6.12,2.32,0.75
7/4/2026 16:58,0,0,0,-6.12,2.32,0.73
7/4/2026 16:58,0,0,0,-6.12,2.32,0.74
7/4/2026 16:58,0,0,0,-6.12,2.32,0.78
7/4/2026 16:58,0,0,0,-6.12,2.32,0.95
7/4/2026 16:58,0,0,0,-6.12,2.32,0.76
7/4/2026 16:58,0,0,0,-6.12,2.32,0.73
7/4/2026 16:58,0,0,0,-6.12,2.32,0.74
7/4/2026 16:58,0,0,0,-6.12,2.32,0.74
7/4/2026 16:58,0,0,0,-6.12,2.32,0.74
7/4/2026 16:58,0,0,0,-6.12,2.32,0.94
7/4/2026 16:58,0,0,0,-6.12,2.32,0.74
7/4/2026 16:58,0,0,0,-6.12,2.32,0.77
7/4/2026 16:58,0,0,0,-6.12,2.32,0.74
7/4/2026 16:58,0,0,0,-6.12,2.32,0.73
7/4/2026 16:58,0,0,0,-6.12,2.32,0.73
7/4/2026 16:58,0,0,0,-6.12,2.32,0.74
7/4/2026 16:58,0,0,0,-6.12,2.32,0.75
7/4/2026 16:58,0,0,0,-6.12,2.32,0.73
7/4/2026 16:58,0,0,0,-6.12,2.32,0.75
7/4/2026 16:58,0,0,0,-6.12,2.32,0.77
7/4/2026 16:58,0,0,0,-6.12,2.32,0.75
7/4/2026 16:58,0,0,0,-6.12,2.32,0.74
7/4/2026 16:58,0,0,0,-6.12,2.32,0.74
7/4/2026 16:58,0,0,0,-6.12,2.32,0.73
7/4/2026 16:58,0,0,0,-6.12,2.32,0.73
7/4/2026 16:58,0,0,0,-6.12,2.32,0.74
7/4/2026 16:58,0,0,0,-6.12,2.32,0.73
7/4/2026 16:58,0,0,0,-6.12,2.32,0.74
7/4/2026 16:58,0,0,0,-6.12,2.32,0.75
7/4/2026 16:58,0,0,0,-6.12,2.32,0.74
7/4/2026 16:58,0,0,0,-6.12,2.32,0.77
7/4/2026 16:58,0,0,0,-6.12,2.32,0.81
7/4/2026 16:58,0,0,0,-6.12,2.32,0.74
7/4/2026 16:58,0,0,0,-6.12,2.32,0.76
7/4/2026 16:58,0,0,0,-6.12,2.32,0.74
7/4/2026 16:58,0,0,0,-6.12,2.32,0.78
7/4/2026 16:58,0,0,0,-6.12,2.32,0.75
7/4/2026 16:58,0,0,0,-6.12,2.32,0.78
7/4/2026 16:58,0,0,0,-6.12,2.32,0.73
7/4/2026 16:58,0,0,0,-6.12,2.32,1
7/4/2026 16:58,0,0,0,-6.12,2.32,0.74
7/4/2026 16:58,0,0,0,-6.12,2.32,0.73
7/4/2026 16:58,0,0,0,-6.12,2.32,0.73
7/4/2026 16:58,0,0,0,-6.12,2.32,0.74
7/4/2026 16:58,0,0,0,-6.12,2.32,0.96
7/4/2026 16:58,0,0,0,-6.12,2.32,0.76
7/4/2026 16:58,0,0,0,-6.12,2.32,0.76
7/4/2026 16:58,0,0,0,-6.12,2.32,0.73
7/4/2026 16:58,0,0,0,-6.12,2.32,0.77
7/4/2026 16:58,0,0,0,-6.12,2.32,0.89
7/4/2026 16:58,0,0,0,-6.12,2.32,0.75
7/4/2026 16:58,0,0,0,-6.12,2.32,0.77
7/4/2026 16:58,0,0,0,-6.12,2.32,0.75
7/4/2026 16:58,0,0,0,-6.12,2.32,0.73
7/4/2026 16:58,0,0,0,-6.12,2.32,0.96
7/4/2026 16:58,0,0,0,-6.12,2.32,0.73
7/4/2026 16:58,0,0,0,-6.12,2.32,0.73
7/4/2026 16:58,0,0,0,-6.12,2.32,0.73
7/4/2026 16:58,0,0,0,-6.12,2.32,0.76
7/4/2026 16:58,0,0,0,-6.12,2.32,0.74
7/4/2026 16:58,0,0,0,-6.12,2.32,0.75
7/4/2026 16:58,0,0,0,-6.12,2.32,0.76
7/4/2026 16:58,0,0,0,-6.12,2.32,0.78
7/4/2026 16:58,0,0.08,0,-6.12,2.32,0.81
7/4/2026 16:58,0.01,0,0,-6.12,2.32,0.75
7/4/2026 16:58,0.01,0,0,-6.12,2.32,0.77
7/4/2026 16:58,0.02,0,0,-6.12,2.31,1.02
7/4/2026 16:58,0.02,0,0,-6.12,2.31,0.76
7/4/2026 16:58,0.02,0,0,-6.13,2.31,0.82
7/4/2026 16:58,0.02,0,0,-6.13,2.31,0.76
7/4/2026 16:58,0.02,0,0,-6.13,2.31,0.74
7/4/2026 16:58,0.02,0,0,-6.13,2.31,0.78
7/4/2026 16:58,0.01,0,0,-6.13,2.31,0.76
7/4/2026 16:58,0.01,0,0,-6.13,2.31,0.76
7/4/2026 16:58,0.01,0,0,-6.13,2.31,0.77
7/4/2026 16:58,0.01,0,0,-6.13,2.3,0.75
7/4/2026 16:58,0.01,0,0,-6.13,2.3,0.8
7/4/2026 16:58,0.01,0,0,-6.14,2.3,0.75
7/4/2026 16:58,0.01,0,0,-6.14,2.3,0.75
7/4/2026 16:58,0,0,0,-6.14,2.3,0.98
7/4/2026 16:58,0,0,0,-6.14,2.3,0.77
7/4/2026 16:58,0,0,0,-6.14,2.3,0.89
7/4/2026 16:58,0,0,0,-6.14,2.3,0.76
7/4/2026 16:58,0,0,0,-6.14,2.3,1
7/4/2026 16:58,0,0,0,-6.14,2.3,0.95
7/4/2026 16:58,0,0,0,-6.14,2.3,0.97
7/4/2026 16:58,0,0,0,-6.14,2.3,0.75
7/4/2026 16:58,0.01,0,0,-6.14,2.3,0.76
7/4/2026 16:58,0,0,0,-6.14,2.3,0.95
7/4/2026 16:58,0,0,0,-6.14,2.3,0.93
7/4/2026 16:58,0,0,0,-6.14,2.3,0.75
7/4/2026 16:58,0,0,0,-0.04,2.3,0.75
7/4/2026 16:58,0,0,0,-0.09,2.3,0.77
7/4/2026 16:58,0,0,0,-0.13,2.3,0.8
7/4/2026 16:58,0,0,0,-0.17,2.3,0.78
7/4/2026 16:58,0,0,0,-0.21,2.3,0.77
7/4/2026 16:58,0,0,0,-0.26,2.3,0.75
7/4/2026 16:58,0,0,0,-0.3,2.3,0.79
7/4/2026 16:58,0,0,0,-0.34,2.3,0.78
7/4/2026 16:58,0,0,0,-0.45,2.3,0.77
7/4/2026 16:58,0,0,0,-0.37,2.3,0.74
7/4/2026 16:58,0,0,0,-0.29,2.3,0.74
7/4/2026 16:58,0,0,0,-0.18,2.3,0.82
7/4/2026 16:58,0,0,0,-0.11,2.3,0.75
7/4/2026 16:58,0,0,0,-0.04,2.3,1
7/4/2026 16:58,0,0,0,-6.14,2.3,0.76
7/4/2026 16:58,0,0,0,-6.14,2.3,0.75
7/4/2026 16:58,0,0,0,-6.14,2.3,0.74
7/4/2026 16:58,0,0,0,-6.14,2.3,0.76
7/4/2026 16:58,0,0,0,-6.14,2.3,0.77
7/4/2026 16:58,0,0,0,-6.14,2.3,0.75
7/4/2026 16:58,0,0,0,-6.14,2.3,0.92
7/4/2026 16:58,0,0,0,-6.14,2.3,0.77
7/4/2026 16:58,0,0,0,-6.14,2.3,0.77
7/4/2026 16:58,0,0,0,-6.14,2.3,0.82
7/4/2026 16:58,0,0,0,-6.14,2.3,0.74
7/4/2026 16:58,0,0,0,-6.14,2.3,0.76
7/4/2026 16:58,0,0,0,-6.14,2.3,0.74
7/4/2026 16:58,0,0,0,-6.14,2.3,0.77
7/4/2026 16:58,0,0,0,-6.14,2.3,0.8
7/4/2026 16:58,0,0,0,-6.14,2.3,0.75
7/4/2026 16:58,0,0.08,0,-6.14,2.3,0.76
7/4/2026 16:58,0.01,0,0,-6.14,2.3,0.75
7/4/2026 16:58,0.03,0,0,-6.13,2.3,0.79
7/4/2026 16:58,0.03,0,0,-6.13,2.31,0.78
7/4/2026 16:58,0.03,0,0,-6.13,2.31,0.93
7/4/2026 16:58,0.03,0,0,-6.13,2.31,0.77
7/4/2026 16:58,0.03,0.08,0,-6.12,2.31,0.74
7/4/2026 16:58,0.04,0,0,-6.12,2.32,0.75
7/4/2026 16:58,0.05,0,0,-6.12,2.32,0.73
7/4/2026 16:58,0.06,0,0,-6.11,2.32,0.74
7/4/2026 16:58,0.06,0,0,0.04,2.33,0.74
7/4/2026 16:58,0.06,0,0,0.09,2.33,0.72
7/4/2026 16:58,0.06,0,0,0.13,2.33,0.74
7/4/2026 16:58,0.03,0,0,0.17,2.34,0.72
7/4/2026 16:58,0,0,0,0.21,2.34,0.72
7/4/2026 16:58,0,0,0,0.26,2.34,0.72
7/4/2026 16:58,0,0,0,0.3,2.34,0.71
7/4/2026 16:58,0,0,0,0.34,2.34,0.72
7/4/2026 16:58,0,0,0,0.38,2.34,0.71
7/4/2026 16:58,0,0,0,0.37,2.34,0.75
7/4/2026 16:58,0,0,0,0.29,2.34,0.74
7/4/2026 16:58,0,0.08,0,0.21,2.34,0.73
7/4/2026 16:58,0.03,0,0,0.11,2.34,0.72
7/4/2026 16:58,0.04,0,0,0.04,2.33,0.72
7/4/2026 16:58,0.04,0,0,-6.1,2.33,0.84
7/4/2026 16:58,0.03,0,0,-6.1,2.33,0.76
7/4/2026 16:58,0.03,0,0,-6.1,2.33,100
7/4/2026 16:58,0.03,0,0,-6.1,2.32,0.76
7/4/2026 16:58,0.02,0,0,-0.04,2.32,0.76
7/4/2026 16:58,0.02,0,0,-0.09,2.32,0.77
7/4/2026 16:58,0.02,0,0,-0.13,2.32,0.73
7/4/2026 16:58,0.02,0,0,-0.17,2.32,0.75
7/4/2026 16:58,0.02,0,0,-0.21,2.32,0.73
7/4/2026 16:58,0.01,0,0,-0.26,2.32,0.77
7/4/2026 16:58,0.01,0,0,-0.3,2.32,0.77
7/4/2026 16:58,0.01,0,0,-0.34,2.32,0.86
7/4/2026 16:58,0.01,0,0,-0.38,2.31,0.75
7/4/2026 16:58,0,0,0,-0.42,2.31,0.74
7/4/2026 16:58,0,0,0,-0.47,2.31,0.74
7/4/2026 16:58,0,0,0,-0.47,2.31,0.76
7/4/2026 16:58,0,0,0,-0.47,2.31,0.76
7/4/2026 16:58,0,0,0,-0.55,2.31,0.76
7/4/2026 16:58,0,0,0,-0.47,2.31,0.77
7/4/2026 16:58,0,0,0.12,-0.39,2.31,0.78
7/4/2026 16:58,0,0,0.24,-0.31,2.31,0.74
7/4/2026 16:58,0,0,0,-0.23,2.31,0.77
7/4/2026 16:58,0,0,0.16,-0.15,2.31,0.75
7/4/2026 16:58,0,0,0,-0.07,2.31,0.75
7/4/2026 16:58,0,0,0,-6.1,2.31,0.74
7/4/2026 16:58,0,0,0.12,-6.1,2.31,0.75
7/4/2026 16:58,0,0,0,-6.1,2.31,0.74
7/4/2026 16:58,0,0,0.12,-6.1,2.31,0.74
7/4/2026 16:58,0,0,0.24,-6.1,2.31,0.74
7/4/2026 16:58,0,0,0,-6.1,2.31,0.78
7/4/2026 16:58,0,0,0.16,-6.1,2.31,0.78
7/4/2026 16:58,0,0,0.28,-6.1,2.31,0.76
7/4/2026 16:58,0,0,0.4,-6.1,2.31,0.75
7/4/2026 16:58,0,0,0.52,-6.1,2.31,0.8
7/4/2026 16:58,0,0,0.64,-6.1,2.31,0.74
7/4/2026 16:58,0,0,0.76,-6.1,2.31,0.75
7/4/2026 16:58,0,0,0.88,-6.1,2.31,0.76
7/4/2026 16:58,0,0,1,-6.1,2.31,0.76
7/4/2026 16:58,0,0,1,-6.1,2.31,0.75
7/4/2026 16:58,0,0,1,-6.1,2.31,0.78
7/4/2026 16:58,0,0,1,-6.1,2.31,0.74
7/4/2026 16:58,0,0,1,-6.1,2.31,0.74
7/4/2026 16:58,0,0,1,-6.1,2.31,0.77
7/4/2026 16:58,0,0,1,-6.1,2.31,0.76
7/4/2026 16:58,0,0,1,-6.1,2.31,0.82
7/4/2026 16:58,0,0,1,-6.1,2.31,0.75
7/4/2026 16:58,0,0,0,-6.1,2.31,0.74
7/4/2026 16:58,0,0,0,-6.1,2.31,0.74
7/4/2026 16:58,0,0.08,0,-0.05,2.31,0.79
7/4/2026 16:58,0.01,0,0,-0.09,2.31,0.77
7/4/2026 16:58,0.02,0,0,-0.13,2.31,0.75
7/4/2026 16:58,0.03,0,0,-0.17,2.31,0.77
7/4/2026 16:58,0.03,0,0,-0.21,2.31,0.75
7/4/2026 16:58,0.02,0,0,-0.26,2.31,0.75
7/4/2026 16:58,0.02,0,0,-0.3,2.31,0.8
7/4/2026 16:58,0.02,0,0,-0.34,2.31,0.75
7/4/2026 16:58,0.02,0,0,-0.38,2.3,0.75
7/4/2026 16:58,0.02,0,0,-0.42,2.3,0.78
7/4/2026 16:58,0.01,0,0,-0.47,2.3,0.76
7/4/2026 16:58,0.01,0,0,-0.47,2.3,0.83
7/4/2026 16:58,0.01,0,0,-0.47,2.3,0.76
7/4/2026 16:58,0.01,0,0,-0.47,2.3,0.78
7/4/2026 16:58,0.01,0,0,-0.47,2.3,0.77
7/4/2026 16:58,0.01,0,0,-0.47,2.3,0.77
7/4/2026 16:58,0,0,0,-0.47,2.3,0.77
7/4/2026 16:58,0,0,0,-0.47,2.3,0.77
7/4/2026 16:58,0,0,0,-0.47,2.3,0.77
7/4/2026 16:58,0,0,0,-0.47,2.3,0.76
7/4/2026 16:58,0,0,0,-0.47,2.3,0.78
7/4/2026 16:58,0,0,0,-0.47,2.3,0.77
7/4/2026 16:58,0,0,0,-0.47,2.3,0.79
7/4/2026 16:58,0,0,0,-0.47,2.3,0.79
7/4/2026 16:58,0,0,0,-0.47,2.3,0.84
7/4/2026 16:58,0,0,0,-0.47,2.3,0.81
7/4/2026 16:58,0,0,0,-0.47,2.3,0.77
7/4/2026 16:58,0,0,0,-0.47,2.3,0.76
7/4/2026 16:58,0,0,0,-0.47,2.3,0.76
7/4/2026 16:58,0,0,0,-0.47,2.3,0.79
7/4/2026 16:58,0,0,0,-0.47,2.3,0.77
7/4/2026 16:58,0,0,0,-0.47,2.3,0.79
7/4/2026 16:58,0,0,0,-0.39,2.3,0.78
7/4/2026 16:58,0,0,0,-0.31,2.3,0.76
7/4/2026 16:58,0,0,0,-0.23,2.3,0.76
7/4/2026 16:58,0,0,0,-0.15,2.3,0.82
7/4/2026 16:58,0,0,0,-0.07,2.3,0.77
7/4/2026 16:58,0,0,0,-6.11,2.3,0.77
7/4/2026 16:58,0,0,0,-6.11,2.3,0.78
7/4/2026 16:58,0,0,0,-6.11,2.3,0.77
7/4/2026 16:58,0,0,0,-6.11,2.3,0.79
7/4/2026 16:58,0,0,0,-6.11,2.3,0.76
7/4/2026 16:58,0,0,0,-6.11,2.3,0.79
7/4/2026 16:58,0,0,0,-6.11,2.3,0.77
7/4/2026 16:58,0,0,0,-6.11,2.3,0.75
7/4/2026 16:58,0,0,0,-6.11,2.3,0.75
7/4/2026 16:58,0,0,0,-6.11,2.3,0.77
7/4/2026 16:58,0,0,0,-6.11,2.3,0.77
7/4/2026 16:58,0,0,0,-6.11,2.3,0.76
7/4/2026 16:58,0,0,0,-6.11,2.3,0.8
7/4/2026 16:58,0,0,0,-6.11,2.3,0.77
7/4/2026 16:58,0,0,0,-6.11,2.3,0.75
7/4/2026 16:58,0,0,0,-6.11,2.3,0.81
7/4/2026 16:58,0,0,0,-6.11,2.3,0.76
7/4/2026 16:58,0,0,0,-6.11,2.3,0.75
7/4/2026 16:58,0.66,0,0,0,0,69.86
7/4/2026 16:58,0.02,0,0,0,0,52.84
7/4/2026 16:58,0.22,0,0,0,0,70.05
7/4/2026 16:58,0.22,0,0,0,0,74.44
7/4/2026 16:58,0.17,0,0,0,0,72.04
7/4/2026 16:58,0.12,0,0,0,0,54.26
7/4/2026 16:58,0.08,0,0,0,0,26.81
7/4/2026 16:58,0.05,0,0,0,0,77.48
7/4/2026 16:58,0.03,0,0,0,0,77.51
7/4/2026 16:58,0.02,0,0,0,0,75.54
7/4/2026 16:58,0.01,0,0,0,0,32.88
7/4/2026 16:58,0.01,0,0,0,0,52.11
7/4/2026 16:58,0,0,0,0,0,45.5
7/4/2026 16:58,0,0,0,0,0,26.06
7/4/2026 16:58,0,0,0,0,0,38.2
7/4/2026 16:58,0,0,0,0,0,52.05
7/4/2026 16:58,0,0,0,0,0,40.79
7/4/2026 16:58,0,0,0,0,0,77.33
7/4/2026 16:58,0,0,0,0,0,26.11
7/4/2026 16:58,0,0,0,0,0,100
7/4/2026 16:58,0,0,0,0,0,52.08
7/4/2026 16:58,0,0,0,0,0,46.19
7/4/2026 16:58,0,0,0,0,0,35.13
7/4/2026 16:58,0,0,0,0,0,35.13
7/4/2026 16:58,0,0,0,0,0,37.83
7/4/2026 16:58,0,0,0,0,0,25.32
7/4/2026 16:58,0,0,0,0,0,75.56
7/4/2026 16:58,0,0,0,0,0,51.7
7/4/2026 16:58,0,0,0,0,0,37.3
7/4/2026 16:58,0,0,0,0,0,36.7
7/4/2026 16:58,0,0,0,0,0,23.31
7/4/2026 16:58,0,0,0,0,0,69.62
7/4/2026 16:58,0,0,0,0,0,73.67
7/4/2026 16:58,0,0,0,0,0,31.52
7/4/2026 16:58,0,0,0,0,0,70.12
7/4/2026 16:58,0,0,0,0,0,60.1
7/4/2026 16:58,0,0,0,0,0,30.24
7/4/2026 16:58,0,0,0,0,0,52.18
7/4/2026 16:58,0,0,0,0,0,70.12
7/4/2026 16:58,0,0,0,0,0,45.4
7/4/2026 16:58,0,0,0,0,0,73.24
7/4/2026 16:58,0,0,0,0,0,70.29
7/4/2026 16:58,0,0,0,0,0,25.59
7/4/2026 16:58,0,0,0,0,0,28.54
7/4/2026 16:58,0,0,0,0,0,53.02
7/4/2026 16:58,0,0,0,0,0,26.78
7/4/2026 16:58,0,0,0,0,0,74.53
7/4/2026 16:58,0,0,0,0,0,38.14
7/4/2026 16:58,0,0,0,0,0,28.92
7/4/2026 16:58,0,0,0,0,0,25.48
7/4/2026 16:58,0,0,0,0,0,28.45
7/4/2026 16:58,0,0,0,0,0,69.64
7/4/2026 16:58,0,0,0,0,0,25.53
7/4/2026 16:58,0,0,0,0,0,24.62
7/4/2026 16:58,0,0,0,0,0,34.68
7/4/2026 16:58,0,0,0,0,0,53
7/4/2026 16:58,0,0,0,0,0,28.23
7/4/2026 16:58,0,0,0,0,0,75.95
7/4/2026 16:58,0,0,0,0,0,53.15
7/4/2026 16:58,0,0,0,0,0,74.28
7/4/2026 16:58,0,0,0,0,0,43.47
7/4/2026 16:58,0,0,0,0,0,33.98
7/4/2026 16:58,0,0,0,0,0,27.24
7/4/2026 16:58,0,0,0,0,0,70.82
7/4/2026 16:58,0,0,0,0,0,74.7
7/4/2026 16:58,0,0,0,0,0,52.86
7/4/2026 16:58,0,0,0,0,0,47.73
7/4/2026 16:58,0,0,0,0,0,74.62
7/4/2026 16:58,0,0,0,0,0,26.41
7/4/2026 16:58,0,0,0,0,0,27.32
7/4/2026 16:58,0,0,0,0,0,73.73
7/4/2026 16:58,0,0,0,0,0,33.93
7/4/2026 16:58,0,0,0,0,0,40.27
7/4/2026 16:58,0,0,0,0,0,52.97
7/4/2026 16:58,0,0,0,0,0,73.92
7/4/2026 16:58,0,0,0,0,0,77.2
7/4/2026 16:58,0,0,0,0,0,45.89
7/4/2026 16:58,0,0,0,0,0,71.1
7/4/2026 16:58,0,0,0,0,0,24.65
7/4/2026 16:58,0,0,0,0,0,39.89
7/4/2026 16:58,0,0,0,0,0,25.5
7/4/2026 16:58,0,0,0,0,0,52.05
7/4/2026 16:58,0,0,0,0,0,25.61
7/4/2026 16:58,0,0,0,0,0,69.71
7/4/2026 16:58,0,0,0,0,0,52.16
7/4/2026 16:58,0,0,0,0,0,52.21
7/4/2026 16:58,0,0,0,0,0,77.65
7/4/2026 16:58,0,0,0,0,0,77
7/4/2026 16:58,0,0,0,0,0,44.46
7/4/2026 16:58,0,0,0,0,0,52.16
7/4/2026 16:58,0,0,0,0,0,27.51
7/4/2026 16:58,0,0,0,0,0,52.95
7/4/2026 16:58,0,0,0,0,0,25.75
7/4/2026 16:58,0,0,0,0,0,70.83
7/4/2026 16:58,0,0,0,0,0,40.03
7/4/2026 16:58,0,0.08,0,0,0,52.85
7/4/2026 16:58,0,0.16,0,0,0,29.75
7/4/2026 16:58,0,0.24,0,0,0,76.22
7/4/2026 16:58,0,0.32,0,0,0,52.97
7/4/2026 16:58,0,0.4,0,0,0,73.51
7/4/2026 16:58,0,0.48,0,0,0,27.97
7/4/2026 16:58,0,0.56,0,0,0,52.96
7/4/2026 16:58,0,0.64,0,0,0,52.03
7/4/2026 16:58,0,0.72,0,0,0,28.81
7/4/2026 16:58,0,0.8,0,0,0,45.77
7/4/2026 16:58,0,0.88,0,0,0,52.91
7/4/2026 16:58,0.62,0.96,0,0,0,78.66
7/4/2026 16:58,1.8,1,0,0,0,49.55
7/4/2026 16:58,2.62,1,0,0,0,71.24
7/4/2026 16:58,3.15,1,0,0,0,28.84
7/4/2026 16:58,3.62,1,0,0,0,33.03
7/4/2026 16:58,4.16,1,0,0,0,83.91
7/4/2026 16:58,4.69,1,0,0,0,37.24
7/4/2026 16:58,5.18,1,0,0,0,37.27
7/4/2026 16:58,5.73,1,0,0,0,75.52
7/4/2026 16:58,6.14,1,0,0,0,73.49
7/4/2026 16:58,6.64,1,0,0.05,0,67.37
7/4/2026 16:58,7.12,1,0,0.1,0,40.44
7/4/2026 16:58,7.6,1,0,0.02,0.02,70.4
7/4/2026 16:58,8.02,1,0,0,0.04,72.64
7/4/2026 16:58,8.51,1,0,0,0.06,26.27
7/4/2026 16:58,8.98,1,0,0,0.08,29.45
7/4/2026 16:58,9.42,1,0,0,0.1,34.74
7/4/2026 16:58,9.91,1,0,0.05,0.12,69.79
7/4/2026 16:58,10.36,1,0,0.1,0.14,66.66
7/4/2026 16:58,10.83,1,0,0.15,0.19,68.52
7/4/2026 16:58,11.23,1,0,0.2,0.25,75.77
7/4/2026 16:58,11.6,1,0,0.25,0.34,63.9
7/4/2026 16:58,11.99,1,0,0.3,0.49,52.85
7/4/2026 16:58,12.32,1,0,0.35,0.67,59.33
7/4/2026 16:58,12.61,1,0,0.4,0.91,67.37
7/4/2026 16:58,12.87,1,0,0.32,1.22,41.59
7/4/2026 16:58,13.26,1,0,0.24,1.67,51.21
7/4/2026 16:58,13.7,0,1,0.19,-1.29,60.25
7/4/2026 16:58,14.1,0,1,0.14,-0.62,7.28
7/4/2026 16:58,14.15,0,1,0.09,0.01,12.68
7/4/2026 16:58,13.93,0,1,0.04,0.59,12.23
7/4/2026 16:58,13.55,0,1,-0.01,1.24,10.1
7/4/2026 16:58,13.06,0,1,-0.06,1.94,9.13
7/4/2026 16:58,12.52,0,1,-0.11,2.61,8.6
7/4/2026 16:58,11.84,0,1,-0.16,3.24,7.68
7/4/2026 16:58,11.39,0,1,-0.21,3.72,6.99
7/4/2026 16:58,10.6,0,1,-0.26,4.3,6.83
7/4/2026 16:58,3.86,0.01,0,-0.26,4.64,7.1
7/4/2026 16:58,2.86,1,0,-0.36,4.82,53.22
7/4/2026 16:58,1.47,1,0,-0.41,4.96,48.17
7/4/2026 16:58,0.6,1,0,-0.46,5.02,52.66
7/4/2026 16:58,0.7,1,0,-0.51,5.04,50.13
7/4/2026 16:58,1.12,0.44,0,-0.47,5.06,37.26
7/4/2026 16:58,0.29,1,0,-0.55,5.08,12.68
7/4/2026 16:58,0.05,1,0,-0.55,5.09,37.22
7/4/2026 16:58,0.04,0.44,0,-0.47,5.09,12.68
7/4/2026 16:58,0.03,0.44,0,-0.47,5.1,37.26
7/4/2026 16:58,0.03,1,0,-0.55,5.1,12.72
7/4/2026 16:58,0.02,1,0,-0.55,5.1,50.13
7/4/2026 16:58,0.03,0.44,0,-0.47,5.1,12.73
7/4/2026 16:58,0.03,1,0,-0.55,5.1,37.23
7/4/2026 16:58,0.03,1,0,-0.55,5.11,42.75
7/4/2026 16:58,0.02,1,0,-0.55,5.11,12.67
7/4/2026 16:58,0.03,1,0,-0.55,5.11,37.24
7/4/2026 16:58,0.03,0,0,-0.55,5.11,12.67
7/4/2026 16:58,0.03,0,0,-0.47,5.12,49.9
7/4/2026 16:58,0.01,0,0,-0.39,5.12,48.73
7/4/2026 16:58,0.01,0,0,-0.31,5.12,51.21
7/4/2026 16:58,0.01,0.08,0,-0.23,5.12,12.68
7/4/2026 16:58,0.02,0.16,0,-0.15,5.12,100
7/4/2026 16:58,0.06,0.24,0,-0.06,5.12,12.67
7/4/2026 16:58,0.06,0.32,0,-1.34,5.12,40.29
7/4/2026 16:58,0.14,0.4,0,-1.34,5.11,12.68
7/4/2026 16:58,0.21,0.44,0,-1.34,5.11,37.26
7/4/2026 16:58,0.33,0.56,0,-1.35,5.11,37.55
7/4/2026 16:58,0.43,0.64,0,-1.37,5.1,48.11
7/4/2026 16:58,0.64,0.72,0,0.05,5.1,47.85
7/4/2026 16:58,0.95,0.45,0,0.09,5.09,50.03
7/4/2026 16:58,1.24,0.88,0,0.15,5.07,50.05
7/4/2026 16:58,1.47,0.96,0,0.2,5.03,42.98
7/4/2026 16:58,1.73,1,0,0.25,4.98,51.5
7/4/2026 16:58,2.11,1,0,0.3,4.9,48.21
7/4/2026 16:58,2.38,1,0,0.35,4.83,50.53
7/4/2026 16:58,2.75,1,0,0.4,4.71,13.53
7/4/2026 16:58,2.77,1,0,0.45,4.62,50.74
7/4/2026 16:58,3.02,1,0,0.5,4.5,36.42
7/4/2026 16:58,3.07,0.54,0,0.47,4.38,14.07
7/4/2026 16:58,3.57,1,0,0.55,4.27,48.17
7/4/2026 16:58,3.97,1,0,0.55,4.14,2.18
7/4/2026 16:58,4.34,1,0,0.55,3.99,58.05
7/4/2026 16:58,4.66,1,0,0.55,3.85,50.85
7/4/2026 16:58,5.03,1,0,0.55,3.7,51.36
7/4/2026 16:58,5.07,1,0,0.55,3.56,56.41
7/4/2026 16:58,5.54,0,0,0.55,3.43,42.08
7/4/2026 16:58,5.83,0,0,0.47,3.35,31.93
7/4/2026 16:58,5.93,0.08,0,0.39,3.25,29.9
7/4/2026 16:58,4.28,0.16,0,0.31,3.2,53.15
7/4/2026 16:58,2.46,0.24,0,0.23,3.16,37.44
7/4/2026 16:58,1.03,0.32,0,0.15,3.14,26.19
7/4/2026 16:58,0.34,0.4,0,0.07,3.15,61.22
7/4/2026 16:58,0.01,0.48,0,0.66,3.15,57.46
7/4/2026 16:59,0.22,0.56,0,0.65,3.15,44.71
7/4/2026 16:59,0.42,0.64,0,0.65,3.15,37.73
7/4/2026 16:59,0.64,0.72,0,0.63,3.14,54.8
7/4/2026 16:59,0.92,0.8,0,0.6,3.15,55.04
7/4/2026 16:59,1.23,0.88,0,0.55,3.16,36.26
7/4/2026 16:59,1.61,0.96,0,0.49,3.17,55.1
7/4/2026 16:59,2.03,1,0,0.42,3.18,36.95
7/4/2026 16:59,2.5,1,0,0.35,3.19,55.59
7/4/2026 16:59,2.95,1,0,0.28,3.2,59.24
7/4/2026 16:59,3.49,1,0,0.21,3.22,34.85
7/4/2026 16:59,3.96,1,0,-0.05,3.23,31.9
7/4/2026 16:59,4.38,1,0,-0.1,3.24,31.76
7/4/2026 16:59,4.81,1,0,-0.15,3.22,55.87
7/4/2026 16:59,5.24,1,0,-0.2,3.19,28.19
7/4/2026 16:59,5.67,1,0,-0.25,3.14,56.51
7/4/2026 16:59,6.05,1,0,-0.3,3.08,56.92
7/4/2026 16:59,6.46,1,0,-0.22,2.99,58.28
7/4/2026 16:59,6.92,1,0,-0.14,2.88,33.66
7/4/2026 16:59,7.36,1,0,-0.06,2.76,30.4
7/4/2026 16:59,7.89,1,0,0.68,2.6,40
7/4/2026 16:59,8.29,1,0,0.69,2.47,49.04
7/4/2026 16:59,8.59,1,0,0.63,2.37,47.18
7/4/2026 16:59,8.86,1,0,0.51,2.29,31.01
7/4/2026 16:59,9.12,1,0,0.05,2.26,51.57
7/4/2026 16:59,9.5,1,0,0.1,2.28,35.27
7/4/2026 16:59,9.92,1,0,0.15,2.31,48.29
7/4/2026 16:59,10.37,1,0,0.07,2.36,26.8
7/4/2026 16:59,10.87,0,0.25,-0.28,2.43,54.71
7/4/2026 16:59,11.27,1,0,-0.12,2.49,44.34
7/4/2026 16:59,11.44,1,0,0.07,2.49,45.83
7/4/2026 16:59,11.63,1,0,0.31,2.41,23.85
7/4/2026 16:59,11.84,1,0,0.47,2.32,25.46
7/4/2026 16:59,11.99,1,0,0.51,2.22,52.21
7/4/2026 16:59,12.12,0,0.25,0.5,2.09,74.55
7/4/2026 16:59,12.23,0,0.25,0.45,1.98,37.74
7/4/2026 16:59,12.2,1,0,0.33,1.88,35.83
7/4/2026 16:59,12.08,1,0,0.18,1.81,35.32
7/4/2026 16:59,12.06,0,0.25,0.18,1.73,29.4
7/4/2026 16:59,12.09,0,0.25,0.19,1.67,23.54
7/4/2026 16:59,12.01,0,0.25,0.24,1.61,40.43
7/4/2026 16:59,11.79,0,0,0.31,1.53,40.49
7/4/2026 16:59,11.43,0,0,0.36,1.44,41.44
7/4/2026 16:59,11.02,0,0,0.38,1.35,23.68
7/4/2026 16:59,10.65,0,0,0.36,1.28,53.99
7/4/2026 16:59,10.27,0,0,0.36,1.22,49.03
7/4/2026 16:59,9.93,0,0,0.28,1.18,54.14
7/4/2026 16:59,9.63,0,0,0.27,1.13,44.6
7/4/2026 16:59,9.36,0,0,0.29,1.1,25.41
7/4/2026 16:59,9.1,0,0,0.28,1.06,44.43
7/4/2026 16:59,8.82,0,0,0.26,1.04,75.22
7/4/2026 16:59,8.53,0,0,0.3,1.01,30.8
7/4/2026 16:59,8.24,0,0,0.23,0.98,56.03
7/4/2026 16:59,8.03,0,0,0.1,0.99,42.53
7/4/2026 16:59,7.83,0,0,0.01,1.01,67.18
7/4/2026 16:59,7.62,0,0,-0.03,1.02,82.63
7/4/2026 16:59,7.41,0,0,-0.03,1.03,43.07
7/4/2026 16:59,7.22,0,0,-0.02,1.03,57.99
7/4/2026 16:59,7.04,0,0,-0.01,1.03,84.32
7/4/2026 16:59,6.84,0,0,0,1.03,60.7
7/4/2026 16:59,6.65,0,0,0,1.03,44.19
7/4/2026 16:59,6.47,0,0,0,1.03,83.16
7/4/2026 16:59,6.28,0,0,0,1.03,79.59
7/4/2026 16:59,6.15,0,0,0,1.03,32.1
7/4/2026 16:59,5.95,0,0,0,1.03,78.91
7/4/2026 16:59,5.79,0,0,0,1.03,44.69
7/4/2026 16:59,5.65,0,0,0,1.03,54.26
7/4/2026 16:59,5.48,0,0,0,1.03,41.27
7/4/2026 16:59,5.33,0,0,0,1.03,61.37
7/4/2026 16:59,5.18,0,0,0,1.03,55.76
7/4/2026 16:59,5.02,0,0,0,1.03,76.46
7/4/2026 16:59,4.88,0,0,0,1.03,75.82
7/4/2026 16:59,4.76,0,0,0,1.03,41.82
7/4/2026 16:59,4.63,0,0,0,1.03,54.29
7/4/2026 16:59,4.5,0,0,0,1.03,72.5
7/4/2026 16:59,4.38,0,0,0,1.03,58.73
7/4/2026 16:59,4.26,0,0,0,1.03,74.43
7/4/2026 16:59,4.14,0,0,0,1.03,77.31
7/4/2026 16:59,4.03,0,0,0,1.03,73.81
7/4/2026 16:59,3.92,0,0,0,1.03,26.48
7/4/2026 16:59,3.82,0,0,0,1.03,73.86
7/4/2026 16:59,3.71,0,0,0,1.03,37.61
7/4/2026 16:59,3.62,0,0,0,1.03,30.58
7/4/2026 16:59,3.5,0.08,0,0,1.03,76.11
7/4/2026 16:59,3.43,0.16,0,0,1.03,75.97
7/4/2026 16:59,3.37,0.24,0,0,1.03,24.61
7/4/2026 16:59,3.34,0.32,0,0,1.03,78.36
7/4/2026 16:59,3.35,0.4,0,0,1.03,30.38
7/4/2026 16:59,3.4,0.48,0,0,1.03,51.85
7/4/2026 16:59,3.51,0.56,0,0,1.03,43.65
7/4/2026 16:59,3.66,0.64,0,0,1.03,27.96
7/4/2026 16:59,3.83,0.72,0,0,1.03,30.43
7/4/2026 16:59,4.03,0.8,0,0,1.03,47.83
7/4/2026 16:59,4.3,0.88,0,-0.05,1.03,35.2
7/4/2026 16:59,4.54,0.96,0,-0.1,1.02,73.2
7/4/2026 16:59,4.9,1,0,-0.02,1.01,100
7/4/2026 16:59,5.27,1,0,0.05,1,28.05
7/4/2026 16:59,5.74,1,0,0.05,0.99,68.52
7/4/2026 16:59,6.08,1,0,0.1,1,43.65
7/4/2026 16:59,6.56,1,0,0.02,1,71.51
7/4/2026 16:59,6.98,1,0,-0.03,1.02,67.27
7/4/2026 16:59,7.42,1,0,-0.03,1.02,70.57
7/4/2026 16:59,7.81,1,0,-0.02,1.03,66.47
7/4/2026 16:59,8.29,1,0,-0.01,1.02,65.66
7/4/2026 16:59,8.74,1,0,0,1.02,42.16
7/4/2026 16:59,9.23,1,0,0,1.02,27.04
7/4/2026 16:59,9.57,1,0,0,1.02,68.24
7/4/2026 16:59,10.04,1,0,0,1.02,67.07
7/4/2026 16:59,10.5,1,0,0,1.02,39.98
7/4/2026 16:59,10.89,1,0,0,1.02,68.9
7/4/2026 16:59,11.39,1,0,0,1.02,41.78
7/4/2026 16:59,11.86,1,0,0.05,1.02,40.97
7/4/2026 16:59,12.27,1,0,0.09,1.02,35.48
7/4/2026 16:59,12.59,0,0.25,0.11,0.97,63.52
7/4/2026 16:59,12.95,1,0,0.1,0.96,58.53
7/4/2026 16:59,13.24,1,0,0.1,0.92,61.23
7/4/2026 16:59,13.46,1,0,0.07,0.91,25.19
7/4/2026 16:59,13.77,1,0,0.07,0.88,64.84
7/4/2026 16:59,14.03,1,0,0.05,0.87,38.26
7/4/2026 16:59,14.46,0,0.25,0.07,0.82,35.79
7/4/2026 16:59,14.78,1,0,0.08,0.81,29.19
7/4/2026 16:59,14.96,1,0,0.08,0.76,30.64
7/4/2026 16:59,15.11,1,0,0.09,0.72,48.98
7/4/2026 16:59,15.36,0,0.25,0.08,0.69,36.45
7/4/2026 16:59,15.57,0,0.25,0.07,0.65,36.38
7/4/2026 16:59,15.68,1,0,0.07,0.62,34.98
7/4/2026 16:59,15.56,0,0.25,0.08,0.56,32.44
7/4/2026 16:59,15.4,0,0.25,0.07,0.55,43.6
7/4/2026 16:59,15.1,0,0.25,0,0.48,33.5
7/4/2026 16:59,14.77,1,0,0,0.42,24.59
7/4/2026 16:59,14.41,0,0.25,0,0.38,30.24
7/4/2026 16:59,14.12,0,0.25,0,0.28,51.19
7/4/2026 16:59,13.78,0,0.25,0,0.24,23.33
7/4/2026 16:59,13.43,1,0,0,0.1,24.43
7/4/2026 16:59,13.09,0,0.25,0,-0.14,26.66
7/4/2026 16:59,12.82,0,0,0,-0.15,26.35
7/4/2026 16:59,12.53,0,0.25,0,-0.31,26.09
7/4/2026 16:59,12.21,0,0.25,0,-0.43,48.24
7/4/2026 16:59,11.8,0,0.25,0.62,-0.64,45.26
7/4/2026 16:59,11.4,0,0.25,0.64,-0.83,23.65
7/4/2026 16:59,10.79,0,0,0.05,-0.99,51.72
7/4/2026 16:59,10.46,0,0,0.1,-1.11,34.09
7/4/2026 16:59,10.15,0,0,0.15,-1.21,30.7
7/4/2026 16:59,9.85,0,0,0.2,-1.32,22.91
7/4/2026 16:59,9.53,0,0,0.12,-1.4,28.46
7/4/2026 16:59,9.32,0,0,0.04,-1.46,27.84
7/4/2026 16:59,9.03,0,0,0.38,-1.55,49.17
7/4/2026 16:59,8.79,0,0,0.4,-1.61,24.36
7/4/2026 16:59,8.45,0,0,0.36,-1.66,28.36
7/4/2026 16:59,8.11,0,0,0.25,-1.68,25.3
7/4/2026 16:59,7.9,0,0,0.14,-1.69,32.29
7/4/2026 16:59,7.68,0,0,0.1,-1.67,31.77
7/4/2026 16:59,7.47,0.08,0,0.07,-1.66,31.47
7/4/2026 16:59,7.29,0.16,0,0.06,-1.67,30.42
7/4/2026 16:59,7.1,0.24,0,0.08,-1.66,26.07
7/4/2026 16:59,6.97,0.32,0,0.1,-1.67,31.27
7/4/2026 16:59,6.89,0.4,0,0.09,-1.68,58.28
7/4/2026 16:59,6.87,0.48,0,0.08,-1.69,26.47
7/4/2026 16:59,6.88,0.56,0,0.09,-1.68,24.21
7/4/2026 16:59,6.96,0.64,0,0.09,-1.68,30.57
7/4/2026 16:59,7.09,0.72,0,0.09,-1.69,34.34
7/4/2026 16:59,7.26,0.8,0,0.1,-1.68,31.81
7/4/2026 16:59,7.5,0.88,0,0.09,-1.69,32.8
7/4/2026 16:59,7.79,0.96,0,0.08,-1.69,33.18
7/4/2026 16:59,8.19,1,0,0.08,-1.71,32.69
7/4/2026 16:59,8.51,1,0,0.1,-1.7,39.14
7/4/2026 16:59,8.95,1,0,0.1,-1.71,100
7/4/2026 16:59,9.37,1,0,0.11,-1.72,44.78
7/4/2026 16:59,9.81,1,0,0.09,-1.73,26.43
7/4/2026 16:59,10.19,1,0,0.08,-1.74,35.88
7/4/2026 16:59,10.69,0,0.25,0.05,-1.74,24.99
7/4/2026 16:59,11.09,0,0.25,0.1,1.74,25.47
7/4/2026 16:59,11.24,1,0,0.15,1.71,41.16
7/4/2026 16:59,11.18,1,0,0.07,1.69,40.57
7/4/2026 16:59,11.16,1,0,0.11,1.67,40.86
7/4/2026 16:59,11.24,0,0.25,0.11,1.65,27.32
7/4/2026 16:59,11.44,0,0.25,0.12,1.63,24.06
7/4/2026 16:59,11.5,0,0.25,0.1,1.61,25.36
7/4/2026 16:59,11.36,1,0,0.08,1.59,40.89
7/4/2026 16:59,11.13,1,0,0.1,1.57,88.41
7/4/2026 16:59,11.04,1,0,0.1,1.56,61.54
7/4/2026 16:59,11.11,1,0,0.08,1.55,43.69
7/4/2026 16:59,11.34,1,0,0.1,1.53,30.69
7/4/2026 16:59,11.63,1,0,0.1,1.52,46.48
7/4/2026 16:59,11.94,1,0,0.08,1.5,36.57
7/4/2026 16:59,12.35,1,0,0.03,1.49,33.32
7/4/2026 16:59,12.77,0,0.25,-0.02,1.49,24.21
7/4/2026 16:59,13.12,1,0,-0.04,1.49,73.88
7/4/2026 16:59,13.3,1,0,-0.03,1.5,67.2
7/4/2026 16:59,13.47,1,0,-0.01,1.5,100
7/4/2026 16:59,13.74,0,0.25,0.01,1.49,29.42
7/4/2026 16:59,14.03,1,0,0.02,1.49,33.64
7/4/2026 16:59,14.2,0,0.25,0.01,1.49,83.5
7/4/2026 16:59,14.32,1,0,0,1.49,100
7/4/2026 16:59,14.29,1,0,-0.01,1.49,27.51
7/4/2026 16:59,14.28,1,0,-0.01,1.49,41.05
7/4/2026 16:59,14.38,1,0,0,1.49,30.06
7/4/2026 16:59,14.81,0,0.25,0,1.49,23.97
7/4/2026 16:59,15.09,0,0.25,0,1.49,34.62
7/4/2026 16:59,15.14,0,0.25,0,1.49,23.38
7/4/2026 16:59,14.97,0,0.25,0,1.49,45.86
7/4/2026 16:59,14.71,0,0.25,0,1.49,24.53
7/4/2026 16:59,14.28,1,0,0,1.49,88.98
7/4/2026 16:59,13.92,1,0,-6.99,-1.4,45.57
7/4/2026 16:59,13.7,1,0,-6.83,-0.77,39.07
7/4/2026 16:59,13.59,0,0.25,0,-0.18,24.23
7/4/2026 16:59,13.63,0,0.25,-6.33,0.6,66.17
7/4/2026 16:59,13.68,0,0.25,0,-0.2,63.77
7/4/2026 16:59,13.38,0,0.25,0.55,1.01,35.93
7/4/2026 16:59,13.1,0,0.25,0.57,0.88,23.46
7/4/2026 16:59,12.68,0,0.25,0.49,0.75,52.96
7/4/2026 16:59,12.07,1,0,6.84,0.57,71.47
7/4/2026 16:59,11.33,0,0.25,0,-0.15,68.71
7/4/2026 16:59,10.85,1,0,-0.27,0.71,39.02
7/4/2026 16:59,10.66,1,0,-0.49,0.84,30.72
7/4/2026 16:59,10.49,1,0,-0.58,0.97,32.77
7/4/2026 16:59,10.43,1,0,-0.49,1.06,29.11
7/4/2026 16:59,10.45,1,0,-0.32,1.13,54.04
7/4/2026 16:59,10.73,1,0,-0.08,1.13,34.23
7/4/2026 16:59,11.23,1,0,0.15,1.07,43.82
7/4/2026 16:59,11.61,0,0.25,0.23,1.02,41.68
7/4/2026 16:59,11.95,1,0,0.18,0.99,100
7/4/2026 16:59,12.11,1,0,-1.48,-0.92,51.99
7/4/2026 16:59,12.28,1,0,0,-0.5,45.57
7/4/2026 16:59,12.6,0,0.25,0,-0.08,32.71
7/4/2026 16:59,12.92,1,0,0,0.28,86.99
7/4/2026 16:59,13.08,1,0,-0.78,0.62,100
7/4/2026 16:59,13.19,0,0.25,-0.52,0.83,30.86
7/4/2026 16:59,13.23,1,0,-0.19,0.91,79.63
7/4/2026 16:59,13.19,1,0,0.21,0.89,100
7/4/2026 16:59,13.26,0,0.25,0.41,0.76,30.48
7/4/2026 16:59,13.31,1,0,0.42,0.65,29.74
7/4/2026 16:59,13.17,1,0,0.29,0.57,62.63
7/4/2026 16:59,13.18,1,0,0.09,0.55,48.31
7/4/2026 16:59,13.43,0,0.25,-0.11,0.57,30.6
7/4/2026 16:59,13.68,1,0,-0.21,0.6,72.89
7/4/2026 16:59,13.79,1,0,-0.17,0.64,55.56
7/4/2026 16:59,13.89,1,0,-0.07,0.65,100
7/4/2026 16:59,14.15,1,0,0.04,0.64,100
7/4/2026 16:59,14.46,1,0,0.09,0.62,100
7/4/2026 16:59,14.83,0,0.25,0.07,0.61,99.53
7/4/2026 16:59,15.22,1,0,0.02,0.61,100
7/4/2026 16:59,15.37,1,0,-0.03,0.61,31.8
7/4/2026 16:59,15.51,1,0,-0.04,0.62,52.44
7/4/2026 16:59,15.8,1,0,-0.03,0.62,100
7/4/2026 16:59,16.12,1,0,0,0.62,100
7/4/2026 16:59,16.44,0,0.25,0.01,0.62,41.18
7/4/2026 16:59,16.75,1,0,0.02,0.62,44.97
7/4/2026 16:59,16.89,1,0,0.01,0.61,100
7/4/2026 16:59,17.05,1,0,0,0.62,77.88
7/4/2026 16:59,17.27,1,0,-0.01,0.62,100
7/4/2026 16:59,17.53,1,0,-0.01,0.62,73.46
7/4/2026 16:59,17.89,0,0.25,-0.01,0.62,24.53
7/4/2026 16:59,18.22,1,0,0,0.62,100
7/4/2026 16:59,18.42,1,0,0.02,0.61,100
7/4/2026 16:59,18.58,1,0,0.01,0.61,100
7/4/2026 16:59,18.86,0,0.25,0,0.61,25.88
7/4/2026 16:59,19.15,1,0,-0.01,0.61,92.52
7/4/2026 16:59,19.26,0,0.25,-0.02,0.61,43.42
7/4/2026 16:59,19.25,1,0,-0.02,0.62,91.82
7/4/2026 16:59,19.1,1,0,-0.02,0.62,100
7/4/2026 16:59,18.95,0,0.25,-0.01,0.63,31.04
7/4/2026 16:59,18.84,0,0.25,0.01,0.64,36.12
7/4/2026 16:59,18.62,1,0,0.02,0.64,84.72
7/4/2026 16:59,18.28,0,0.25,0.02,0.64,48.77
7/4/2026 16:59,17.97,0,0.25,0.01,0.64,30.79
7/4/2026 16:59,17.58,0,0.25,-0.01,0.64,95.16
7/4/2026 16:59,17.21,0,0.25,-0.01,0.64,31.65
7/4/2026 16:59,16.61,1,0,-0.01,0.64,48.04
7/4/2026 16:59,16.14,0,0.25,0,0.64,34.43
7/4/2026 16:59,15.77,1,0,0,0.64,76.28
7/4/2026 16:59,15.43,1,0,0,0.64,94.14
7/4/2026 16:59,15.22,1,0,0,0.64,41.57
7/4/2026 16:59,15.15,1,0,0,0.64,100
7/4/2026 16:59,15.31,1,0,0,0.64,44.6
7/4/2026 16:59,15.62,0,0.25,0,0.64,26.63
7/4/2026 16:59,15.89,1,0,0,0.64,70.44
7/4/2026 16:59,16.02,0,0.25,0,0.64,33.36
7/4/2026 16:59,16.1,1,0,0,0.64,82.95
7/4/2026 16:59,16.04,1,0,0,0.64,100
7/4/2026 16:59,16,1,0,0,0.64,64.21
7/4/2026 16:59,16.1,0,0.25,0,0.64,28.65
7/4/2026 16:59,16.27,1,0,0,0.64,36.89
7/4/2026 16:59,16.37,0,0.25,0,0.64,29.78
7/4/2026 16:59,16.39,1,0,0,0.64,53.67
7/4/2026 16:59,16.24,1,0,0,0.64,59.41
7/4/2026 16:59,16.15,1,0,0,0.64,51.51
7/4/2026 16:59,16.23,0,0.25,0,0.64,56.53
7/4/2026 16:59,16.37,1,0,0,0.64,56.84
7/4/2026 16:59,16.45,1,0,0,0.64,53.96
7/4/2026 16:59,16.57,1,0,0,0.64,34
7/4/2026 16:59,16.79,0,0.25,0,0.64,64.24
7/4/2026 16:59,17.06,1,0,0,0.64,70.16
7/4/2026 16:59,17.2,0,0.25,0,0.64,42.22
7/4/2026 16:59,17.27,1,0,0,0.64,87.59
7/4/2026 16:59,17.22,1,0,0,0.64,60.13
7/4/2026 16:59,17.19,1,0,0,0.64,85.03
7/4/2026 16:59,17.31,0,0.25,0,0.64,100
7/4/2026 16:59,17.5,0,0.25,0,0.64,60.35
7/4/2026 16:59,17.55,0,0.25,0,0.64,27.31
7/4/2026 16:59,17.37,0,0.25,0,0.64,26.31
7/4/2026 16:59,17.02,1,0,0,0.64,24.22
7/4/2026 16:59,16.67,0,0.25,0,0.64,51.57
7/4/2026 16:59,16.36,1,0,0,0.64,24.21
7/4/2026 16:59,16.01,1,0,0,0.64,33.89
7/4/2026 16:59,15.76,1,0,0,0.64,75.04
7/4/2026 16:59,15.68,0,0.25,0,0.64,31.46
7/4/2026 16:59,15.74,1,0,0,0.64,46.67
7/4/2026 16:59,15.79,0,0.25,0,0.64,36.87
7/4/2026 16:59,15.86,0,0.25,0,0.64,32.22
7/4/2026 16:59,15.77,0,0.25,0,0.64,31.38
7/4/2026 16:59,15.57,1,0,0,0.64,68.58
7/4/2026 16:59,15.28,0,0.25,0,0.64,26.22
7/4/2026 16:59,15.02,1,0,0.06,0.64,27.58
7/4/2026 16:59,14.71,1,0,0.12,0.61,44.89
7/4/2026 16:59,14.44,0,0.25,0.16,0.56,26.42
7/4/2026 16:59,14.27,0,0.25,0,0.51,25.8
7/4/2026 16:59,14.08,1,0,0,0.47,62.54
7/4/2026 16:59,13.86,0,0.25,0,0.41,100
7/4/2026 16:59,13.62,0,0.25,0,0.35,34.45
7/4/2026 16:59,13.37,1,0,0,0.29,41.97
7/4/2026 16:59,13.09,1,0,0,0.2,100
7/4/2026 16:59,12.87,1,0,0,0.11,43.49
7/4/2026 16:59,12.84,0,0.25,0,-0.04,38.74
7/4/2026 16:59,12.94,1,0,0,-0.18,56.67
7/4/2026 16:59,13.02,1,0,0,-0.33,55.86
7/4/2026 16:59,13.15,1,0,0,-0.51,49.26
7/4/2026 16:59,13.45,1,0,0.7,-0.75,55.02
7/4/2026 16:59,13.74,0,0.25,0.05,-0.97,29.55
7/4/2026 16:59,14.03,0,0.25,0.1,-1.2,26.25
7/4/2026 16:59,14.1,0,0,0.15,-1.44,52.01
7/4/2026 16:59,13.96,0,0.25,0.2,-1.68,28.27
7/4/2026 16:59,13.67,0,0.25,0.25,-1.61,27.54
7/4/2026 16:59,13.29,0,0,0.3,-1.42,35.49
7/4/2026 16:59,12.87,0,0.25,0.35,-1.27,36.99
7/4/2026 16:59,12.38,0,0.25,0.4,-1.15,21.17
7/4/2026 16:59,11.85,0,0,0.45,-1.08,22.94
7/4/2026 16:59,11.31,0,0,0.37,-1.07,31.89
7/4/2026 16:59,10.89,0.08,0,0.29,-1.11,66.93
7/4/2026 16:59,10.56,0.16,0,0.21,-1.2,39.81
7/4/2026 16:59,10.29,0.24,0,0.13,-1.33,22.96
7/4/2026 16:59,10.07,0.32,0,0.05,-1.49,26.43
7/4/2026 16:59,9.94,0.4,0,8.34,-1.63,45.4
7/4/2026 16:59,9.8,0,0.25,-0.69,-1.7,24.61
7/4/2026 16:59,9.66,0.56,0,-0.73,-1.51,42.33
7/4/2026 16:59,9.43,0.64,0,-0.66,-1.37,41.51
7/4/2026 16:59,9.16,0.72,0,-0.48,-1.26,37.01
7/4/2026 16:59,9.01,0.8,0,-0.25,-1.23,34.32
7/4/2026 16:59,9.13,0.88,0,-0.05,-1.25,23.77
7/4/2026 16:59,9.39,0.96,0,0.16,-1.3,32.33
7/4/2026 16:59,9.67,1,0,-0.05,-1.36,25.94
7/4/2026 16:59,10.03,1,0,-0.1,-1.41,22.52
7/4/2026 16:59,10.45,0,0.25,-0.15,-1.51,26.67
7/4/2026 16:59,10.78,1,0,-0.2,-1.64,28.44
7/4/2026 16:59,10.93,0,0.25,-0.12,-1.7,27.94
7/4/2026 16:59,11.06,0,0.25,-0.04,-1.49,25.59
7/4/2026 16:59,11.03,0,0.25,-8.08,-1.31,24.39
7/4/2026 16:59,10.84,0,0.25,-7.98,-1.07,20.94
7/4/2026 16:59,10.46,0,0.25,-7.81,-0.77,100
7/4/2026 16:59,9.96,0,0.25,0,-0.44,21.35
7/4/2026 16:59,9.5,0,0.25,0,-0.02,17.17
7/4/2026 16:59,9.21,0,0.25,0,0.39,16.17
7/4/2026 16:59,8.88,1,0,-7.09,0.79,100
7/4/2026 16:59,8.65,0,0.25,-7.03,1.13,14.64
7/4/2026 16:59,8.32,0,0.25,-6.9,1.59,12.86
7/4/2026 16:59,7.98,0,0.25,-6.73,-1.57,12.34
7/4/2026 16:59,7.54,0,0.25,-6.52,-1.17,11.73
7/4/2026 16:59,6.99,0,0.25,-6.23,-0.77,9.87
7/4/2026 16:59,6.41,0.96,0,0,-0.41,19.44
7/4/2026 16:59,6.03,1,0,0,0.26,28.93
7/4/2026 16:59,6.11,1,0,0,0.53,29.08
7/4/2026 16:59,6.28,1,0,-5.27,0.94,28.84
7/4/2026 16:59,6.59,1,0,-5.19,1.4,28.57
7/4/2026 16:59,6.85,1,0,-5.09,1.78,28.99
7/4/2026 16:59,7.11,1,0,-4.96,2.26,30.1
7/4/2026 16:59,7.14,1,0,-4.74,2.75,30.68
7/4/2026 16:59,2.01,1,0,-4.5,3.06,81.65
7/4/2026 16:59,0.33,1,0,-4.38,3.11,46.3
7/4/2026 16:59,0.08,1,0,-4.37,3.11,81.67
7/4/2026 16:59,0.09,1,0,-4.37,3.11,34.38
7/4/2026 16:59,0.08,1,0,-4.36,3.11,73.55
7/4/2026 16:59,0.07,1,0,-4.36,3.11,90.31
7/4/2026 16:59,0.06,1,0,-4.36,3.11,30.9
7/4/2026 16:59,0.05,1,0,-4.35,3.11,33.08
7/4/2026 16:59,0.04,1,0,-4.35,3.11,73.73
7/4/2026 16:59,0.04,1,0,-4.35,3.11,32.39
7/4/2026 16:59,0.05,0,0,-4.34,3.12,32.94
7/4/2026 16:59,0.04,0,0,-4.34,3.12,30.49
7/4/2026 16:59,0.03,0,0,-4.34,3.12,33.84
7/4/2026 16:59,0.05,0,0,-4.34,3.12,87.73
7/4/2026 16:59,0.07,0,0,-4.34,3.12,81.72
7/4/2026 16:59,0.08,0,0,-4.34,3.12,31.73
7/4/2026 16:59,0.06,0,0,-4.34,3.12,89.58
7/4/2026 16:59,0.05,0,0,-4.34,3.12,33.47
7/4/2026 16:59,0.04,0,0,-4.33,3.12,31.81
7/4/2026 16:59,0.03,0,0,-4.33,3.12,31.32
7/4/2026 16:59,0.02,0,0,-4.33,3.13,81.78
7/4/2026 16:59,0.02,0,0,-4.33,3.13,33.61
7/4/2026 16:59,0.01,0,0,-4.33,3.13,32.02
7/4/2026 16:59,0.01,0,0,-4.33,3.13,31.16
7/4/2026 16:59,0,0,0,-4.33,3.13,100
7/4/2026 16:59,0,0,0,-4.33,3.13,84.71
7/4/2026 16:59,0,0,0,-4.33,3.13,84.57
7/4/2026 16:59,0,0,0,-4.33,3.13,81.77
7/4/2026 16:59,0,0,0,-4.33,3.13,34.33
7/4/2026 16:59,0,0,0,-4.33,3.13,81.09
7/4/2026 16:59,0,0,0,-4.33,3.13,73.64
7/4/2026 16:59,0,0,0,-4.33,3.13,66.96
7/4/2026 16:59,0,0,0,-4.33,3.13,35.39
7/4/2026 16:59,0,0,0,-4.33,3.13,35.44
7/4/2026 16:59,0,0,0,-4.33,3.13,81.61
7/4/2026 16:59,0,0,0,-4.33,3.13,34.93
7/4/2026 16:59,0,0,0,-4.33,3.13,81.23
7/4/2026 16:59,0,0,0,-4.33,3.13,32.78
7/4/2026 16:59,0,0,0,-4.33,3.13,35.4
7/4/2026 16:59,0,0,0,-4.33,3.13,32.29
7/4/2026 16:59,0,0,0,-4.33,3.13,88.01
7/4/2026 16:59,0,0,0,-4.33,3.13,80.84
7/4/2026 16:59,0,0,0,-4.33,3.13,31.35
7/4/2026 16:59,0,0,0,-4.33,3.13,73.56
7/4/2026 16:59,0,0,0,-4.33,3.13,31.43
7/4/2026 16:59,0,0,0,-4.33,3.13,32.31
7/4/2026 16:59,0,0,0,-4.33,3.13,65.99
7/4/2026 16:59,0,0,0,-4.33,3.13,100
7/4/2026 16:59,0,0,0,-4.33,3.13,80.9
7/4/2026 16:59,0,0,0,-4.33,3.13,35.33
7/4/2026 16:59,0,0,0,-4.33,3.13,100
7/4/2026 16:59,0,0,0,-4.33,3.13,90.19
7/4/2026 16:59,0,0,0,-4.33,3.13,33.2
7/4/2026 16:59,0,0,0,-4.33,3.13,84.47
7/4/2026 16:59,0,0,0,-4.33,3.13,84.57
7/4/2026 16:59,0,0,0,-4.33,3.13,73.78
7/4/2026 16:59,0,0,0,-4.33,3.13,33.65
7/4/2026 16:59,0,0,0,-4.33,3.13,32.45
7/4/2026 16:59,0,0,0,-4.33,3.13,100
7/4/2026 16:59,0,0,0,-4.33,3.13,84.32
7/4/2026 16:59,0,0,0,-4.33,3.13,35.43
7/4/2026 16:59,0,0,0,-4.33,3.13,35.22
7/4/2026 16:59,0,0,0,-4.33,3.13,84.43
7/4/2026 16:59,0,0,0,-4.33,3.13,32.5
7/4/2026 16:59,0,0,0,-4.33,3.13,84.55
7/4/2026 16:59,0,0,0,-4.33,3.13,46.3
7/4/2026 16:59,0,0,0,-4.33,3.13,81.58
7/4/2026 16:59,0,0,0,-4.33,3.13,84.98
7/4/2026 16:59,0,0,0,-4.33,3.13,91.08
7/4/2026 16:59,0,0,0,-4.33,3.13,31.25
7/4/2026 16:59,0,0,0,-4.33,3.13,34.57
7/4/2026 16:59,0,0,0,-4.33,3.13,33.91
7/4/2026 16:59,0,0,0,-4.33,3.13,84.53
7/4/2026 16:59,0,0,0,-4.33,3.13,84.53
7/4/2026 16:59,0,0,0,-4.33,3.13,81.8
7/4/2026 16:59,0,0,0,-4.33,3.13,80.82
7/4/2026 16:59,0,0,0,-4.33,3.13,33.94
7/4/2026 16:59,0,0,0,-4.33,3.13,45.3
7/4/2026 16:59,0,0,0,-4.33,3.13,83.89
7/4/2026 16:59,0,0,0,-4.33,3.13,82.92
7/4/2026 16:59,0,0,0,-4.33,3.13,47.01
7/4/2026 16:59,0,0,0,-4.33,3.13,45.44
7/4/2026 16:59,0,0,0,-4.33,3.13,74
7/4/2026 16:59,0,0,0,-4.33,3.13,84.56
7/4/2026 16:59,0,0,0,-4.33,3.13,83.89
7/4/2026 16:59,0,0,0,-4.33,3.13,81.22
7/4/2026 16:59,0,0,0,-4.33,3.13,84.36
7/4/2026 16:59,0,0,0,-4.33,3.13,33.7
7/4/2026 16:59,0,0,0,-4.33,3.13,84.53
7/4/2026 16:59,0,0,0,-4.33,3.13,85.14
7/4/2026 16:59,0,0,0,-4.33,3.13,35.2
7/4/2026 16:59,0,0,0,-4.33,3.13,82.21
7/4/2026 16:59,0,0,0,-4.33,3.13,31.12
7/4/2026 16:59,0,0,0,-4.33,3.13,35.24
7/4/2026 16:59,0,0,0,-4.33,3.13,73.52
7/4/2026 16:59,0,0,0,-4.33,3.13,87.85
7/4/2026 16:59,0,0,0,-4.33,3.13,66.82
7/4/2026 16:59,0,0,0,-4.33,3.13,85.06
7/4/2026 16:59,0,0,0,-4.33,3.13,31.72
7/4/2026 16:59,0,0,0,-4.33,3.13,100
7/4/2026 16:59,0,0,0,-4.33,3.13,86.87
7/4/2026 16:59,0,0,0,-4.33,3.13,32.36
7/4/2026 16:59,0,0,0,-4.33,3.13,100
7/4/2026 16:59,0,0,0,-4.33,3.13,33.94
7/4/2026 16:59,0,0,0,-4.33,3.13,83.51
7/4/2026 16:59,0,0,0,-4.33,3.13,35.49
7/4/2026 16:59,0,0,0,-4.33,3.13,84.53
7/4/2026 16:59,0,0,0,-4.33,3.13,80.83
7/4/2026 16:59,0,0,0,-4.33,3.13,83.82
7/4/2026 16:59,0,0,0,-4.33,3.13,67.11
7/4/2026 16:59,0,0,0,-4.33,3.13,32.48
7/4/2026 17:06,0.92,0,0,0,-0.11,100
7/4/2026 17:06,1.3,0,0,0,-0.11,100
7/4/2026 17:06,2.11,0,0,0,-0.11,100
7/4/2026 17:06,2.61,0,0,0,-0.11,100
7/4/2026 17:06,1.81,0,0,0,-0.11,29.17
7/4/2026 17:06,0.26,0,0,0,-0.11,88.16
7/4/2026 17:07,0.09,0,0,0,-0.11,100
7/4/2026 17:07,0.24,0,0,0,-0.11,37.78
7/4/2026 17:07,0.2,0,0,0,-0.11,64.27
7/4/2026 17:07,0.14,0,0,0,-0.11,100
7/4/2026 17:07,0.09,0,0,0,-0.11,27.83
7/4/2026 17:07,0.06,0,0,0,-0.11,57.22
7/4/2026 17:07,0.04,0,0,0,-0.11,100
7/4/2026 17:07,0.02,0,0,0,-0.11,100
7/4/2026 17:07,0.01,0,0,0,-0.11,100
7/4/2026 17:07,0.01,0,0,0,-0.11,100
7/4/2026 17:07,0.01,0,0,0,-0.11,100
7/4/2026 17:07,0,0,0,0,-0.11,38.2
7/4/2026 17:07,0,0,0,0,-0.11,100
7/4/2026 17:07,0,0,0,0,-0.11,100
7/4/2026 17:07,0,0,0,0,-0.11,31.5
7/4/2026 17:07,0,0,0,0,-0.11,52.4
7/4/2026 17:07,0,0,0,0,-0.11,56.61
7/4/2026 17:07,0,0,0,0,-0.11,77.18
7/4/2026 17:07,0,0,0,0,-0.11,29.03
7/4/2026 17:07,0,0,0,0,-0.11,25.58
7/4/2026 17:07,0,0,0,0,-0.11,30.03
7/4/2026 17:07,0,0,0,0,-0.11,44.28
7/4/2026 17:07,0,0,0,0,-0.11,73.89
7/4/2026 17:07,0,0,0,0,-0.11,23.67
7/4/2026 17:07,0,0,0,0,-0.11,40.28
7/4/2026 17:07,0,0,0,0,-0.11,56.25
7/4/2026 17:07,0,0,0,0,-0.11,25.59
7/4/2026 17:07,0,0,0,0,-0.11,23.31
7/4/2026 17:07,0,0,0,0,-0.11,100
7/4/2026 17:07,0,0,0,0,-0.11,58.48
7/4/2026 17:07,0,0,0,0,-0.11,29.76
7/4/2026 17:07,0,0,0,0,-0.11,39.27
7/4/2026 17:07,0,0,0,0,-0.11,100
7/4/2026 17:07,0,0,0,0,-0.11,100
7/4/2026 17:07,0,0,0,0,-0.11,42.48
7/4/2026 17:07,0,0,0,0,-0.11,72.91
7/4/2026 17:07,0,0,0,0,-0.11,100
7/4/2026 17:07,0,0,0,0,-0.11,58.49
7/4/2026 17:07,0,0,0,0,-0.11,50.89
7/4/2026 17:07,0,0,0,0,-0.11,25.38
7/4/2026 17:07,0,0,0,0,-0.11,100
7/4/2026 17:07,0,0,0,0,-0.11,26.78
7/4/2026 17:07,0,0,0,0,-0.11,100
7/4/2026 17:07,0,0,0,0,-0.11,38.14
7/4/2026 17:07,0,0,0,0,-0.11,52.57
7/4/2026 17:07,0,0,0,0,-0.11,100
7/4/2026 17:07,0,0,0,0,-0.11,100
7/4/2026 17:07,0,0,0,0,-0.11,93.65
7/4/2026 17:07,0,0,0,0,-0.11,49.44
7/4/2026 17:07,0,0,0,0,-0.11,65.28
7/4/2026 17:07,0,0,0,0,-0.11,100
7/4/2026 17:07,0,0,0,0,-0.11,24.73
7/4/2026 17:07,0,0,0,0,-0.11,43.05
7/4/2026 17:07,0,0,0,0,-0.11,29.23
7/4/2026 17:07,0,0,0,0,-0.11,25.21
7/4/2026 17:07,0,0,0,0,-0.11,100
7/4/2026 17:07,1.03,0,0,0,-0.13,34.24
7/4/2026 17:07,1.6,0,0,0,-0.13,43.01
7/4/2026 17:07,2.3,0,0,0,-0.13,37.72
7/4/2026 17:07,2.84,0,0,0,-0.13,47.99
7/4/2026 17:07,1.5,0,0,0,-0.13,28.73
7/4/2026 17:07,0.22,0,0,0,-0.13,35.32
7/4/2026 17:07,0.1,0,0,0,-0.13,47.15
7/4/2026 17:07,0.24,0,0,0,-0.13,27.87
7/4/2026 17:07,0.2,0,0,0,-0.13,48.01
7/4/2026 17:07,0.14,0,0,0,-0.13,23.74
7/4/2026 17:07,0.09,0,0,0,-0.13,67.81
7/4/2026 17:07,0.05,0,0,0,-0.13,37.08
7/4/2026 17:07,0.03,0,0,0,-0.13,35.92
7/4/2026 17:07,0.02,0,0,0,-0.13,100
7/4/2026 17:07,0.01,0,0,0,-0.13,40.76
7/4/2026 17:07,0,0,0,0,-0.13,39.12
7/4/2026 17:07,0.01,0,0,0,-0.13,63.56
7/4/2026 17:07,0,0,0,0,-0.13,39.84
7/4/2026 17:07,0,0,0,0,-0.13,48.14
7/4/2026 17:07,0,0,0,0,-0.13,47.99
7/4/2026 17:07,0,0,0,0,-0.13,29.46
7/4/2026 17:07,0,0,0,0,-0.13,68.2
7/4/2026 17:07,0,0,0,0,-0.13,37.78
7/4/2026 17:07,0,0,0,0,-0.13,100
7/4/2026 17:07,0,0,0,0,-0.13,100
7/4/2026 17:07,0,0,0,0,-0.13,23.27
7/4/2026 17:07,0,0,0,0,-0.13,57.07
7/4/2026 17:07,0,0,0,0,-0.13,35.64
7/4/2026 17:07,0,0,0,0,-0.13,40.76
7/4/2026 17:07,0,0,0,0,-0.13,29.25
7/4/2026 17:07,0,0,0,0,-0.13,78.68
7/4/2026 17:07,0,0,0,0,-0.13,48.73
7/4/2026 17:07,0,0,0,0,-0.13,48.02
7/4/2026 17:07,0,0,0,0,-0.13,34.21
7/4/2026 17:07,0,0,0,0,-0.13,100
7/4/2026 17:07,0,0,0,0,-0.13,32.35
7/4/2026 17:07,0,0,0,0,-0.13,32.41
7/4/2026 17:07,0,0,0,0,-0.13,100
7/4/2026 17:07,0,0,0,0,-0.13,62.66
7/4/2026 17:07,0,0,0,0,-0.13,100
7/4/2026 17:07,0,0,0,0,-0.13,74.43
7/4/2026 17:07,0,0,0,0,-0.13,26.25
7/4/2026 17:07,0,0,0,0,-0.13,38.78
7/4/2026 17:07,0,0,0,0,-0.13,29.27
7/4/2026 17:07,0,0,0,0,-0.13,49.44
7/4/2026 17:07,0,0,0,0,-0.13,24.04
7/4/2026 17:07,0,0,0,0,-0.13,100
7/4/2026 17:07,0,0,0,0,-0.13,62.58
7/4/2026 17:07,0,0,0,0,-0.13,30.42
7/4/2026 17:07,0,0,0,0,-0.13,43.37
7/4/2026 17:07,0,0,0,0,-0.13,24.49
7/4/2026 17:07,0,0,0,0,-0.13,48.46
7/4/2026 17:07,0,0,0,0,-0.13,28.8
7/4/2026 17:07,0,0,0,0,-0.13,25.53
7/4/2026 17:07,0,0,0,0,-0.13,47.98
7/4/2026 17:07,0,0,0,0,-0.13,28.08
7/4/2026 17:07,0,0,0,0,-0.13,62.75
7/4/2026 17:07,0,0,0,0,-0.13,66.91
7/4/2026 17:07,0,0,0,0,-0.13,45.98
7/4/2026 17:07,0,0,0,0,-0.13,29.39
7/4/2026 17:07,0,0,0,0,-0.13,26.99
7/4/2026 17:07,0,0,0,0,-0.13,27.62
7/4/2026 17:07,0,0,0,0,-0.13,25.02
7/4/2026 17:07,0,0,0,0,-0.13,36.27
7/4/2026 17:07,0,0,0,0,-0.13,48.02
7/4/2026 17:07,0,0,0,0,-0.13,49.01
7/4/2026 17:07,0,0,0,0,-0.13,31.25
7/4/2026 17:07,0,0,0,0,-0.13,39.17
7/4/2026 17:07,0,0,0,0,-0.13,26.62
7/4/2026 17:07,0,0,0,0,-0.13,35.39
7/4/2026 17:07,0,0,0,0,-0.13,57.26
7/4/2026 17:07,0,0,0,0,-0.13,53.42
7/4/2026 17:07,0,0,0,0,-0.13,48.02
7/4/2026 17:07,0,0,0,0,-0.13,30.62
7/4/2026 17:07,0,0,0,0,-0.13,36.78
7/4/2026 17:07,0,0,0,0,-0.13,27.17
7/4/2026 17:07,0,0,0,0,-0.13,100
7/4/2026 17:07,0,0,0,0,-0.13,100
7/4/2026 17:07,0,0,0,0,-0.13,27.97
7/4/2026 17:07,0,0,0,0,-0.13,68.25
7/4/2026 17:07,0,0,0,0,-0.13,100
7/4/2026 17:07,0,0,0,0,-0.13,30.11
7/4/2026 17:07,0,0,0,0,-0.13,35.51
7/4/2026 17:07,0,0,0,0,-0.13,35.52
7/4/2026 17:07,0,0,0,0,-0.13,92.01
7/4/2026 17:07,0,0,0,0,-0.13,37.38
7/4/2026 17:07,0,0,0,0,-0.13,49.04
7/4/2026 17:07,0,0,0,0,-0.13,23.28
7/4/2026 17:07,0,0,0,0,-0.13,47.93
7/4/2026 17:07,0,0,0,0,-0.13,29.25
7/4/2026 17:07,0,0,0,0,-0.13,100
7/4/2026 17:07,0,0,0,0,-0.13,33.99
7/4/2026 17:07,0,0,0,0,-0.13,25.53
7/4/2026 17:07,0,0,0,0,-0.13,30.76
7/4/2026 17:07,0,0,0,0,-0.13,44.07
7/4/2026 17:07,0,0,0,0,-0.13,31.58
7/4/2026 17:07,0,0,0,0,-0.13,100
7/4/2026 17:07,0,0,0,0,-0.13,29.3
7/4/2026 17:07,0,0,0,0,-0.13,25.48
7/4/2026 17:07,0,0,0,0,-0.13,27.64
7/4/2026 17:07,0,0,0,0,-0.13,35.24
7/4/2026 17:07,0,0,0,0,-0.13,44.24
7/4/2026 17:07,0,0,0,0,-0.13,36.34
7/4/2026 17:07,0,0,0,0,-0.13,40.77
7/4/2026 17:07,0,0,0,0,-0.13,100
7/4/2026 17:07,0,0,0,0,-0.13,25.87
7/4/2026 17:07,0,0,0,0,-0.13,26.3
7/4/2026 17:07,0,0,0,0,-0.13,32.53
7/4/2026 17:07,0,0,0,0,-0.13,25.26
7/4/2026 17:07,0,0,0,0,-0.13,91.34
7/4/2026 17:07,0,0,0,0,-0.13,41.2
7/4/2026 17:07,0,0,0,0,-0.13,31.21
7/4/2026 17:07,0,0,0,0,-0.13,29.41
7/4/2026 17:07,0,0,0,0,-0.13,39.14
7/4/2026 17:07,0,0,0,0,-0.13,27.86
7/4/2026 17:07,0,0,0,0,-0.13,28.91
7/4/2026 17:07,0,0,0,0,-0.13,35.8
7/4/2026 17:07,0,0,0,0,-0.13,62.59
7/4/2026 17:07,0,0,0,0,-0.13,100
7/4/2026 17:07,0,0,0,0,-0.13,62.56
7/4/2026 17:07,0,0,0,0,-0.13,100
7/4/2026 17:07,0,0,0,0,-0.13,54.24
7/4/2026 17:07,0,0,0,0,-0.13,30.97
7/4/2026 17:07,0,0,0,0,-0.13,28.69
7/4/2026 17:07,0,0,0,0,-0.13,100
7/4/2026 17:07,0,0,0,0,-0.13,26.49
7/4/2026 17:07,0,0,0,0,-0.13,23.16
7/4/2026 17:07,0,0,0,0,-0.13,47.98
7/4/2026 17:07,0,0,0,0,-0.13,47.93
7/4/2026 17:07,0,0,0,0,-0.13,23.77
7/4/2026 17:07,0,0,0,0,-0.13,35.67
7/4/2026 17:07,0,0,0,0,-0.13,32.89
7/4/2026 17:07,0,0,0,0,-0.13,100
7/4/2026 17:07,0,0,0,0,-0.13,56.17
7/4/2026 17:07,0,0,0,0,-0.13,92.66
7/4/2026 17:07,0,0,0,0,-0.13,63.24
7/4/2026 17:07,0,0,0,0,-0.13,40.79
7/4/2026 17:07,0,0,0,0,-0.13,35.9
7/4/2026 17:07,0,0,0,0,-0.13,25.16
7/4/2026 17:07,0,0,0,0,-0.13,24.13
7/4/2026 17:07,0,0,0,0,-0.13,100
7/4/2026 17:07,0,0,0,0,-0.13,38.63
7/4/2026 17:07,0,0,0,0,-0.13,31.43
7/4/2026 17:07,0,0,0,0,-0.13,27.41
7/4/2026 17:07,0,0,0,0,-0.13,54.87
7/4/2026 17:07,0,0,0,0,-0.13,62.2
7/4/2026 17:07,0,0,0,0,-0.13,25.42
7/4/2026 17:07,0,0,0,0,-0.13,100
7/4/2026 17:07,0,0,0,0,-0.13,29.51
7/4/2026 17:07,0,0,0,0,-0.13,100
7/4/2026 17:07,0,0,0,0,-0.13,31.22
7/4/2026 17:07,0,0,0,0,-0.13,47.98
7/4/2026 17:07,0,0,0,0,-0.13,55.18
7/4/2026 17:07,0,0,0,0,-0.13,32.2
7/4/2026 17:07,0,0,0,0,-0.13,28.03
7/4/2026 17:07,0,0,0,0,-0.13,27.71
7/4/2026 17:07,0,0,0,0,-0.13,35.84
7/4/2026 17:07,0,0,0,0,-0.13,71.64
7/4/2026 17:07,0,0,0,0,-0.13,48.23
7/4/2026 17:07,0,0,0,0,-0.13,29.84
7/4/2026 17:07,0,0,0,0,-0.13,37.68
7/4/2026 17:07,0,0,0,0,-0.13,54.67
7/4/2026 17:07,0,0,0,0,-0.13,24.84
7/4/2026 17:07,0,0,0,0,-0.13,36.71
7/4/2026 17:07,0,0,0,0,-0.13,27.9
7/4/2026 17:07,0,0,0,0,-0.13,48.04
7/4/2026 17:07,0,0,0,0,-0.13,62.68
7/4/2026 17:07,0,0,0,0,-0.13,56.02
7/4/2026 17:07,0,0,0,0,-0.13,43.91
7/4/2026 17:07,0,0,0,0,-0.13,29.26
7/4/2026 17:07,0,0,0,0,-0.13,34.95
7/4/2026 17:07,0,0,0,0,-0.13,24.58
7/4/2026 17:07,0,0,0,0,-0.13,62.22
7/4/2026 17:07,0,0,0,0,-0.13,54.79
7/4/2026 17:07,0,0,0,0,-0.13,48.16
7/4/2026 17:07,0,0,0,0,-0.13,50.65
7/4/2026 17:07,0,0,0,0,-0.13,100
7/4/2026 17:07,0,0,0,0,-0.13,34.27
7/4/2026 17:07,0,0,0,0,-0.13,30.9
7/4/2026 17:07,0,0,0,0,-0.13,25.78
7/4/2026 17:07,0,0,0,0,-0.13,78.47
7/4/2026 17:07,0,0,0,0,-0.13,100
7/4/2026 17:07,0,0,0,0,-0.13,60.91
7/4/2026 17:07,0,0,0,0,-0.13,34.76
7/4/2026 17:07,0,0,0,0,-0.13,48.88
7/4/2026 17:07,0,0,0,0,-0.13,92.92
7/4/2026 17:07,0,0,0,0,-0.13,35.32
7/4/2026 17:07,0,0,0,0,-0.13,37.54
7/4/2026 17:07,0,0,0,0,-0.13,34.21
7/4/2026 17:07,0,0,0,0,-0.13,48.04
7/4/2026 17:07,0,0,0,0,-0.13,29.24
7/4/2026 17:07,0,0,0,0,-0.13,25.02
7/4/2026 17:07,0,0,0,0,-0.13,31.32
7/4/2026 17:07,0,0,0,0,-0.13,42.41
7/4/2026 17:07,0,0,0,0,-0.13,36.51
7/4/2026 17:07,0,0,0,0,-0.13,29.13
7/4/2026 17:07,0,0,0,0,-0.13,24.3
7/4/2026 17:07,0,0,0,0,-0.13,66.49
7/4/2026 17:07,0,0,0,0,-0.13,100
7/4/2026 17:07,0,0,0,0,-0.13,100
7/4/2026 17:07,0,0,0,0,-0.13,32.8
7/4/2026 17:07,0,0,0,0,-0.13,60.56
7/4/2026 17:07,0,0,0,0,-0.13,26.36
7/4/2026 17:07,0,0,0,0,-0.13,37.38
7/4/2026 17:07,0,0,0,0,-0.13,44.04
7/4/2026 17:07,0,0,0,0,-0.13,44.73
7/4/2026 17:07,0,0,0,0,-0.13,100
7/4/2026 17:07,0,0,0,0,-0.13,100
7/4/2026 17:07,0,0,0,0,-0.13,100
7/4/2026 17:07,0,0,0,0,-0.13,43.36
7/4/2026 17:07,0,0,0,0,-0.13,100
7/4/2026 17:07,0,0,0,0,-0.13,30.9
7/4/2026 17:07,0,0,0,0,-0.13,100
7/4/2026 17:07,0,0,0,0,-0.13,32.33
7/4/2026 17:07,0,0,0,0,-0.13,30.94
7/4/2026 17:07,0,0,0,0,-0.13,64.74
7/4/2026 17:07,0,0,0,0,-0.13,30.92
7/4/2026 17:07,0,0,0,0,-0.13,55.14
7/4/2026 17:07,0,0,0,0,-0.13,23.41
7/4/2026 17:07,0,0,0,0,-0.13,50.93
7/4/2026 17:07,0,0,0,0,-0.13,43.48
7/4/2026 17:07,0,0,0,0,-0.13,29.53
7/4/2026 17:07,0,0,0,0,-0.13,57.87
7/4/2026 17:07,0,0,0,0,-0.13,32.58
7/4/2026 17:07,0,0,0,0,-0.13,100
7/4/2026 17:07,0,0,0,0,-0.13,27.65
7/4/2026 17:07,0,0,0,0,-0.13,45.71
7/4/2026 17:07,0,0,0,0,-0.13,35.75
7/4/2026 17:07,0,0,0,0,-0.13,46.24
7/4/2026 17:07,0,0,0,0,-0.13,30.59
7/4/2026 17:07,0,0,0,0,-0.13,29.91
7/4/2026 17:07,0,0,0,0,-0.13,35.19
7/4/2026 17:07,0,0,0,0,-0.13,92.83
7/4/2026 17:07,0,0,0,0,-0.13,24.67
7/4/2026 17:07,0,0,0,0,-0.13,26.67
7/4/2026 17:07,0,0,0,0,-0.13,100
7/4/2026 17:07,0,0,0,0,-0.13,54.85
7/4/2026 17:07,0,0,0,0,-0.13,100
7/4/2026 17:07,0,0,0,0,-0.13,27.61
7/4/2026 17:07,0,0,0,0,-0.13,27.63
7/4/2026 17:07,0,0,0,0,-0.13,23.41
7/4/2026 17:07,0,0,0,0,-0.13,29.25
7/4/2026 17:07,0,0,0,0,-0.13,27.6
7/4/2026 17:07,0,0,0,0,-0.13,27.25
7/4/2026 17:07,0,0,0,0,-0.13,25.01
7/4/2026 17:07,0,0,0,0,-0.13,34.18
7/4/2026 17:07,0,0,0,0,-0.13,31.16
7/4/2026 17:07,0,0,0,0,-0.13,37.16
7/4/2026 17:07,0,0,0,0,-0.13,34.18
7/4/2026 17:07,0,0,0,0,-0.13,47.99
7/4/2026 17:07,0,0,0,0,-0.13,100
7/4/2026 17:07,0,0,0,0,-0.13,30.49
7/4/2026 17:07,0,0,0,0,-0.13,41.63
7/4/2026 17:07,0,0,0,0,-0.13,92.72
7/4/2026 17:07,0,0,0,0,-0.13,34.18
7/4/2026 17:07,0,0,0,0,-0.13,52.74
7/4/2026 17:07,0,0,0,0,-0.13,54.83
7/4/2026 17:07,0,0,0,0,-0.13,47.96
7/4/2026 17:07,0,0,0,0,-0.13,100
7/4/2026 17:07,0,0,0,0,-0.13,48.04
7/4/2026 17:07,0,0,0,0,-0.13,25.89
7/4/2026 17:07,0,0,0,0,-0.13,45.57
7/4/2026 17:07,0,0,0,0,-0.13,100
7/4/2026 17:07,0,0,0,0,-0.13,37.52
7/4/2026 17:07,0,0,0,0,-0.13,100
7/4/2026 17:07,0,0,0,0,-0.13,31.81
7/4/2026 17:07,0,0,0,0,-0.13,79.4
7/4/2026 17:07,0,0,0,0,-0.13,41.96
7/4/2026 17:07,0,0,0,0,-0.13,31.64
7/4/2026 17:07,0,0,0,0,-0.13,26.11
7/4/2026 17:07,0,0,0,0,-0.13,43.05
7/4/2026 17:07,0,0,0,0,-0.13,69.02
7/4/2026 17:07,0,0,0,0,-0.13,100
7/4/2026 17:07,0,0,0,0,-0.13,38.2
7/4/2026 17:07,0,0,0,0,-0.13,54.86
7/4/2026 17:07,0,0,0,0,-0.13,100
7/4/2026 17:07,0,0,0,0,-0.13,92.41
7/4/2026 17:07,0,0,0,0,-0.13,88.84
7/4/2026 17:07,0,0,0,0,-0.13,39.65
7/4/2026 17:07,0,0,0,0,-0.13,68.12
7/4/2026 17:07,0,0,0,0,-0.13,57.24
7/4/2026 17:07,0,0,0,0,-0.13,48.58
7/4/2026 17:07,0,0,0,0,-0.13,44
7/4/2026 17:07,0,0,0,0,-0.13,29.84
7/4/2026 17:07,0,0,0,0,-0.13,72.22
7/4/2026 17:07,0,0,0,0,-0.13,48.04
7/4/2026 17:07,0,0,0,0,-0.13,34.38
7/4/2026 17:07,0,0,0,0,-0.13,32.68
7/4/2026 17:07,0,0,0,0,-0.13,29.01
7/4/2026 17:07,0,0,0,0,-0.13,47.93
7/4/2026 17:07,0,0,0,0,-0.13,100
7/4/2026 17:07,0,0,0,0,-0.13,100
7/4/2026 17:07,0,0,0,0,-0.13,100
7/4/2026 17:07,0,0,0,0,-0.13,34.94
7/4/2026 17:07,0,0,0,0,-0.13,62.68
7/4/2026 17:07,0,0,0,0,-0.13,22.58
7/4/2026 17:07,0,0,0,0,-0.13,100
7/4/2026 17:07,0,0,0,0,-0.13,100
7/4/2026 17:07,0,0,0,0,-0.13,34.5
7/4/2026 17:07,0,0,0,0,-0.13,32.54
7/4/2026 17:07,0,0,0,0,-0.13,100
7/4/2026 17:07,0,0,0,0,-0.13,29.13
7/4/2026 17:07,0,0,0,0,-0.13,26.85
7/4/2026 17:07,0,0,0,0,-0.13,31.18
7/4/2026 17:07,0,0,0,0,-0.13,100
7/4/2026 17:07,0,0,0,0,-0.13,32.56
7/4/2026 17:07,0,0,0,0,-0.13,46.82
7/4/2026 17:07,0,0,0,0,-0.13,37.47
7/4/2026 17:07,0,0,0,0,-0.13,32.58
7/4/2026 17:07,0,0,0,0,-0.13,100
7/4/2026 17:07,0,0,0,0,-0.13,100
7/4/2026 17:07,0,0,0,0,-0.13,31.36
7/4/2026 17:07,0,0,0,0,-0.13,36.59
7/4/2026 17:07,0,0,0,0,-0.13,47.91
7/4/2026 17:07,0,0,0,0,-0.13,43.54
7/4/2026 17:07,0,0,0,0,-0.13,68.13
7/4/2026 17:07,0,0,0,0,-0.13,62.55
7/4/2026 17:07,0,0,0,0,-0.13,27.3
7/4/2026 17:07,0,0,0,0,-0.13,37.53
7/4/2026 17:07,0,0,0,0,-0.13,100
7/4/2026 17:07,0,0,0,0,-0.13,62.21
7/4/2026 17:07,0,0,0,0,-0.13,57.4
7/4/2026 17:07,0,0,0,0,-0.13,58.86
7/4/2026 17:07,0,0,0,0,-0.13,92.83
7/4/2026 17:07,0,0,0,0,-0.13,26.6
7/4/2026 17:07,0,0,0,0,-0.13,75.61
7/4/2026 17:07,0,0,0,0,-0.13,32.6
7/4/2026 17:07,0,0,0,0,-0.13,62.65
7/4/2026 17:07,0,0,0,0,-0.13,35.86
7/4/2026 17:07,0,0,0,0,-0.13,28.89
7/4/2026 17:07,0,0,0,0,-0.13,26.12
7/4/2026 17:07,0,0,0,0,-0.13,100
7/4/2026 17:07,0,0,0,0,-0.13,100
7/4/2026 17:07,0,0,0,0,-0.13,24.8
7/4/2026 17:07,0,0,0,0,-0.13,100
7/4/2026 17:07,0,0,0,0,-0.13,27.73
7/4/2026 17:07,0,0,0,0,-0.13,56.29
7/4/2026 17:07,0,0,0,0,-0.13,100
7/4/2026 17:07,0,0,0,0,-0.13,28.84
7/4/2026 17:07,0,0,0,0,-0.13,41.62
7/4/2026 17:07,0,0,0,0,-0.13,25.44
7/4/2026 17:07,0,0,0,0,-0.13,25.94
7/4/2026 17:07,0,0,0,0,-0.13,34.18
7/4/2026 17:07,0,0,0,0,-0.13,100
7/4/2026 17:07,0,0,0,0,-0.13,26.19
7/4/2026 17:07,0,0,0,0,-0.13,53.46
7/4/2026 17:07,0,0,0,0,-0.13,29.85
7/4/2026 17:07,0,0,0,0,-0.13,73.86
7/4/2026 17:07,0,0,0,0,-0.13,100
7/4/2026 17:07,0,0,0,0,-0.13,100
7/4/2026 17:07,0,0,0,0,-0.13,26.54
7/4/2026 17:07,0,0,0,0,-0.13,100
7/4/2026 17:07,0,0,0,0,-0.13,23.26
7/4/2026 17:07,0,0,0,0,-0.13,100
7/4/2026 17:07,0,0,0,0,-0.13,24.48
7/4/2026 17:07,0,0,0,0,-0.13,48.03
7/4/2026 17:07,0,0,0,0,-0.13,30.27
7/4/2026 17:07,0,0,0,0,-0.13,48.01
7/4/2026 17:07,0,0,0,0,-0.13,30.84
7/4/2026 17:07,0,0,0,0,-0.13,35.75
7/4/2026 17:07,0,0,0,0,-0.13,36.12
7/4/2026 17:07,0,0,0,0,-0.13,30.77
7/4/2026 17:07,0,0,0,0,-0.13,47.96
7/4/2026 17:07,0,0,0,0,-0.13,47.9
7/4/2026 17:07,0,0,0,0,-0.13,41.28
7/4/2026 17:07,0,0,0,0,-0.13,27.81
7/4/2026 17:07,0,0,0,0,-0.13,39.12
7/4/2026 17:07,0,0,0,0,-0.13,53.96
7/4/2026 17:07,0,0,0,0,-0.13,28.76
7/4/2026 17:07,0,0,0,0,-0.13,52.3
7/4/2026 17:07,0,0,0,0,-0.13,25.98
7/4/2026 17:07,0,0,0,0,-0.13,100
7/4/2026 17:07,0,0,0,0,-0.13,38.71
7/4/2026 17:07,0,0,0,0,-0.13,60.9
7/4/2026 17:07,0,0,0,0,-0.13,23.17
7/4/2026 17:07,0,0,0,0,-0.13,57.97
7/4/2026 17:07,0,0,0,0,-0.13,100
7/4/2026 17:07,0,0,0,0,-0.13,25.37
7/4/2026 17:07,0,0,0,0,-0.13,100
7/4/2026 17:07,0,0,0,0,-0.13,30.9
7/4/2026 17:07,0,0,0,0,-0.13,31.96
7/4/2026 17:07,0,0,0,0,-0.13,24.73
7/4/2026 17:07,0,0,0,0,-0.13,49
7/4/2026 17:07,0,0,0,0,-0.13,31.57
7/4/2026 17:07,0,0,0,0,-0.13,34.95
7/4/2026 17:07,0,0,0,0,-0.13,39.12
7/4/2026 17:07,0,0,0,0,-0.13,50.62
7/4/2026 17:07,0,0,0,0,-0.13,23.98
7/4/2026 17:07,0,0,0,0,-0.13,25.62
7/4/2026 17:07,0,0,0,0,-0.13,30.86
7/4/2026 17:07,0,0,0,0,-0.13,100
7/4/2026 17:07,0,0,0,0,-0.13,53.86
7/4/2026 17:07,0,0,0,0,-0.13,37.48
7/4/2026 17:07,0,0,0,0,-0.13,54.88
7/4/2026 17:07,0,0,0,0,-0.13,48.11
7/4/2026 17:07,0,0,0,0,-0.13,38.36
7/4/2026 17:07,0,0,0,0,-0.13,29.48
7/4/2026 17:07,0,0,0,0,-0.13,55.63
7/4/2026 17:07,0,0,0,0,-0.13,47.9
7/4/2026 17:07,0,0,0,0,-0.13,26.62
7/4/2026 17:07,0,0,0,0,-0.13,25.4
7/4/2026 17:07,0,0,0,0,-0.13,45.86
7/4/2026 17:07,0,0,0,0,-0.13,91.92
7/4/2026 17:07,0,0,0,0,-0.13,25.38
7/4/2026 17:07,0,0,0,0,-0.13,48.15
7/4/2026 17:07,0,0,0,0,-0.13,100
7/4/2026 17:07,0,0,0,0,-0.13,100
7/4/2026 17:07,0,0,0,0,-0.13,23.31
7/4/2026 17:07,0,0,0,0,-0.13,28.43
7/4/2026 17:07,0,0,0,0,-0.13,23.21
7/4/2026 17:07,0,0,0,0,-0.13,62.58
7/4/2026 17:07,0,0,0,0,-0.13,100
7/4/2026 17:07,0,0,0,0,-0.13,38.94
7/4/2026 17:07,0,0,0,0,-0.13,32.54
7/4/2026 17:07,0,0,0,0,-0.13,47.92
7/4/2026 17:07,0,0,0,0,-0.13,25.1
7/4/2026 17:07,0,0,0,0,-0.13,100
7/4/2026 17:07,0,0,0,0,-0.13,62.57
7/4/2026 17:07,0,0,0,0,-0.13,83.38
7/4/2026 17:07,0,0,0,0,-0.13,27.38
7/4/2026 17:07,0,0,0,0,-0.13,41.24
7/4/2026 17:07,0,0,0,0,-0.13,34.15
7/4/2026 17:07,0,0,0,0,-0.13,27.61
7/4/2026 17:07,0,0,0,0,-0.13,27.61
7/4/2026 17:07,0,0,0,0,-0.13,100
7/4/2026 17:07,0,0,0,0,-0.13,35.84
7/4/2026 17:07,0,0,0,0,-0.13,30.58
7/4/2026 17:07,0,0,0,0,-0.13,100
7/4/2026 17:07,0,0,0,0,-0.13,31.39
7/4/2026 17:07,0,0,0,0,-0.13,32.31
7/4/2026 17:07,0,0,0,0,-0.13,62.67
7/4/2026 17:07,0,0,0,0,-0.13,100
7/4/2026 17:07,0,0,0,0,-0.13,34.23
7/4/2026 17:07,0,0,0,0,-0.13,41.45
7/4/2026 17:07,0,0,0,0,-0.13,32.53
7/4/2026 17:07,0,0,0,0,-0.13,41.23
7/4/2026 17:07,0,0,0,0,-0.13,44.4
7/4/2026 17:07,0,0,0,0,-0.13,29.26
7/4/2026 17:07,0,0,0,0,-0.13,48.02
7/4/2026 17:07,0,0,0,0,-0.13,26.62
7/4/2026 17:07,0,0,0,0,-0.13,40.94
7/4/2026 17:07,0,0,0,0,-0.13,56.45
7/4/2026 17:07,0,0,0,0,-0.13,51.34
7/4/2026 17:07,0,0,0,0,-0.13,100
7/4/2026 17:07,0,0,0,0,-0.13,34.37
7/4/2026 17:07,0,0,0,0,-0.13,48.07
7/4/2026 17:07,0,0,0,0,-0.13,34.4
7/4/2026 17:07,0,0,0,0,-0.13,47.92
7/4/2026 17:07,0,0,0,0,-0.13,25.43
7/4/2026 17:07,0,0,0,0,-0.13,62.16
7/4/2026 17:07,0,0,0,0,-0.13,34.18
7/4/2026 17:07,0,0,0,0,-0.13,100
7/4/2026 17:07,0,0,0,0,-0.13,39.13
7/4/2026 17:07,0,0,0,0,-0.13,34.45
7/4/2026 17:07,0,0,0,0,-0.13,92.3
7/4/2026 17:07,0,0,0,0,-0.13,39.12
7/4/2026 17:07,0,0,0,0,-0.13,27.6
7/4/2026 17:07,0,0,0,0,-0.13,100
7/4/2026 17:07,0,0,0,0,-0.13,34.96
7/4/2026 17:07,0,0,0,0,-0.13,24.6
7/4/2026 17:07,0,0,0,0,-0.13,33.94
7/4/2026 17:07,0,0,0,0,-0.13,34.37
7/4/2026 17:07,0,0,0,0,-0.13,24.92
7/4/2026 17:07,0,0,0,0,-0.13,36.48
7/4/2026 17:07,0,0,0,0,-0.13,29.64
7/4/2026 17:07,0,0,0,0,-0.13,30.34
7/4/2026 17:07,0,0,0,0,-0.13,34.23
7/4/2026 17:07,0,0,0,0,-0.13,34.18
7/4/2026 17:07,0,0,0,0,-0.13,31.14
7/4/2026 17:07,0,0,0,0,-0.13,25.3
7/4/2026 17:07,0,0,0,0,-0.13,47.92
7/4/2026 17:07,0,0,0,0,-0.13,48.3
7/4/2026 17:07,0,0,0,0,-0.13,48.03
7/4/2026 17:07,0,0,0,0,-0.13,35.88
7/4/2026 17:07,0,0,0,0,-0.13,100
7/4/2026 17:07,0,0,0,0,-0.13,28.3
7/4/2026 17:07,0,0,0,0,-0.13,31.34
7/4/2026 17:07,0,0,0,0,-0.13,62.32
7/4/2026 17:07,0,0,0,0,-0.13,81.81
7/4/2026 17:07,0,0,0,0,-0.13,27.63
7/4/2026 17:07,0,0,0,0,-0.13,78.75
7/4/2026 17:07,0,0,0,0,-0.13,92.27
7/4/2026 17:07,0,0,0,0,-0.13,47.97
7/4/2026 17:07,0,0,0,0,-0.13,37.53
7/4/2026 17:07,0,0,0,0,-0.13,27.36
7/4/2026 17:07,0,0,0,0,-0.13,100
7/4/2026 17:07,0,0,0,0,-0.13,88.32
7/4/2026 17:07,0,0,0,0,-0.13,100
7/4/2026 17:07,0,0,0,0,-0.13,27.61
7/4/2026 17:07,0,0,0,0,-0.13,35.34
7/4/2026 17:07,0,0,0,0,-0.13,25.08
7/4/2026 17:07,0,0,0,0,-0.13,34.19
7/4/2026 17:07,0,0,0,0,-0.13,59.16
7/4/2026 17:07,0,0,0,0,-0.13,37.49
7/4/2026 17:07,0,0,0,0,-0.13,43.86
7/4/2026 17:07,0,0,0,0,-0.13,63.79
7/4/2026 17:07,0,0,0,0,-0.13,29.62
7/4/2026 17:07,0,0,0,0,-0.13,54.87
7/4/2026 17:07,0,0,0,0,-0.13,32.53
7/4/2026 17:07,0,0,0,0,-0.13,26.02
7/4/2026 17:07,0,0,0,0,-0.13,38.77
7/4/2026 17:07,0,0,0,0,-0.13,100
7/4/2026 17:07,0,0,0,0,-0.13,29.26
7/4/2026 17:07,0,0,0,0,-0.13,29.25
7/4/2026 17:07,0,0,0,0,-0.13,30.89
7/4/2026 17:07,0,0,0,0,-0.13,26.18
7/4/2026 17:07,0,0,0,0,-0.13,46.31
7/4/2026 17:07,0,0,0,0,-0.13,24.51
7/4/2026 17:07,0,0,0,0,-0.13,28.64
7/4/2026 17:07,0,0,0,0,-0.13,49.04
7/4/2026 17:07,0,0,0,0,-0.13,33.21
7/4/2026 17:07,0,0,0,0,-0.13,34.85
7/4/2026 17:07,0,0,0,0,-0.13,29.63
7/4/2026 17:07,0,0,0,0,-0.13,32.54
7/4/2026 17:07,0,0,0,0,-0.13,100
7/4/2026 17:07,0,0,0,0,-0.13,25.21
7/4/2026 17:07,0,0,0,0,-0.13,48.1
7/4/2026 17:07,0,0,0,0,-0.13,35.82
7/4/2026 17:07,0,0,0,0,-0.13,31.86
7/4/2026 17:07,0,0,0,0,-0.13,35.52
7/4/2026 17:07,0,0,0,0,-0.13,27.64
7/4/2026 17:07,0,0,0,0,-0.13,92.84
7/4/2026 17:07,0,0,0,0,-0.13,62.19
7/4/2026 17:07,0,0,0,0,-0.13,47.95
7/4/2026 17:07,0,0,0,0,-0.13,100
7/4/2026 17:07,0,0,0,0,-0.13,30.92
7/4/2026 17:07,0,0,0,0,-0.13,36.22
7/4/2026 17:07,0,0,0,0,-0.13,24.27
7/4/2026 17:07,0,0,0,0,-0.13,29.29
7/4/2026 17:07,0,0,0,0,-0.13,24.48
7/4/2026 17:07,0,0,0,0,-0.13,32.54
7/4/2026 17:07,0,0,0,0,-0.13,93.62
7/4/2026 17:07,0,0,0,0,-0.13,35.13
7/4/2026 17:07,0,0,0,0,-0.13,24.7
7/4/2026 17:07,0,0,0,0,-0.13,35.83
7/4/2026 17:07,0,0,0,0,-0.13,27.25
7/4/2026 17:07,0,0,0,0,-0.13,33.42
7/4/2026 17:07,0,0,0,0,-0.13,92.68
7/4/2026 17:07,0,0,0,0,-0.13,30.39
7/4/2026 17:07,0,0,0,0,-0.13,44.39
7/4/2026 17:07,0,0,0,0,-0.13,28.82
7/4/2026 17:07,0,0,0,0,-0.13,25.93
7/4/2026 17:07,0,0,0,0,-0.13,100
7/4/2026 17:07,0,0,0,0,-0.13,50.64
7/4/2026 17:07,0,0,0,0,-0.13,47.4
7/4/2026 17:07,0,0,0,0,-0.13,24.8
7/4/2026 17:07,0,0,0,0,-0.13,33.09
7/4/2026 17:07,0,0,0,0,-0.13,32.53
7/4/2026 17:07,0,0,0,0,-0.13,30.68
7/4/2026 17:07,0,0,0,0,-0.13,61.45
7/4/2026 17:07,0,0,0,0,-0.13,31.18
7/4/2026 17:07,0,0,0,0,-0.13,30.89
7/4/2026 17:07,0,0,0,0,-0.13,100
7/4/2026 17:07,0,0,0,0,-0.13,26.58
7/4/2026 17:07,0,0,0,0,-0.13,100
7/4/2026 17:07,0.99,0,0,0,0,64.59
7/4/2026 17:07,1.51,0,0,0,0,100
7/4/2026 17:07,2.16,0,0,0,0,91.51
7/4/2026 17:07,2.89,0,0,0,0,40.38
7/4/2026 17:07,1.37,0,0,0,0,100
7/4/2026 17:07,0.16,0,0,0,0,100
7/4/2026 17:07,0.19,0,0,0,0,27.94
7/4/2026 17:07,0.24,0,0,0,0,48.15
7/4/2026 17:07,0.2,0,0,0,0,100
7/4/2026 17:07,0.14,0,0,0,0,27.13
7/4/2026 17:07,0.09,0,0,0,0,25.83
7/4/2026 17:07,0.06,0,0,0,0,25.33
7/4/2026 17:07,0.03,0,0,0,0,54.55
7/4/2026 17:07,0.02,0,0,0,0,60.94
7/4/2026 17:07,0.01,0,0,0,0,66.04
7/4/2026 17:07,0.01,0,0,0,0,26.47
7/4/2026 17:07,0.01,0,0,0,0,27.47
7/4/2026 17:07,0,0.08,0,0,0,26.07
7/4/2026 17:07,0,0.16,0,0,0,100
7/4/2026 17:07,0,0.24,0,0,0,100
7/4/2026 17:07,0,0.32,0,0,0,36.84
7/4/2026 17:07,0,0.4,0,0,0,91.46
7/4/2026 17:07,0,0.48,0,0,0,31.13
7/4/2026 17:07,0,0.56,0,0,0,100
7/4/2026 17:07,0,0.64,0,0,0,100
7/4/2026 17:07,0,0.72,0,0,0,65.55
7/4/2026 17:07,0,0.8,0,0,0,25.58
7/4/2026 17:07,0,0.88,0,0,0,30.03
7/4/2026 17:07,0.51,0.96,0,0,0,44.63
7/4/2026 17:07,1.8,1,0,0,0,55.37
7/4/2026 17:07,2.63,1,0,0,0,100
7/4/2026 17:07,3.32,1,0,0,0,62.59
7/4/2026 17:07,3.94,1,0,0,0,59.43
7/4/2026 17:07,4.49,1,0,0,0,30.05
7/4/2026 17:07,5.02,1,0,0,0,100
7/4/2026 17:07,5.6,1,0,0,0,93.46
7/4/2026 17:07,6.13,1,0,0,0,81.83
7/4/2026 17:07,6.66,1,0,0,0,51.58
7/4/2026 17:07,7.19,1,0,0,0,80.46
7/4/2026 17:07,7.68,1,0,0,0,52.79
7/4/2026 17:07,8.18,1,0,0,0,65.62
7/4/2026 17:07,8.65,1,0,0,0,48.87
7/4/2026 17:07,8.98,1,0,0,0,35.58
7/4/2026 17:07,9.44,1,0,0,0,45.7
7/4/2026 17:07,9.96,1,0,0.05,0,55.2
7/4/2026 17:07,10.48,1,0,0.1,0.01,47.64
7/4/2026 17:07,10.98,1,0,0.15,0.04,86.94
7/4/2026 17:07,11.44,1,0,0.2,0.09,100
7/4/2026 17:07,11.88,1,0,0.25,0.19,54.25
7/4/2026 17:07,12.32,1,0,0.3,0.35,38
7/4/2026 17:07,12.71,0,1,0.35,0.58,13.11
7/4/2026 17:07,12.94,1,0,0.4,0.89,35.19
7/4/2026 17:07,12.92,0,1,0.45,1.31,6.56
7/4/2026 17:07,12.74,0,0.25,0.5,1.82,19.51
7/4/2026 17:07,12.37,0,0.25,0.55,2.27,17.85
7/4/2026 17:07,11.63,0,1,0.55,2.91,13.98
7/4/2026 17:07,10.49,0,0.25,0.55,4.05,17.45
7/4/2026 17:07,9.67,0,1,0.55,4.82,9.06
7/4/2026 17:07,8.79,0,1,0.55,5.48,7.85
7/4/2026 17:07,7.73,0,1,0.55,6.4,6.58
7/4/2026 17:07,6.97,0,0.25,0.55,7.01,13.52
7/4/2026 17:07,6.35,0,0.25,0.55,7.67,12.09
7/4/2026 17:07,6.03,0,1,0.55,8.1,5.18
7/4/2026 17:07,5.76,0,1,0.55,8.45,4.9
7/4/2026 17:07,5.28,0,1,0.55,8.82,4.39
7/4/2026 17:07,3.93,0,1,0.55,9.04,4.29
7/4/2026 17:07,2.85,0,0.25,0.55,9.25,4.22
7/4/2026 17:07,1.34,0,0,0.47,9.43,4.59
7/4/2026 17:07,1.22,0,0,0.47,9.5,4.55
7/4/2026 17:07,1.26,0,0,0.47,9.58,4.61
7/4/2026 17:07,1.25,0,0,0.47,9.63,4.51
7/4/2026 17:07,1.23,0.39,0,0.47,9.69,12.12
7/4/2026 17:07,1.21,0.39,0,0.47,9.75,12.06
7/4/2026 17:07,1.25,0,0,0.47,9.79,6.68
7/4/2026 17:07,1.33,0,0,0.47,9.85,6.37
7/4/2026 17:07,1.35,0,0,0.47,9.93,6.19
7/4/2026 17:07,1.34,0,0,0.47,9.97,5.98
7/4/2026 17:07,1.31,0,0,0.47,10.03,5.84
7/4/2026 17:07,1.27,0,0,0.4,10.09,5.55
7/4/2026 17:07,1.22,0,0,0.36,10.15,5.32
7/4/2026 17:07,1.18,0,0,0.31,10.21,5.24
7/4/2026 17:07,1.15,0,0,0.27,10.26,5.19
7/4/2026 17:07,1.13,0,0,0.23,10.3,5.5
7/4/2026 17:07,1.09,0,0,0.19,10.36,4.96
7/4/2026 17:07,1.06,0,0,0.14,10.41,4.89
7/4/2026 17:07,1.02,0,0,0.1,10.46,4.8
7/4/2026 17:07,0.98,0,0,0.06,10.52,4.82
7/4/2026 17:07,0.95,0,0,0.02,10.57,4.61
7/4/2026 17:07,0.93,0,0,-0.03,10.6,4.62
7/4/2026 17:07,0.9,0,0,-0.07,10.66,5.24
7/4/2026 17:07,0.87,0,0,-0.11,10.7,4.51
7/4/2026 17:07,0.85,0,0,-0.15,10.74,4.65
7/4/2026 17:07,0.82,0,0,-0.2,10.79,4.34
7/4/2026 17:07,0.79,0,0,-0.24,10.83,4.44
7/4/2026 17:07,0.77,0,0,-0.28,10.87,4.22
7/4/2026 17:07,0.74,0,0,-0.32,10.92,4.15
7/4/2026 17:07,0.72,0,0,-0.37,10.95,4.17
7/4/2026 17:07,0.7,0,0,-0.41,10.99,4.07
7/4/2026 17:07,0.67,0,0,-0.45,11.04,4.02
7/4/2026 17:07,0.65,0,0,-0.47,11.06,4.11
7/4/2026 17:07,0.63,0,0,-0.47,11.11,3.99
7/4/2026 17:07,0.61,0,0,-0.47,11.15,3.87
7/4/2026 17:07,0.6,0,0,-0.47,11.18,3.9
7/4/2026 17:07,0.58,0,0,-0.47,11.22,3.94
7/4/2026 17:07,0.56,0,0,-0.47,11.25,4.02
7/4/2026 17:07,0.55,0,0,-0.47,11.28,4.24
7/4/2026 17:07,0.53,0,0,-0.47,11.33,4.01
7/4/2026 17:07,0.51,0,0,-0.47,11.36,4.02
7/4/2026 17:07,0.49,0,0,-0.47,11.4,3.95
7/4/2026 17:07,0.48,0,0,-0.47,11.42,4.24
7/4/2026 17:07,0.47,0,0,-0.47,11.45,4.07
7/4/2026 17:07,0.45,0,0,-0.47,11.48,4
7/4/2026 17:07,0.44,0,0,-0.55,11.51,4.07
7/4/2026 17:07,0.42,0,0,-0.47,11.55,4.28
7/4/2026 17:07,0.41,0,0,-0.33,11.57,4.29
7/4/2026 17:07,0.4,0.36,0,-0.26,11.6,4.18
7/4/2026 17:07,0.33,0,0,-0.2,11.62,4.14
7/4/2026 17:07,0.37,0.25,0,-0.13,11.64,10.24
7/4/2026 17:07,0.34,0.24,0,-0.06,11.66,10.06
7/4/2026 17:07,0.42,0.37,0,-6.42,11.68,11.82
7/4/2026 17:07,0.49,0,0,0.04,11.71,3.98
7/4/2026 17:07,0.65,0,0,0.09,11.75,3.96
7/4/2026 17:07,0.7,0.25,0,0.13,11.78,10.23
7/4/2026 17:07,0.69,0,0,0.17,11.81,3.84
7/4/2026 17:07,0.71,0,0,0.21,11.86,3.91
7/4/2026 17:07,0.72,0,0,0.26,11.9,3.7
7/4/2026 17:07,0.71,0,0,0.3,11.94,3.68
7/4/2026 17:07,0.69,0,0,0.34,11.96,3.63
7/4/2026 17:07,0.67,0,0,0.38,12,3.43
7/4/2026 17:07,0.65,0,0,0.42,12.03,3.61
7/4/2026 17:07,0.62,0,0,0.47,12.07,3.25
7/4/2026 17:07,0.61,0,0,0.47,12.08,3.34
7/4/2026 17:07,0.59,0,0,0.47,12.11,3.18
7/4/2026 17:07,0.57,0,0,0.47,12.13,3.26
7/4/2026 17:07,0.55,0,0,0.47,12.15,2.97
7/4/2026 17:07,0.53,0,0,0.47,12.18,2.87
7/4/2026 17:07,0.52,1,0,0.55,12.2,100
7/4/2026 17:07,0.45,0,0,0.47,12.22,2.85
7/4/2026 17:07,0.51,0,0,0.47,12.24,2.68
7/4/2026 17:07,0.53,0,0,0.47,12.25,2.64
7/4/2026 17:07,0.53,0,0,0.47,12.27,2.61
7/4/2026 17:07,0.52,0,0,0.47,12.29,2.44
7/4/2026 17:07,0.51,0,0,0.47,12.31,2.36
7/4/2026 17:07,0.49,0,0,0.47,12.33,2.29
7/4/2026 17:07,0.48,0,0,0.47,12.35,2.45
7/4/2026 17:07,0.47,0,0,0.39,12.36,2.22
7/4/2026 17:07,0.45,0,0,0.31,12.38,2.23
7/4/2026 17:07,0.44,0,0,0.23,12.4,2.16
7/4/2026 17:07,0.43,0,0,0.15,12.41,2.13
7/4/2026 17:07,0.42,0,0,0.07,12.43,2.09
7/4/2026 17:07,0.41,0,0,-6.86,12.45,2.07
7/4/2026 17:07,0.39,0,0,-6.86,12.47,2.04
7/4/2026 17:07,0.37,0,0,-6.85,12.5,2.12
7/4/2026 17:07,0.35,0,0,-6.83,12.52,1.97
7/4/2026 17:07,0.33,0,0,-6.81,12.55,1.94
7/4/2026 17:07,0.32,0,0,-6.8,12.56,1.96
7/4/2026 17:07,0.3,0,0,-6.77,12.58,2.01
7/4/2026 17:07,0.3,0,0,-6.75,12.6,2.02
7/4/2026 17:07,0.29,0,0,-6.72,12.62,2.05
7/4/2026 17:07,0.29,0,0,-6.71,12.63,2.24
7/4/2026 17:07,0.28,0,0,-6.69,12.65,2.13
7/4/2026 17:07,0.28,0,0,-6.67,12.67,2.24
7/4/2026 17:07,0.27,0,0,-6.64,12.69,2.35
7/4/2026 17:07,0.26,0,0,-6.62,12.71,2.27
7/4/2026 17:07,0.26,0,0,-6.59,12.73,2.23
7/4/2026 17:08,0.25,0,0,-6.58,12.74,2.26
7/4/2026 17:08,0.25,0,0,-6.55,12.76,2.28
7/4/2026 17:08,0.24,0,0,-6.54,12.78,2.29
7/4/2026 17:08,0.24,0,0,-6.52,12.79,2.33
7/4/2026 17:08,0.14,0,0,-6.5,12.81,2.46
7/4/2026 17:08,0.06,0,0,-6.49,12.81,2.51
7/4/2026 17:08,0.06,0,0,-6.48,12.81,2.45
7/4/2026 17:08,0.07,0,0,-6.48,12.82,2.52
7/4/2026 17:08,0.06,0,0,-6.47,12.82,2.58
7/4/2026 17:08,0.06,0,0,-6.47,12.83,2.42
7/4/2026 17:08,0.06,0,0,-6.46,12.83,2.6
7/4/2026 17:08,0.06,0,0,-6.46,12.84,10.43
7/4/2026 17:08,0.06,0,0,-6.45,12.84,2.43
7/4/2026 17:08,0.06,0,0,-6.45,12.85,2.49
7/4/2026 17:08,0.06,0,0,-6.44,12.85,2.42
7/4/2026 17:08,0.06,0,0,-6.44,12.85,2.43
7/4/2026 17:08,0.05,0,0,-6.43,12.86,8.74
7/4/2026 17:08,0.05,0,0,-6.43,12.86,2.45
7/4/2026 17:08,0,0,0,-6.43,12.86,8.68
7/4/2026 17:08,0,0,0,-6.43,12.86,2.56
7/4/2026 17:08,0,0,0,-6.43,12.86,2.54
7/4/2026 17:08,0,0,0,-6.43,12.86,2.45
7/4/2026 17:08,0,0,0,-6.43,12.86,2.57
7/4/2026 17:08,0,0,0,-6.43,12.86,2.47
7/4/2026 17:08,0,0,0,-6.43,12.86,2.52
7/4/2026 17:08,0,0,0,-6.43,12.86,2.44
7/4/2026 17:08,0,0,0,-6.43,12.86,2.5
7/4/2026 17:08,0,0,0,-6.43,12.86,2.43
7/4/2026 17:08,0,0,0,-6.43,12.86,2.5
7/4/2026 17:08,0,0,0,-6.43,12.86,2.44
7/4/2026 17:08,0,0,0,-6.43,12.86,2.43
7/4/2026 17:08,0,0,0,-6.43,12.86,2.58
7/4/2026 17:08,0,0,0,-6.43,12.86,10.27
7/4/2026 17:08,0,0,0,-6.43,12.86,2.45
7/4/2026 17:08,0,0,0,-6.43,12.86,8.74
7/4/2026 17:08,0,0,0,-6.43,12.86,2.53
7/4/2026 17:08,0,0,0,-6.43,12.86,2.45
7/4/2026 17:08,0,0,0,-6.43,12.86,2.55
7/4/2026 17:08,0,0,0,-6.43,12.86,2.49
7/4/2026 17:08,0,0,0,-6.43,12.86,2.46
7/4/2026 17:08,0,0,0,-6.43,12.86,2.52
7/4/2026 17:08,0,0,0,-6.43,12.86,2.49
7/4/2026 17:08,0,0,0,-6.43,12.86,2.55
7/4/2026 17:08,0,0,0,-6.43,12.86,2.5
7/4/2026 17:08,0,0,0,-6.43,12.86,8.8
7/4/2026 17:08,0,0,0,-6.43,12.86,2.52
7/4/2026 17:08,0,0,0,-6.43,12.86,2.44
7/4/2026 17:08,0,0,0,-6.43,12.86,2.48
7/4/2026 17:08,0,0,0,-6.43,12.86,2.48
7/4/2026 17:08,0,0,0,-6.43,12.86,2.44
7/4/2026 17:08,0,0,0,-6.43,12.86,2.45
7/4/2026 17:08,0,0,0,-6.43,12.86,2.43
7/4/2026 17:08,0,0,0,-6.43,12.86,2.53
7/4/2026 17:08,0,0,0,-6.43,12.86,2.47
7/4/2026 17:08,0,0,0,-6.43,12.86,2.52
7/4/2026 17:08,0,0,0,-6.43,12.86,9.94
7/4/2026 17:08,0,0,0,-6.43,12.86,2.48
7/4/2026 17:08,0,0,0,-6.43,12.86,2.5
7/4/2026 17:08,0,0,0,-6.43,12.86,8.8
7/4/2026 17:08,0,0,0,-6.43,12.86,2.58
7/4/2026 17:08,0,0,0,-6.43,12.86,2.43
7/4/2026 17:08,0,0,0,-6.43,12.86,2.44
7/4/2026 17:08,0,0,0,-6.43,12.86,2.5
7/4/2026 17:08,0,0,0,-6.43,12.86,2.46
7/4/2026 17:08,0,0,0,-6.43,12.86,8.82
7/4/2026 17:08,0,0,0,-6.43,12.86,2.46
7/4/2026 17:08,0,0,0,-6.43,12.86,2.46
7/4/2026 17:08,0,0,0,-6.43,12.86,2.54
7/4/2026 17:08,0,0,0,-6.43,12.86,2.46
7/4/2026 17:08,0,0,0,-6.43,12.86,2.5
7/4/2026 17:08,0,0,0,-6.43,12.86,2.53
7/4/2026 17:08,0,0,0,-6.43,12.86,2.44
7/4/2026 17:08,0,0,0,-6.43,12.86,2.52
7/4/2026 17:08,0,0,0,-6.43,12.86,2.46
7/4/2026 17:08,0,0,0,-6.43,12.86,2.46
7/4/2026 17:08,0,0,0,-6.43,12.86,2.46
7/4/2026 17:08,0,0,0,-6.43,12.86,8.84
7/4/2026 17:08,0,0,0,-6.43,12.86,2.46
7/4/2026 17:08,0,0,0,-6.43,12.86,8.83
7/4/2026 17:08,0,0,0,-6.43,12.86,2.51
7/4/2026 17:08,0,0,0,-6.43,12.86,2.48
7/4/2026 17:08,0,0,0,-6.43,12.86,2.43
7/4/2026 17:08,0,0,0,-6.43,12.86,2.53
7/4/2026 17:08,0,0,0,-6.43,12.86,8.66
7/4/2026 17:08,0,0,0,-6.43,12.86,2.46
7/4/2026 17:08,0,0,0,-6.43,12.86,2.57
7/4/2026 17:08,0,0,0,-6.43,12.86,2.47
7/4/2026 17:08,0,0,0,-6.43,12.86,2.57
7/4/2026 17:08,0,0,0,-6.43,12.86,2.51
7/4/2026 17:08,0,0,0,-6.43,12.86,2.43
7/4/2026 17:08,0,0,0,-6.43,12.86,2.58
7/4/2026 17:08,0,0,0,-6.43,12.86,2.44
7/4/2026 17:08,0,0,0,-6.43,12.86,2.46
7/4/2026 17:08,0,0,0,-6.43,12.86,2.45
7/4/2026 17:08,0,0,0,-6.43,12.86,2.5
7/4/2026 17:08,0,0,0,-6.43,12.86,2.53
7/4/2026 17:08,0,0,0,-6.43,12.86,2.45
7/4/2026 17:08,0,0,0,-6.43,12.86,8.77
7/4/2026 17:08,0,0,0,-6.43,12.86,2.53
7/4/2026 17:08,0,0,0,-6.43,12.86,2.52
7/4/2026 17:08,0,0,0,-6.43,12.86,10.33
7/4/2026 17:08,0,0,0,-6.43,12.86,2.54
7/4/2026 17:08,0,0,0,-6.43,12.86,2.44
7/4/2026 17:08,0,0,0,-6.43,12.86,2.45
7/4/2026 17:08,0,0,0,-6.43,12.86,2.5
7/4/2026 17:08,0,0,0,-6.43,12.86,10.05
7/4/2026 17:08,0,0,0,-6.43,12.86,2.5
7/4/2026 17:08,0,0,0,-6.43,12.86,2.45
7/4/2026 17:08,0,0,0,-6.43,12.86,10.26
7/4/2026 17:08,0,0,0,-6.43,12.86,2.48
7/4/2026 17:08,0,0,0,-6.43,12.86,2.54
7/4/2026 17:08,0,0,0,-6.43,12.86,8.63
7/4/2026 17:08,0,0,0,-6.43,12.86,2.45
7/4/2026 17:08,0,0,0,-6.43,12.86,2.45
7/4/2026 17:08,0,0,0,-6.43,12.86,2.5
7/4/2026 17:08,0,0,0,-6.43,12.86,2.45
7/4/2026 17:08,0,0,0,-6.43,12.86,2.53
7/4/2026 17:08,0,0,0,-6.43,12.86,2.46
7/4/2026 17:08,0,0,0,-6.43,12.86,2.53
7/4/2026 17:08,0,0,0,-6.43,12.86,2.52
7/4/2026 17:08,0,0,0,-6.43,12.86,2.59
7/4/2026 17:08,0,0,0,-6.43,12.86,2.54
7/4/2026 17:08,0,0,0,-6.43,12.86,2.43
7/4/2026 17:08,0,0,0,-6.43,12.86,10.12
7/4/2026 17:08,0,0,0,-6.43,12.86,8.72
7/4/2026 17:08,0,0,0,-6.43,12.86,2.48
7/4/2026 17:08,0,0,0,-6.43,12.86,2.48
7/4/2026 17:08,0,0,0,-6.43,12.86,2.52
7/4/2026 17:08,0,0,0,-6.43,12.86,2.47
7/4/2026 17:08,0,0,0,-6.43,12.86,2.47
7/4/2026 17:08,0,0,0,-6.43,12.86,2.53
7/4/2026 17:08,0,0,0,-6.43,12.86,8.77
7/4/2026 17:08,0,0,0,-6.43,12.86,2.53
7/4/2026 17:08,0,0,0,-6.43,12.86,2.52
7/4/2026 17:08,0,0,0,-6.43,12.86,2.46
7/4/2026 17:08,0,0,0,-6.43,12.86,2.48
7/4/2026 17:08,0,0,0,-6.43,12.86,2.59
7/4/2026 17:08,0,0,0,-6.43,12.86,8.72
7/4/2026 17:08,0,0,0,-6.43,12.86,8.66
7/4/2026 17:08,0,0,0,-6.43,12.86,2.5
7/4/2026 17:08,0,0,0,-6.43,12.86,8.81
7/4/2026 17:08,0,0,0,-6.43,12.86,2.47
7/4/2026 17:08,0,0,0,-6.43,12.86,2.48
7/4/2026 17:08,0,0,0,-6.43,12.86,2.46
7/4/2026 17:08,0,0,0,-6.43,12.86,2.47
7/4/2026 17:08,0,0,0,-6.43,12.86,2.49
7/4/2026 17:08,0,0,0,-6.43,12.86,8.68
7/4/2026 17:08,0,0,0,-6.43,12.86,8.82
7/4/2026 17:08,0,0,0,-6.43,12.86,2.59
7/4/2026 17:08,0,0,0,-6.43,12.86,2.55
7/4/2026 17:08,0,0,0,-6.43,12.86,2.47
7/4/2026 17:08,0,0,0,-6.43,12.86,2.48
7/4/2026 17:08,0,0,0,-6.43,12.86,2.43
7/4/2026 17:08,0,0,0,-6.43,12.86,2.57
7/4/2026 17:08,0,0,0,-6.43,12.86,2.49
7/4/2026 17:08,0,0,0,-6.43,12.86,2.44
7/4/2026 17:08,0,0,0,-6.43,12.86,2.55
7/4/2026 17:08,0,0,0,-6.43,12.86,2.44
7/4/2026 17:08,0,0,0,-6.43,12.86,2.48
7/4/2026 17:08,0,0,0,-6.43,12.86,10.28
7/4/2026 17:08,0,0,0,-6.43,12.86,2.46
7/4/2026 17:08,0,0,0,-6.43,12.86,2.47
7/4/2026 17:08,0,0,0,-6.43,12.86,2.45
7/4/2026 17:08,0,0,0,-6.43,12.86,2.55
7/4/2026 17:08,0,0,0,-6.43,12.86,8.84
7/4/2026 17:08,0,0,0,-6.43,12.86,2.46
7/4/2026 17:08,0,0,0,-6.43,12.86,9.95
7/4/2026 17:08,0,0,0,-6.43,12.86,2.55
7/4/2026 17:08,0,0,0,-6.43,12.86,2.52
7/4/2026 17:08,0,0,0,-6.43,12.86,2.51
7/4/2026 17:08,0,0,0,-6.43,12.86,2.55
7/4/2026 17:08,0,0,0,-6.43,12.86,2.5
7/4/2026 17:08,0,0,0,-6.43,12.86,2.5
7/4/2026 17:08,0,0,0,-6.43,12.86,2.47
7/4/2026 17:08,0,0,0,-6.43,12.86,2.47
7/4/2026 17:08,0,0,0,-6.43,12.86,2.47
7/4/2026 17:08,0,0,0,-6.43,12.86,2.45
7/4/2026 17:08,0,0,0,-6.43,12.86,2.58
7/4/2026 17:08,0,0,0,-6.43,12.86,2.53
7/4/2026 17:08,0,0,0,-6.43,12.86,10.15
7/4/2026 17:08,0,0,0,-6.43,12.86,10.03
7/4/2026 17:08,0,0,0,-6.43,12.86,2.45
7/4/2026 17:08,0,0,0,-6.43,12.86,2.46
7/4/2026 17:08,0,0,0,-6.43,12.86,2.48
7/4/2026 17:08,0,0,0,-6.43,12.86,2.46
7/4/2026 17:08,0,0,0,-6.43,12.86,2.47
7/4/2026 17:08,0,0,0,-6.43,12.86,2.47
7/4/2026 17:08,0,0,0,-6.43,12.86,8.81
7/4/2026 17:08,0,0,0,-6.43,12.86,2.47
7/4/2026 17:08,0,0,0,-6.43,12.86,8.68
7/4/2026 17:08,0,0,0,-6.43,12.86,10.05
7/4/2026 17:08,0,0,0,-6.43,12.86,8.79
7/4/2026 17:08,0,0,0,-6.43,12.86,2.45
7/4/2026 17:08,0,0,0,-6.43,12.86,2.56
7/4/2026 17:08,0,0,0,-6.43,12.86,2.55
7/4/2026 17:08,0,0,0,-6.43,12.86,2.46
7/4/2026 17:08,0,0,0,-6.43,12.86,2.54
7/4/2026 17:08,0,0,0,-6.43,12.86,2.43
7/4/2026 17:08,0,0,0,-6.43,12.86,2.48
7/4/2026 17:08,0,0,0,-6.43,12.86,2.52
7/4/2026 17:08,0,0,0,-6.43,12.86,8.82
7/4/2026 17:08,0,0,0,-6.43,12.86,2.51
7/4/2026 17:08,0,0,0,-6.43,12.86,2.46
7/4/2026 17:08,0,0,0,-6.43,12.86,2.44
7/4/2026 17:08,0,0,0,-6.43,12.86,2.58
7/4/2026 17:08,0,0,0,-6.43,12.86,2.45
7/4/2026 17:08,0,0,0,-6.43,12.86,2.49
7/4/2026 17:08,0,0,0,-6.43,12.86,2.45
7/4/2026 17:08,0,0,0,-6.43,12.86,2.58
7/4/2026 17:08,0,0,0,-6.43,12.86,2.55
7/4/2026 17:08,0,0,0,-6.43,12.86,2.5
7/4/2026 17:08,0,0,0,-6.43,12.86,2.5
7/4/2026 17:08,0,0,0,-6.43,12.86,2.44
7/4/2026 17:08,0,0,0,-6.43,12.86,2.53
7/4/2026 17:08,0,0,0,-6.43,12.86,2.44
7/4/2026 17:08,0,0,0,-6.43,12.86,8.71
7/4/2026 17:08,0,0,0,-6.43,12.86,2.48
7/4/2026 17:08,0,0,0,-6.43,12.86,2.45
7/4/2026 17:08,0,0,0,-6.43,12.86,2.49
7/4/2026 17:08,0,0,0,-6.43,12.86,2.5
7/4/2026 17:08,0,0,0,-6.43,12.86,2.54
7/4/2026 17:08,0,0,0,-6.43,12.86,8.7
7/4/2026 17:08,0,0,0,-6.43,12.86,2.46
7/4/2026 17:08,0,0,0,-6.43,12.86,10.16
7/4/2026 17:08,0,0,0,-6.43,12.86,2.51
7/4/2026 17:08,0,0,0,-6.43,12.86,8.68
7/4/2026 17:08,0,0,0,-6.43,12.86,2.59
7/4/2026 17:08,0,0,0,-6.43,12.86,2.46
7/4/2026 17:08,0,0,0,-6.43,12.86,2.52
7/4/2026 17:08,0,0,0,-6.43,12.86,2.49
7/4/2026 17:08,0,0,0,-6.43,12.86,10.11
7/4/2026 17:08,0,0,0,-6.43,12.86,8.68
7/4/2026 17:08,0,0,0,-6.43,12.86,8.83
7/4/2026 17:08,0,0,0,-6.43,12.86,8.73
7/4/2026 17:08,0,0,0,-6.43,12.86,2.53
7/4/2026 17:08,0,0,0,-6.43,12.86,2.59
7/4/2026 17:08,0,0,0,-6.43,12.86,2.44
7/4/2026 17:08,0,0,0,-6.43,12.86,8.73
7/4/2026 17:08,0,0,0,-6.43,12.86,2.43
7/4/2026 17:08,0,0,0,-6.43,12.86,2.58
7/4/2026 17:08,0,0,0,-6.43,12.86,2.6
7/4/2026 17:08,0,0,0,-6.43,12.86,2.48
7/4/2026 17:08,0,0,0,-6.43,12.86,2.55
7/4/2026 17:08,0,0,0,-6.43,12.86,2.44
7/4/2026 17:08,0.51,0,0,0,-0.01,49.69
7/4/2026 17:08,1.15,0,0,0,-0.01,69.25
7/4/2026 17:08,1.84,0,0,0,-0.01,49.59
7/4/2026 17:08,2.41,0,0,0,-0.01,49.56
7/4/2026 17:08,3.07,0,0,0,-0.01,49.72
7/4/2026 17:08,1.23,0,0,0,-0.01,50.05
7/4/2026 17:08,1,0,0,0,-0.01,40.2
7/4/2026 17:08,0.18,0,0,0,-0.01,49.5
7/4/2026 17:08,0.24,0,0,0,-0.01,35.73
7/4/2026 17:08,0.22,0,0,0,-0.01,49.49
7/4/2026 17:08,0.17,0,0,0,-0.01,49.49
7/4/2026 17:08,0.12,0,0,0,-0.01,49.49
7/4/2026 17:08,0.08,0,0,0,-0.01,27.85
7/4/2026 17:08,0.05,0,0,0,-0.01,42.07
7/4/2026 17:08,0.03,0,0,0,-0.01,30
7/4/2026 17:08,0.02,0,0,0,-0.01,49.98
7/4/2026 17:08,0.01,0,0,0,-0.01,69.27
7/4/2026 17:08,0.01,0,0,0,-0.01,34.58
7/4/2026 17:08,0.01,0,0,0,-0.01,40.97
7/4/2026 17:08,0,0,0,0,-0.01,49.77
7/4/2026 17:08,0,0,0,0,-0.01,49.56
7/4/2026 17:08,0,0.08,0,0,-0.01,44.03
7/4/2026 17:08,0,0.16,0,0,-0.01,42.91
7/4/2026 17:08,0,0.24,0,0,-0.01,44.1
7/4/2026 17:08,0,0.32,0,0,-0.01,42.66
7/4/2026 17:08,0,0.4,0,0,-0.01,29.46
7/4/2026 17:08,0,0.48,0,0,-0.01,49.49
7/4/2026 17:08,0,0.56,0,0,-0.01,71.48
7/4/2026 17:08,0,0.64,0,0,-0.01,69.6
7/4/2026 17:08,0,0.72,0,0,-0.01,49.5
7/4/2026 17:08,0,0.8,0,0,-0.01,49.49
7/4/2026 17:08,0,0.88,0,0,-0.01,30.03
7/4/2026 17:08,0.13,0.96,0,0,-0.01,49.49
7/4/2026 17:08,1.4,1,0,0,-0.01,49.44
7/4/2026 17:08,2.23,1,0,0,-0.01,49.91
7/4/2026 17:08,2.81,1,0,0,-0.01,31.07
7/4/2026 17:08,3.3,1,0,0,-0.01,48.97
7/4/2026 17:08,3.79,1,0,0,-0.01,48.74
7/4/2026 17:08,4.27,1,0,0,-0.01,39.48
7/4/2026 17:08,4.71,1,0,0,-0.01,48.19
7/4/2026 17:08,5.17,1,0,0,-0.01,47.87
7/4/2026 17:08,5.66,1,0,0,-0.01,47.54
7/4/2026 17:08,6.19,1,0,0,-0.01,47.65
7/4/2026 17:08,6.64,1,0,0,-0.01,33.27
7/4/2026 17:08,7.08,1,0,0,-0.01,27.65
7/4/2026 17:08,7.5,1,0,0,-0.01,45.68
7/4/2026 17:08,7.93,1,0,0,-0.01,45.18
7/4/2026 17:08,8.33,1,0,0,-0.01,44.71
7/4/2026 17:08,8.77,1,0,0,-0.01,42.29
7/4/2026 17:08,9.25,1,0,0,-0.01,24.9
7/4/2026 17:08,9.66,1,0,0,-0.01,42.92
7/4/2026 17:08,10.08,1,0,0,-0.01,42.57
7/4/2026 17:08,10.49,1,0,0,-0.01,41.61
7/4/2026 17:08,10.9,0,0.25,0,-0.01,35.26
7/4/2026 17:08,11.31,1,0,0,-0.01,35.5
7/4/2026 17:08,11.49,1,0,0,-0.01,39.37
7/4/2026 17:08,11.64,1,0,0,-0.01,36.45
7/4/2026 17:08,11.89,1,0,0,-0.01,35.96
7/4/2026 17:08,12.2,1,0,0,-0.01,37.12
7/4/2026 17:08,12.54,1,0,0,-0.01,36.29
7/4/2026 17:08,12.93,1,0,0,-0.01,35.62
7/4/2026 17:08,13.35,0,0.25,0,-0.01,28.78
7/4/2026 17:08,13.68,1,0,0,-0.01,33.77
7/4/2026 17:08,13.9,0,0.25,0.05,-0.01,32.95
7/4/2026 17:08,14.02,0,0.25,0.1,-0.01,27.48
7/4/2026 17:08,13.9,0,0.25,0.15,0.02,30.8
7/4/2026 17:08,13.56,0,0.25,0.2,0.07,29.8
7/4/2026 17:08,13.24,0,0.25,0.25,0.14,28.94
7/4/2026 17:08,12.82,0,0.25,0.3,0.25,28.39
7/4/2026 17:08,12.37,0,0.25,0.35,0.39,21.99
7/4/2026 17:08,11.89,0,0.25,0.4,0.58,27.54
7/4/2026 17:08,11.41,0,0.25,0.45,0.71,26.79
7/4/2026 17:08,10.9,1,0,0.5,0.85,29.24
7/4/2026 17:08,10.43,0,0.25,0.55,0.99,27.38
7/4/2026 17:08,9.95,1,0,0.55,1.15,30.43
7/4/2026 17:08,9.57,0,0.25,0.55,1.3,51.06
7/4/2026 17:08,9.21,1,0,0.55,1.49,26.33
7/4/2026 17:08,8.94,1,0,0.47,1.64,26.48
7/4/2026 17:08,8.77,1,0,0.39,1.84,27.83
7/4/2026 17:08,8.81,1,0,0.31,2.05,73.63
7/4/2026 17:08,9.03,1,0,0.23,2.24,27.85
7/4/2026 17:08,9.34,1,0,0.15,2.43,35.65
7/4/2026 17:08,9.66,1,0,0.07,2.57,35.17
7/4/2026 17:08,10.05,1,0,-0.42,2.69,100
7/4/2026 17:08,10.4,1,0,-0.05,2.73,35.92
7/4/2026 17:08,10.77,1,0,0.26,2.71,34.55
7/4/2026 17:08,11.18,1,0,0.59,2.6,32.75
7/4/2026 17:08,11.49,1,0,0.84,2.42,33.35
7/4/2026 17:08,11.71,1,0,0.74,2.25,32.83
7/4/2026 17:08,11.82,1,0,0.54,2.13,35.6
7/4/2026 17:08,11.95,0,0.25,0.3,2.07,30.14
7/4/2026 17:08,12.25,1,0,0.01,2.06,50.42
7/4/2026 17:08,12.49,0,0.25,-0.18,2.08,40.59
7/4/2026 17:08,12.65,1,0,-0.31,2.13,45.05
7/4/2026 17:08,12.58,1,0,-0.3,2.17,25.96
7/4/2026 17:08,12.47,1,0,-0.18,2.19,46
7/4/2026 17:08,12.55,1,0,-0.04,2.18,100
7/4/2026 17:08,12.74,0,0.25,-0.05,2.17,26.95
7/4/2026 17:08,12.99,1,0,-0.1,2.13,43.08
7/4/2026 17:08,13.12,0,0.25,-0.02,2.08,41.32
7/4/2026 17:08,13.21,1,0,0.27,2.01,38.22
7/4/2026 17:08,13.18,1,0,0.28,1.94,39.66
7/4/2026 17:08,13.1,0,0.25,0.24,1.89,24.78
7/4/2026 17:08,13.06,1,0,0.12,1.87,40.03
7/4/2026 17:08,13.08,1,0,-0.01,1.88,38.81
7/4/2026 17:08,13.14,1,0,-0.06,1.89,94.02
7/4/2026 17:08,13.31,0,0.25,-0.04,1.9,33.53
7/4/2026 17:08,13.51,1,0,0.04,1.87,92.4
7/4/2026 17:08,13.64,1,0,0.1,1.85,28.34
7/4/2026 17:08,13.78,1,0,0.14,1.8,90.89
7/4/2026 17:08,13.99,1,0,0.13,1.78,47.41
7/4/2026 17:08,14.29,1,0,0.1,1.74,45.9
7/4/2026 17:08,14.62,1,0,0.08,1.71,88.49
7/4/2026 17:08,14.96,1,0,0.05,1.69,28.84
7/4/2026 17:08,15.3,1,0,0.05,1.66,97.24
7/4/2026 17:08,15.71,0,0.25,0.04,1.64,34.1
7/4/2026 17:08,16.06,0,0.25,0.07,1.59,95.95
7/4/2026 17:08,16.19,0,0.25,0.08,1.56,34.6
7/4/2026 17:08,16.08,1,0,0.1,1.51,93.69
7/4/2026 17:08,15.87,1,0,0.1,1.47,94.4
7/4/2026 17:08,15.7,0,0.25,0.08,1.43,36.88
7/4/2026 17:08,15.57,1,0,0.08,1.39,55.58
7/4/2026 17:08,15.4,1,0,0.06,1.36,92.53
7/4/2026 17:08,15.3,1,0,0.06,1.32,70.05
7/4/2026 17:08,15.35,1,0,0.06,1.29,62.78
7/4/2026 17:08,15.49,1,0,0.07,1.25,92.63
7/4/2026 17:08,15.72,0,0.25,0.07,1.23,91.24
7/4/2026 17:08,15.97,1,0,0.08,1.18,93.88
7/4/2026 17:08,16.1,0,0.25,0.09,1.14,36.34
7/4/2026 17:08,16.19,1,0,0.08,1.1,95.58
7/4/2026 17:08,16.17,1,0,0.08,1.06,35.22
7/4/2026 17:08,16.17,0,0.25,0.06,1.03,26.52
7/4/2026 17:08,16.23,0,0.25,0.07,0.97,33.36
7/4/2026 17:08,16.19,0,0.25,0.06,0.96,32.29
7/4/2026 17:08,15.99,0,0.25,0.07,0.9,31.34
7/4/2026 17:08,15.67,1,0,0.11,0.85,33.32
7/4/2026 17:08,15.3,0,0.25,0.11,0.82,36.47
7/4/2026 17:08,14.99,1,0,0.13,0.74,37.73
7/4/2026 17:08,14.62,1,0,0.11,0.73,23.38
7/4/2026 17:08,14.39,0,0.25,0.05,0.65,25.37
7/4/2026 17:08,14.27,0,0.25,0.1,0.58,32.78
7/4/2026 17:08,14.07,0,0.25,0.15,0.55,32.4
7/4/2026 17:08,13.72,0,0.25,0.2,0.48,33.73
7/4/2026 17:08,13.3,0,0.25,0.25,0.48,30.58
7/4/2026 17:08,12.88,1,0,0.3,0.43,32.41
7/4/2026 17:08,12.44,1,0,0.35,0.47,36.55
7/4/2026 17:08,12.1,0,0.25,0.4,0.49,26.84
7/4/2026 17:08,11.85,1,0,0.32,0.59,64.28
7/4/2026 17:08,11.68,1,0,0.24,0.69,68.99
7/4/2026 17:08,11.64,1,0,0.16,0.85,57.35
7/4/2026 17:08,11.75,1,0,0.08,1.02,37.43
7/4/2026 17:08,11.99,0,0.25,-0.76,1.18,23.46
7/4/2026 17:08,12.22,0,0.25,-0.76,1.39,26.87
7/4/2026 17:08,12.2,1,0,-0.63,1.53,100
7/4/2026 17:08,12.01,1,0,-0.49,1.63,41.74
7/4/2026 17:08,11.72,0,0.25,-0.2,1.66,45.19
7/4/2026 17:08,11.63,0,0.25,0.1,1.64,27.46
7/4/2026 17:08,11.55,1,0,0.36,1.55,52.16
7/4/2026 17:08,11.31,1,0,0.46,1.46,46.7
7/4/2026 17:08,11.07,1,0,0.48,1.37,43.31
7/4/2026 17:08,10.89,1,0,0.38,1.32,34.49
7/4/2026 17:08,10.97,1,0,0.23,1.31,96.99
7/4/2026 17:08,11.23,1,0,0.12,1.28,52.25
7/4/2026 17:08,11.61,0,0.25,0.01,1.29,27.43
7/4/2026 17:08,11.93,1,0,0,1.28,100
7/4/2026 17:08,12.13,0,0.25,0.02,1.27,100
7/4/2026 17:08,12.31,1,0,0.08,1.24,33.68
7/4/2026 17:08,12.35,0,0.25,0.12,1.22,28.94
7/4/2026 17:08,12.27,0,0,0.11,1.18,42.15
7/4/2026 17:09,12.1,0,0,0.04,1.17,92.45
7/4/2026 17:09,11.89,0,0,-0.02,1.17,100
7/4/2026 17:09,11.6,0,0,-0.05,1.18,32.93
7/4/2026 17:09,11.31,0,0,-0.04,1.19,62.13
7/4/2026 17:09,11.03,0,0,-0.02,1.18,56.94
7/4/2026 17:09,10.74,0,0,0,1.18,25.68
7/4/2026 17:09,10.46,0,0,0.01,1.18,55.53
7/4/2026 17:09,10.18,0,0,0.01,1.18,57.87
7/4/2026 17:09,9.93,0,0,0.01,1.18,40.12
7/4/2026 17:09,9.68,0,0,0,1.18,53.59
7/4/2026 17:09,9.43,0,0,0,1.18,42.74
7/4/2026 17:09,9.2,0,0,0,1.18,47.95
7/4/2026 17:09,9,0,0,0,1.18,52.84
7/4/2026 17:09,8.75,0,0,0,1.18,51.45
7/4/2026 17:09,8.53,0,0,0,1.18,36.8
7/4/2026 17:09,8.3,0,0,0,1.18,27.15
7/4/2026 17:09,8.09,0,0,0,1.18,100
7/4/2026 17:09,7.85,0,0,0,1.18,35.63
7/4/2026 17:09,7.64,0,0,0,1.18,44.14
7/4/2026 17:09,7.44,0,0,0,1.18,100
7/4/2026 17:09,7.23,0,0,0,1.18,37.49
7/4/2026 17:09,7.04,0,0,0,1.18,48.27
7/4/2026 17:09,6.84,0,0,0,1.18,37.06
7/4/2026 17:09,6.65,0,0,0,1.18,42.5
7/4/2026 17:09,6.47,0,0,0,1.18,26
7/4/2026 17:09,6.3,0,0,0,1.18,33.57
7/4/2026 17:09,6.08,0,0,0,1.18,100
7/4/2026 17:09,5.91,0,0,0,1.18,100
7/4/2026 17:09,5.75,0,0,0,1.18,80.46
7/4/2026 17:09,5.59,0,0,0,1.18,46.65
7/4/2026 17:09,5.44,0,0,0,1.18,100
7/4/2026 17:09,5.3,0,0,0,1.18,31.82
7/4/2026 17:09,5.14,0,0,0,1.18,43.91
7/4/2026 17:09,4.98,0,0,0,1.18,43.81
7/4/2026 17:09,4.85,0,0,0,1.18,36.35
7/4/2026 17:09,4.73,0,0,0,1.18,35.61
7/4/2026 17:09,4.59,0,0,0,1.18,41.51
7/4/2026 17:09,4.47,0,0,0,1.18,29.66
7/4/2026 17:09,4.36,0,0,0,1.18,29.43
7/4/2026 17:09,4.24,0,0,0,1.18,100
7/4/2026 17:09,4.11,0,0,0,1.18,26.28
7/4/2026 17:09,4,0,0,0,1.18,51.36
7/4/2026 17:09,3.9,0,0,0,1.18,32.92
7/4/2026 17:09,3.81,0,0,0,1.18,34.92
7/4/2026 17:10,0.7,0,0,0,-0.1,35.07
7/4/2026 17:10,1.25,0,0,0,-0.1,40.5
7/4/2026 17:10,2.45,0,0,0,-0.1,30.72
7/4/2026 17:10,3.07,0,0,0,-0.1,61.55
7/4/2026 17:10,1.2,0,0,0,-0.1,35.11
7/4/2026 17:10,0.18,0,0,0,-0.1,30.55
7/4/2026 17:10,0.19,0,0,0,-0.1,22.63
7/4/2026 17:10,0.25,0,0,0,-0.1,48.01
7/4/2026 17:10,0.21,0,0,0,-0.1,52.39
7/4/2026 17:10,0.16,0,0,0,-0.1,33.91
7/4/2026 17:10,0.11,0,0,0,-0.1,100
7/4/2026 17:10,0.07,0,0,0,-0.1,24.19
7/4/2026 17:10,0.04,0,0,0,-0.1,40.9
7/4/2026 17:10,0.03,0,0,0,-0.1,28.18
7/4/2026 17:10,0.02,0,0,0,-0.1,24.32
7/4/2026 17:10,0.01,0,0,0,-0.1,25.42
7/4/2026 17:10,0.01,0,0,0,-0.1,34.31
7/4/2026 17:10,0,0,0,0,-0.1,40
7/4/2026 17:10,0,0,0,0,-0.1,100
7/4/2026 17:10,0,0,0,0,-0.1,27.86
7/4/2026 17:10,0,0,0,0,-0.1,33.92
7/4/2026 17:10,0,0,0,0,-0.1,34.05
7/4/2026 17:10,0,0,0,0,-0.1,34.79
7/4/2026 17:10,0,0,0,0,-0.1,31.5
7/4/2026 17:10,0,0.08,0,0,-0.1,43.7
7/4/2026 17:10,0,0.16,0,0,-0.1,58.35
7/4/2026 17:10,0,0.24,0,0,-0.1,100
7/4/2026 17:10,0,0.32,0,0,-0.1,34.95
7/4/2026 17:10,0,0.4,0,0,-0.1,27.34
7/4/2026 17:10,0,0.48,0,0,-0.1,26.46
7/4/2026 17:10,0,0.56,0,0,-0.1,100
7/4/2026 17:10,0,0.64,0,0,-0.1,26.86
7/4/2026 17:10,0,0.72,0,0,-0.1,34.57
7/4/2026 17:10,0,0.8,0,0,-0.1,38.39
7/4/2026 17:10,0,0.88,0,0,-0.1,47.85
7/4/2026 17:10,0.43,0.96,0,0,-0.1,33.02
7/4/2026 17:10,1.54,1,0,0,-0.1,36.31
7/4/2026 17:10,2.36,1,0,0,-0.1,34.99
7/4/2026 17:10,2.91,1,0,0,-0.1,29.35
7/4/2026 17:10,3.45,1,0,0,-0.1,100
7/4/2026 17:10,3.93,1,0,0,-0.1,41.41
7/4/2026 17:10,4.41,1,0,0,-0.1,23.93
7/4/2026 17:10,4.86,1,0,0,-0.1,35.23
7/4/2026 17:10,5.32,1,0,0,-0.1,69.24
7/4/2026 17:10,5.79,1,0,0,-0.1,34.69
7/4/2026 17:10,6.22,1,0,0,-0.1,26.72
7/4/2026 17:10,6.64,1,0,0,-0.1,40.38
7/4/2026 17:10,7.09,1,0,0,-0.1,37.27
7/4/2026 17:10,7.57,1,0,0,-0.1,27.85
7/4/2026 17:10,7.97,1,0,0.05,-0.1,24.92
7/4/2026 17:10,8.43,1,0,0.1,-0.1,44.26
7/4/2026 17:10,8.86,1,0,0.15,-0.09,65.85
7/4/2026 17:10,9.25,1,0,0.2,-0.05,39.41
7/4/2026 17:10,9.66,1,0,0.25,0,37.37
7/4/2026 17:10,10.02,1,0,0.3,0.09,39.99
7/4/2026 17:10,10.41,1,0,0.22,0.23,28.35
7/4/2026 17:10,10.84,1,0,0.14,0.4,50.15
7/4/2026 17:10,11.38,1,0,0.06,0.65,47.41
7/4/2026 17:10,11.87,1,0,0,0.91,57.27
7/4/2026 17:10,12.24,1,0,0,1.13,40.48
7/4/2026 17:10,12.69,1,0,0,1.4,24.92
7/4/2026 17:10,13.09,1,0,-0.05,1.67,25.05
7/4/2026 17:10,13.44,1,0,-0.1,-1.6,24.32
7/4/2026 17:10,13.82,1,0,-0.02,-1.32,23.38
7/4/2026 17:10,14.27,1,0,0,-1.02,22.55
7/4/2026 17:10,14.7,1,0,0,-0.72,21.63
7/4/2026 17:10,15.13,1,0,0,-0.42,36.92
7/4/2026 17:10,15.52,1,0,0,-0.13,21.58
7/4/2026 17:10,15.96,1,0,0,0.19,18.38
7/4/2026 17:10,16.37,1,0,0,0.51,17.51
7/4/2026 17:10,16.8,1,0,0,0.84,16.64
7/4/2026 17:10,17.19,1,0,0,1.16,15.13
7/4/2026 17:10,17.64,1,0,0,1.52,17.56
7/4/2026 17:10,18.02,1,0,0,1.85,16.44
7/4/2026 17:10,18.43,1,0,0,2.2,11.87
7/4/2026 17:10,18.87,1,0,0,2.59,34.72
7/4/2026 17:10,19.26,1,0,0,2.94,31.16
7/4/2026 17:10,19.67,1,0,-0.05,3.33,11.44
7/4/2026 17:10,19.96,1,0,-0.1,3.71,31.25
7/4/2026 17:10,20.31,1,0,-0.15,4.04,8.94
7/4/2026 17:10,20.53,1,0,-0.2,4.34,7.75
7/4/2026 17:10,20.87,1,0,-0.25,4.68,6.24
7/4/2026 17:10,21.09,1,0,-0.3,4.9,1.65
7/4/2026 17:10,6.68,1,0,-0.35,5.18,0.43
7/4/2026 17:10,5.77,1,0,-0.4,5.3,0.86
7/4/2026 17:10,4.22,1,0,-0.45,5.4,1.09
7/4/2026 17:10,2.52,1,0,-0.5,5.47,100
7/4/2026 17:10,0.73,1,0,-0.55,5.49,1.4
7/4/2026 17:10,1.03,1,0,-0.55,5.48,1.38
7/4/2026 17:10,2.22,0,0,-0.47,5.45,1.28
7/4/2026 17:10,3.25,0,0,-0.39,5.39,15.42
7/4/2026 17:10,3.87,0,0,-0.31,5.32,100
7/4/2026 17:10,4.14,0.08,0,-0.23,5.24,100
7/4/2026 17:10,2.67,0.16,0,-0.15,5.17,15.74
7/4/2026 17:10,0.25,0.24,0,-0.07,5.13,68.38
7/4/2026 17:10,0.23,0.32,0,0,5.13,15.8
7/4/2026 17:10,0.3,0.4,0,0,5.14,14.77
7/4/2026 17:10,0.31,0.48,0,0,5.14,100
7/4/2026 17:10,0.57,0.56,0,0,5.15,15.01
7/4/2026 17:10,0.69,0.64,0,0,5.15,100
7/4/2026 17:10,0.78,0.72,0,0,5.16,28.27
7/4/2026 17:10,1.14,0.8,0,0,5.17,15.51
7/4/2026 17:10,1.44,0.88,0,0,5.19,31.27
7/4/2026 17:10,1.84,0.96,0,0,5.21,16.38
7/4/2026 17:10,2.16,1,0,0,5.24,68.84
7/4/2026 17:10,2.37,1,0,0,5.26,67.91
7/4/2026 17:10,2.69,1,0,0,5.29,15.78
7/4/2026 17:10,3.13,1,0,0,5.33,15.74
7/4/2026 17:10,3.53,0,0,0,5.37,16.71
7/4/2026 17:10,3.84,0,0,-0.05,5.42,16.25
7/4/2026 17:10,3.88,0,0,-0.1,5.46,15.32
7/4/2026 17:10,3.69,0.08,0,-0.15,5.51,17.2
7/4/2026 17:10,2.39,0.16,0,-0.2,5.56,16.91
7/4/2026 17:10,1.51,0.24,0,-0.25,5.59,17
7/4/2026 17:10,0.75,0.32,0,-0.3,5.61,16.96
7/4/2026 17:10,0.34,0.4,0,-0.35,5.62,18.03
7/4/2026 17:10,0.07,0.48,0,-0.4,5.62,17.06
7/4/2026 17:10,0.11,0.56,0,-0.45,5.62,17.25
7/4/2026 17:10,0.34,0.64,0,-0.5,5.62,2.77
7/4/2026 17:10,0.54,0.72,0,-0.55,5.61,16.99
7/4/2026 17:10,0.83,0.8,0,-0.55,5.59,17.23
7/4/2026 17:10,1.12,0.88,0,-0.55,5.56,17
7/4/2026 17:10,1.4,0.96,0,-0.55,5.53,16.98
7/4/2026 17:10,1.84,1,0,-0.55,5.47,38.67
7/4/2026 17:10,2.27,1,0,-0.55,5.4,19.3
7/4/2026 17:10,2.74,1,0,-0.55,5.31,28.99
7/4/2026 17:10,3.15,1,0,-0.55,5.21,29
7/4/2026 17:10,3.56,1,0,-0.55,5.09,21.26
7/4/2026 17:10,4.01,1,0,-0.55,4.94,24.52
7/4/2026 17:10,4.21,1,0,-0.55,4.79,19.62
7/4/2026 17:10,4.49,1,0,-0.55,4.6,17.51
7/4/2026 17:10,4.83,1,0,-0.5,4.39,16.24
7/4/2026 17:10,5.41,1,0,-0.45,4.14,15.35
7/4/2026 17:10,5.91,1,0,-0.4,3.87,13.16
7/4/2026 17:10,6.33,1,0,-0.35,3.61,12.24
7/4/2026 17:10,6.77,1,0,-0.3,3.29,10.7
7/4/2026 17:10,7.1,1,0,-0.25,2.92,10.22
7/4/2026 17:10,7.55,1,0,-0.2,2.51,9.86
7/4/2026 17:10,8.07,1,0,-0.15,2.06,31.02
7/4/2026 17:10,8.53,1,0,-0.1,1.62,7.75
7/4/2026 17:10,9,1,0,-0.05,1.13,28.12
7/4/2026 17:10,9.43,1,0,0,0.63,7.8
7/4/2026 17:10,9.91,1,0,0.05,0.04,25.7
7/4/2026 17:10,10.34,1,0,0.1,-0.53,25.15
7/4/2026 17:10,10.76,0,0,0.15,-1.12,25.09
7/4/2026 17:10,11.13,0,0,0.2,-1.73,24.13
7/4/2026 17:10,11.26,0,0,0.25,1.19,4.42
7/4/2026 17:10,11.16,0,0,0.3,0.62,5.31
7/4/2026 17:10,10.93,0,0,0.35,0.09,22.75
7/4/2026 17:10,10.63,0,0,0.4,-0.38,25.62
7/4/2026 17:10,2.2,0,0,0.45,-0.39,24.85
7/4/2026 17:10,1.8,0,0,0.5,-0.41,25.45
7/4/2026 17:10,0.63,0,0,0.55,-0.44,25.89
7/4/2026 17:10,0.14,0,0,0.55,-0.44,25.05
7/4/2026 17:10,0.07,0,0,0.55,-0.44,25.14
7/4/2026 17:10,0.07,0,0,0.55,-0.44,25.33
7/4/2026 17:10,0.05,0,0,0.55,-0.44,25.05
7/4/2026 17:10,0.04,0,0,0.55,-0.44,25.93
7/4/2026 17:10,0.03,0,0,0.47,-0.44,25.09
7/4/2026 17:10,0.02,0.08,0,0.39,-0.44,26.06
7/4/2026 17:10,0.01,0.16,0,0.31,-0.44,26.73
7/4/2026 17:10,0.01,0.24,0,0.23,-0.44,25.99
7/4/2026 17:10,0.01,0.32,0,0.18,-0.44,25.7
7/4/2026 17:10,0.05,0.4,0,0.13,-0.44,26.08
7/4/2026 17:10,0.08,0.48,0,0.08,-0.43,25.21
7/4/2026 17:10,0.16,0.56,0,0.03,-0.43,25.1
7/4/2026 17:10,0.38,0.64,0,-0.02,-0.42,4.73
7/4/2026 17:10,0.52,0.72,0,-0.07,-0.4,21.06
7/4/2026 17:10,0.78,0.8,0,-0.12,-0.36,25.77
7/4/2026 17:10,1.1,0.88,0,-0.17,-0.32,26.95
7/4/2026 17:10,1.48,0.96,0,-0.22,-0.25,26.64
7/4/2026 17:10,1.91,1,0,-0.27,-0.17,28.23
7/4/2026 17:10,2.3,1,0,-0.32,-0.06,27.11
7/4/2026 17:10,2.65,0,0,-0.24,0.07,27.33
7/4/2026 17:10,2.98,0,0,-0.16,0.22,21.28
7/4/2026 17:10,3.02,0,0,-0.08,0.36,27.7
7/4/2026 17:10,2.86,0,0,0,0.5,25.28
7/4/2026 17:10,2.61,0,0,0,0.62,28.27
7/4/2026 17:10,2.36,0,0,0,0.73,32.6
7/4/2026 17:10,2.12,0,0,0,0.83,24.78
7/4/2026 17:10,1.92,0,0,0,0.91,31.8
7/4/2026 17:10,1.72,0,0,0,0.99,7.96
7/4/2026 17:10,1.54,0,0,0,1.06,31.84
7/4/2026 17:10,1.39,0,0,0,1.12,22.73
7/4/2026 17:10,1.24,0,0,0,1.18,29.64
7/4/2026 17:10,1.12,0,0,0,1.23,8.29
7/4/2026 17:10,1.01,0.08,0,0.05,1.27,26.58
7/4/2026 17:10,0.5,0.16,0,0.1,1.3,33.02
7/4/2026 17:10,0.21,0.24,0,0.15,1.31,29.59
7/4/2026 17:10,0.15,0.32,0,0.2,1.32,31
7/4/2026 17:10,0.01,0.4,0,0.25,1.32,26.62
7/4/2026 17:10,0.12,0.48,0,0.3,1.32,7.2
7/4/2026 17:10,0.32,0.56,0,0.35,1.31,31.21
7/4/2026 17:10,0.49,0.64,0,0.4,1.3,23.46
7/4/2026 17:10,0.69,0.72,0,0.45,1.28,29.08
7/4/2026 17:10,0.97,0.8,0,0.5,1.26,30.5
7/4/2026 17:10,1.28,0.88,0,0.55,1.22,26.49
7/4/2026 17:10,1.6,0.96,0,0.55,1.19,31.13
7/4/2026 17:10,2.01,1,0,0.55,1.14,71.74
7/4/2026 17:10,2.43,1,0,0.55,1.09,31.43
7/4/2026 17:10,2.83,1,0,0.55,1.04,9.02
7/4/2026 17:10,3.28,1,0,0.55,0.98,35.87
7/4/2026 17:10,3.69,1,0,0.55,0.92,63.63
7/4/2026 17:10,4.12,1,0,0.55,0.87,12.6
7/4/2026 17:10,4.5,1,0,0.55,0.82,8.51
7/4/2026 17:10,4.91,1,0,0.55,0.78,9.72
7/4/2026 17:10,5.34,1,0,0.47,0.75,14.22
7/4/2026 17:10,5.78,1,0,0.39,0.74,20.4
7/4/2026 17:10,6.26,1,0,0.31,0.73,100
7/4/2026 17:10,6.71,1,0,0.23,0.73,27.43
7/4/2026 17:10,7.16,1,0,0.15,0.74,39.14
7/4/2026 17:10,7.52,1,0,0.07,0.74,26.87
7/4/2026 17:10,7.96,1,0,0,0.75,32.08
7/4/2026 17:10,8.41,1,0,0,0.76,33.76
7/4/2026 17:10,8.81,1,0,0,0.76,57.48
7/4/2026 17:10,9.28,1,0,0,0.76,100
7/4/2026 17:10,9.72,1,0,0,0.77,24.86
7/4/2026 17:10,10.14,1,0,0,0.77,40.1
7/4/2026 17:10,10.58,1,0,0,0.77,36.28
7/4/2026 17:10,11.03,1,0,0,0.77,54.29
7/4/2026 17:10,11.44,1,0,0,0.77,56.94
7/4/2026 17:10,11.87,1,0,0,0.77,51.89
7/4/2026 17:10,12.29,1,0,0,0.77,51.93
7/4/2026 17:10,12.73,1,0,0,0.77,51.18
7/4/2026 17:10,13.17,1,0,0,0.77,79.23
7/4/2026 17:10,13.56,1,0,0,0.78,24.95
7/4/2026 17:10,14.02,1,0,0,0.78,100
7/4/2026 17:10,14.42,1,0,0,0.78,84.42
7/4/2026 17:10,14.81,1,0,0,0.78,36.68
7/4/2026 17:10,15.24,1,0,0,0.78,28.28
7/4/2026 17:10,15.7,1,0,0,0.78,96.1
7/4/2026 17:10,16.11,1,0,0,0.78,38.25
7/4/2026 17:10,16.52,1,0,0,0.79,26.31
7/4/2026 17:10,16.93,1,0,0,0.79,47.41
7/4/2026 17:10,17.31,1,0,0,0.79,44.67
7/4/2026 17:10,17.7,1,0,0,0.79,100
7/4/2026 17:10,18.1,1,0,0,0.79,70.56
7/4/2026 17:10,18.53,1,0,0,0.79,37.86
7/4/2026 17:10,18.89,1,0,0,0.8,28.49
7/4/2026 17:10,19.3,1,0,0,0.8,100
7/4/2026 17:10,19.76,0,0,0.05,0.8,48.06
7/4/2026 17:10,20.1,0,0,0.1,0.81,95.59
7/4/2026 17:10,20.24,0,0,0.15,0.83,78.94
7/4/2026 17:10,20.1,0,0,0.2,0.88,33.1
7/4/2026 17:10,19.84,0,0,0.25,0.94,76.31
7/4/2026 17:10,19.43,0,0,0.3,1.05,26.46
7/4/2026 17:10,18.9,0,0,0.35,1.22,42.42
7/4/2026 17:10,18.24,0,0,0.4,1.47,23.52
7/4/2026 17:10,17.53,0,0,0.45,-1.72,27.16
7/4/2026 17:10,16.74,0,0,0.5,-1.35,22.41
7/4/2026 17:10,15.93,0,0,0.55,-0.92,21.22
7/4/2026 17:10,15.09,0,0,0.55,-0.44,25.89
7/4/2026 17:10,14.23,0,0,0.55,0.08,21.85
7/4/2026 17:10,13.34,0,0,0.55,0.25,31.4
7/4/2026 17:10,12.49,0,0,0.55,-0.34,22.27
7/4/2026 17:10,11.66,0,0,0.55,-0.82,22.22
7/4/2026 17:10,10.86,0,0,0.55,0.42,30.58
7/4/2026 17:10,10.16,0.08,0,0.47,-0.06,58.59
7/4/2026 17:10,9.62,0.16,0,0.39,-0.4,60.61
7/4/2026 17:10,9.25,0.24,0,0.31,-0.66,29.09
7/4/2026 17:10,9.02,0.32,0,0.23,-0.85,29.3
7/4/2026 17:10,8.91,0.4,0,0.18,-0.96,26.57
7/4/2026 17:10,8.84,0.48,0,0.13,-1.03,47.76
7/4/2026 17:10,8.82,0.56,0,0.05,-1.06,37.58
7/4/2026 17:10,8.86,0.64,0,0,-1.06,31.85
7/4/2026 17:10,8.95,0.72,0,0,-1.05,25.48
7/4/2026 17:10,9.09,0.8,0,0,-1.03,25.7
7/4/2026 17:10,9.27,0.88,0,0,-0.99,43.79
7/4/2026 17:10,9.48,0.96,0,0,-0.94,34.9
7/4/2026 17:10,9.76,1,0,-0.05,-0.87,23.4
7/4/2026 17:10,10.09,1,0,-0.1,-0.78,31.13
7/4/2026 17:10,10.47,1,0,-0.02,-0.69,32.42
7/4/2026 17:10,10.85,1,0,0,-0.59,42.57
7/4/2026 17:10,11.16,1,0,0,-0.52,73.02
7/4/2026 17:10,11.65,1,0,0,-0.4,92.56
7/4/2026 17:10,12.06,1,0,0,-0.29,31.31
7/4/2026 17:10,12.43,1,0,0,-0.19,79.19
7/4/2026 17:10,12.83,1,0,0,-0.09,49.1
7/4/2026 17:10,13.28,1,0,-0.05,0.04,89.89
7/4/2026 17:10,13.66,1,0,-0.1,0.14,44.77
7/4/2026 17:10,14.12,1,0,-0.02,0.26,23.6
7/4/2026 17:10,14.51,1,0,0,0.35,69.95
7/4/2026 17:10,14.93,1,0,0,0.45,82.42
7/4/2026 17:10,15.33,1,0,-0.05,0.53,32.79
7/4/2026 17:10,15.7,1,0,0,0.62,27.37
7/4/2026 17:10,16.11,1,0,0,0.7,60.36
7/4/2026 17:10,16.51,1,0,0,0.78,55.98
7/4/2026 17:10,16.91,1,0,0,0.86,76.08
7/4/2026 17:10,17.34,1,0,0,0.93,26.53
7/4/2026 17:10,17.74,1,0,0,1.01,26.19
7/4/2026 17:10,18.16,1,0,-0.05,1.08,55.7
7/4/2026 17:10,18.57,1,0,-0.1,1.15,71.73
7/4/2026 17:10,18.95,1,0,-0.02,1.19,48.91
7/4/2026 17:10,19.35,1,0,0,1.23,52.34
7/4/2026 17:10,19.78,1,0,0,1.26,72.21
7/4/2026 17:10,20.16,1,0,0,1.27,35.97
7/4/2026 17:10,20.59,1,0,0,1.28,64.56
7/4/2026 17:10,20.99,1,0,0,1.29,68.14
7/4/2026 17:10,21.39,1,0,0,1.28,62.06
7/4/2026 17:10,21.79,1,0,0,1.28,46.32
7/4/2026 17:10,22.1,1,0,0,1.27,42.89
7/4/2026 17:10,22.49,1,0,0,1.26,41.26
7/4/2026 17:10,22.94,1,0,0,1.24,40.79
7/4/2026 17:10,23.29,1,0,0,1.22,39.15
7/4/2026 17:10,23.7,1,0,0,1.21,32.62
7/4/2026 17:10,24.05,1,0,-0.05,1.19,27.73
7/4/2026 17:10,24.48,1,0,-0.1,1.16,33.78
7/4/2026 17:10,24.82,1,0.12,-0.15,1.12,48.33
7/4/2026 17:10,25.15,1,0.24,-0.2,1.06,30.89
7/4/2026 17:10,25.38,1,0.36,-0.25,0.96,45.31
7/4/2026 17:10,25.55,1,0,-0.3,0.77,44.12
7/4/2026 17:10,25.63,1,0,-0.35,0.4,100
7/4/2026 17:10,25.65,1,0,-0.4,-0.25,24.15
7/4/2026 17:10,25.56,1,0,-0.45,-0.2,41.77
7/4/2026 17:10,25.4,1,0,-0.5,-0.78,25
7/4/2026 17:10,25.13,1,0,-0.55,-1.67,37.82
7/4/2026 17:10,24.75,1,0,-0.55,2.08,36.14
7/4/2026 17:10,24.28,1,0,-0.55,1.61,28.69
7/4/2026 17:10,23.78,1,0,-0.55,1.17,31.22
7/4/2026 17:10,23.16,1,0,-0.55,0.06,61.19
7/4/2026 17:10,22.54,1,0,-0.47,0.29,38.38
7/4/2026 17:10,21.84,1,0,-0.39,-0.17,44.34
7/4/2026 17:10,21.12,1,0,-0.31,-0.62,60.92
7/4/2026 17:10,20.34,1,0,-0.23,-0.13,77.09
7/4/2026 17:10,19.32,1,0,-0.15,0.73,30.28
7/4/2026 17:10,18.51,1,0,-0.07,0.57,30.88
7/4/2026 17:10,17.83,1,0,-0.02,0.43,50.07
7/4/2026 17:10,16.93,1,0,0.03,0.24,28.85
7/4/2026 17:10,15.97,1,0,0.08,0.03,12.83
7/4/2026 17:10,15,1,0,0.13,-0.21,25.1
7/4/2026 17:10,14.04,1,0,0.18,-0.48,29.7
7/4/2026 17:10,13.07,1,0.12,0.23,-0.77,18.17
7/4/2026 17:10,12.18,1,0.24,0.28,-1.09,34.25
7/4/2026 17:10,11.39,1,0.36,0.33,-1.45,30.14
7/4/2026 17:10,10.67,1,0.48,0.38,-1.62,31.21
7/4/2026 17:10,10.2,0,0.6,0.43,-1.19,100
7/4/2026 17:10,9.95,0,0.72,0.48,-0.66,100
7/4/2026 17:10,9.84,0,0.84,0.4,-0.06,63.32
7/4/2026 17:10,9.58,0,0.96,0.35,0.59,23.02
7/4/2026 17:10,9.21,0,1,0.3,1.21,100
7/4/2026 17:10,8.8,0,1,0.25,-1.65,32.37
7/4/2026 17:10,8.41,0,1,0.2,-1.05,100
7/4/2026 17:10,8.08,0,1,0.15,-0.56,91.76
7/4/2026 17:10,7.79,0,1,0.1,-0.16,20.79
7/4/2026 17:10,7.39,0,1,0.05,0.3,47.56
7/4/2026 17:10,7.04,0.08,1,0,0.72,23.16
7/4/2026 17:10,6.64,0.16,0,0,1.19,92.91
7/4/2026 17:10,6.36,0.24,0,0,1.6,26.51
7/4/2026 17:10,6.22,0.32,0,-0.05,2.01,91.47
7/4/2026 17:10,6.14,0.4,0,-0.1,2.39,32.77
7/4/2026 17:10,6.01,0.48,0,-0.15,2.82,80.47
7/4/2026 17:10,5.9,0.56,0,-0.2,3.28,73.1
7/4/2026 17:10,5.97,0.64,0,-0.25,3.67,30.05
7/4/2026 17:10,6.05,0.72,0,-0.3,4.05,29.66
7/4/2026 17:10,6.22,0.8,0,-0.22,4.41,100
7/4/2026 17:10,6.45,0.88,0,-0.14,4.77,96.01
7/4/2026 17:10,6.74,0.96,0,-0.19,5.15,93.84
7/4/2026 17:10,6.95,1,0,-0.24,5.52,97.26
7/4/2026 17:10,7.37,1,0,-0.29,5.9,92.47
7/4/2026 17:10,7.68,1,0,-0.34,6.27,49.06
7/4/2026 17:10,8.08,1,0,-0.26,6.63,54.97
7/4/2026 17:10,8.49,1,0,-0.18,6.9,55.12
7/4/2026 17:10,9,1,0,-0.1,7.19,53.85
7/4/2026 17:10,9.43,1,0,-0.02,7.39,32.62
7/4/2026 17:10,9.89,1,0,0,7.53,40.04
7/4/2026 17:10,10.34,1,0,0,7.51,44.2
7/4/2026 17:10,10.77,1,0,0,7.32,36.94
7/4/2026 17:10,11.22,1,0,0,6.97,37.57
7/4/2026 17:10,11.61,1,0,0,6.6,45.11
7/4/2026 17:10,11.95,1,0,0,6.27,45.54
7/4/2026 17:10,12.35,1,0,0,5.86,43.36
7/4/2026 17:10,12.65,1,0,0,5.41,28.94
7/4/2026 17:10,12.83,1,0,0,4.98,20.81
7/4/2026 17:10,13.28,1,0,0.05,4.54,21
7/4/2026 17:10,13.63,1,0,0.1,4.04,16.57
7/4/2026 17:10,13.78,1,0,0.15,3.56,19.96
7/4/2026 17:10,14.08,1,0,0.2,3,20.99
7/4/2026 17:10,14.48,1,0,0.12,2.65,19.42
7/4/2026 17:10,14.79,1,0,0.04,2.2,32.7
7/4/2026 17:10,15.46,1,0,0,1.76,28.3
7/4/2026 17:10,16.04,1,0,0.05,1.33,33.23
7/4/2026 17:10,16.52,1,0,0.1,0.93,39.12
7/4/2026 17:10,17,1,0,0.15,0.51,27.06
7/4/2026 17:10,17.39,1,0,0.2,0.14,30.78
7/4/2026 17:10,17.76,1,0,0.25,-0.23,24.24
7/4/2026 17:10,18.05,1,0,0.3,-0.53,26.07
7/4/2026 17:10,18.29,1,0,0.22,-0.79,100
7/4/2026 17:10,18.58,1,0,0.14,-0.96,100
7/4/2026 17:10,18.9,1,0,0.06,-1.07,100
7/4/2026 17:10,19.25,1,0,0,-1.12,100
7/4/2026 17:10,19.62,1,0,0,-1.11,42.93
7/4/2026 17:10,20,0,0,0,-1.04,60.79
7/4/2026 17:10,20.34,0,0,0,-0.93,34.55
7/4/2026 17:10,20.5,0,0,0,-0.75,30.85
7/4/2026 17:10,20.41,0,0,-0.05,-0.56,52.85
7/4/2026 17:10,20.14,0,0,-0.1,-0.34,50.99
7/4/2026 17:10,19.82,0,0,-0.15,-0.15,25.18
7/4/2026 17:10,19.36,0,0,-0.2,0.07,52.14
7/4/2026 17:10,18.86,0,0,-0.12,0.24,52.44
7/4/2026 17:10,18.4,0,0,-0.04,0.37,54.66
7/4/2026 17:10,17.95,0,0,0,0.47,61.86
7/4/2026 17:10,17.51,0,0,0,0.55,24.99
7/4/2026 17:10,17.12,0,0,0,0.61,48.21
7/4/2026 17:10,16.67,0,0,0.05,0.65,42.86
7/4/2026 17:10,16.24,0,0,0,0.67,36.25
7/4/2026 17:10,15.81,0,0,0,0.68,33.52
7/4/2026 17:10,15.37,0,0,0,0.69,62.62
7/4/2026 17:10,14.99,0,0,0,0.69,33
7/4/2026 17:10,14.59,0,0,0,0.69,68.43
7/4/2026 17:10,14.21,0,0,0,0.68,32.28
7/4/2026 17:10,13.91,0,0,0,0.68,34.27
7/4/2026 17:10,13.54,0,0,0.05,0.68,24.13
7/4/2026 17:10,13.16,0,0,0.1,0.68,39.48
7/4/2026 17:10,12.75,0,0,0.15,0.7,90.95
7/4/2026 17:10,12.36,0,0,0.2,0.74,41.6
7/4/2026 17:10,11.97,0,0,0.25,0.8,51.46
7/4/2026 17:10,11.6,0,0,0.3,0.84,24.55
7/4/2026 17:10,11.19,0.08,0,0.35,0.87,33.63
7/4/2026 17:10,10.78,0.16,0,0.27,0.91,32.61
7/4/2026 17:10,10.51,0.24,0,0.19,0.95,31.67
7/4/2026 17:10,10.3,0.32,0,0.11,0.98,30.88
7/4/2026 17:10,10.17,0.4,0,0.16,1,26.67
7/4/2026 17:10,10.05,0.48,0,0.21,1,30.41
7/4/2026 17:10,9.97,0.56,0,0.26,1.01,13.45
7/4/2026 17:10,9.92,0.64,0,0.31,1,26.59
7/4/2026 17:10,9.9,0.72,0,0.36,0.99,12.23
7/4/2026 17:10,9.92,0.8,0,0.41,1,30.96
7/4/2026 17:10,9.97,0.88,0,0.46,1.01,31.99
7/4/2026 17:10,10.05,0.96,0,0.51,1.05,33.27
7/4/2026 17:10,10.17,1,0,0.43,1.1,31.13
7/4/2026 17:10,10.41,1,0,0.35,1.16,39.69
7/4/2026 17:10,10.69,1,0,0.27,1.22,29.18
7/4/2026 17:10,11.1,1,0,0.19,1.3,24.5
7/4/2026 17:10,11.52,1,0,0.24,1.37,29.19
7/4/2026 17:10,11.89,1,0,0.29,1.43,28.2
7/4/2026 17:10,12.23,1,0,0.34,1.48,72.51
7/4/2026 17:10,12.49,1,0,0.39,1.52,32.71
7/4/2026 17:10,12.78,1,0,0.44,1.57,26.5
7/4/2026 17:10,12.97,1,0,0.36,1.61,43.98
7/4/2026 17:10,13.32,1,0,0.28,1.68,29.85
7/4/2026 17:10,13.6,1,0,0.2,1.78,53.81
7/4/2026 17:10,13.95,1,0,0.15,1.95,51.42
7/4/2026 17:10,14.32,1,0,0.1,2.19,13.59
7/4/2026 17:10,14.74,1,0,0.05,2.5,10.06
7/4/2026 17:10,15.12,1,0,0,2.83,9.08
7/4/2026 17:10,15.5,1,0,-0.05,3.19,8.11
7/4/2026 17:10,15.75,1,0,-0.1,3.58,11.05
7/4/2026 17:10,16.14,0,0,-0.15,3.99,10.54
7/4/2026 17:10,16.49,0,0,-0.2,4.42,11.77
7/4/2026 17:10,16.41,0,0,-0.25,4.89,11.91
7/4/2026 17:10,16.29,0,0,-0.3,5.28,11.7
7/4/2026 17:10,15.94,0,0,-0.35,5.66,12
7/4/2026 17:10,15.5,0,0,-0.4,5.89,42.62
7/4/2026 17:10,14.91,0,0,-0.45,6.14,39.8
7/4/2026 17:10,14.28,0,0,-0.5,6.28,33.56
7/4/2026 17:10,13.65,0,0,-0.55,6.33,57.78
7/4/2026 17:10,12.87,0,0,-0.55,6.3,62.09
7/4/2026 17:10,11.36,0,0,-0.55,6.16,4.6
7/4/2026 17:10,10.73,0,0,-0.55,5.91,40.28
7/4/2026 17:10,10.48,0,0,-0.55,5.61,53.95
7/4/2026 17:10,10.24,0.08,0,-0.47,5.35,25.62
7/4/2026 17:10,9.68,0.16,0,-0.39,5.04,25.22
7/4/2026 17:10,9.37,0.24,0,-0.31,4.68,20.37
7/4/2026 17:10,9.26,0.32,0,-0.23,4.3,23.41
7/4/2026 17:10,9.24,0.4,0,-0.15,4.01,20.93
7/4/2026 17:10,9.16,0.48,0,-0.07,3.62,12.54
7/4/2026 17:10,9.03,0.56,0,-0.02,3.2,11.96
7/4/2026 17:10,8.97,0.64,0,0.03,2.76,11.18
7/4/2026 17:10,9.01,0.72,0,0.08,2.32,41.26
7/4/2026 17:10,9.1,0.8,0,0.13,1.92,10.17
7/4/2026 17:10,9.27,0.88,0,0.18,1.48,9.4
7/4/2026 17:10,9.47,0.96,0,0.23,1.08,23.4
7/4/2026 17:10,9.72,1,0,0.15,0.67,51.61
7/4/2026 17:10,10.05,1,0,0.07,0.29,29.23
7/4/2026 17:10,10.47,1,0,0,-0.15,32.54
7/4/2026 17:10,10.88,1,0,0,-0.58,50.05
7/4/2026 17:10,11.28,1,0,0,-1.01,33.19
7/4/2026 17:10,11.68,1,0,-0.05,-1.42,49.28
7/4/2026 17:10,12.06,1,0,-0.1,1.64,40.82
7/4/2026 17:10,12.43,1,0,-0.15,1.2,24.91
7/4/2026 17:10,12.81,1,0,-0.2,0.68,46.92
7/4/2026 17:10,13.1,1,0,-0.25,0.25,50.07
7/4/2026 17:10,13.44,1,0,-0.17,-0.35,32.84
7/4/2026 17:10,13.68,1,0,-0.09,-0.97,49.49
7/4/2026 17:10,14.1,1,0,-0.01,-1.57,72.64
7/4/2026 17:10,14.5,1,0,0,-2.16,100
7/4/2026 17:10,14.62,1,0,0,-2.71,39.58
7/4/2026 17:10,14.8,1,0,0,-3.29,77.85
7/4/2026 17:10,15.29,1,0,-0.05,-3.24,37.16
7/4/2026 17:10,15.58,1,0,0,-2.28,19.76
7/4/2026 17:10,16.04,1,0,0,-1.33,79.24
7/4/2026 17:10,16.45,1,0,-0.05,-0.55,22.35
7/4/2026 17:10,16.93,1,0,-0.1,0.51,25.84
7/4/2026 17:10,17.38,1,0,-0.15,-1,31.95
7/4/2026 17:10,17.78,1,0,-0.07,-0.48,66.39
7/4/2026 17:10,18.21,1,0,0,-0.01,100
7/4/2026 17:10,18.62,1,0,-0.05,0.39,32.97
7/4/2026 17:10,19.05,1,0,-0.1,0.7,46.67
7/4/2026 17:10,19.42,1,0,-0.02,0.92,45.16
7/4/2026 17:10,19.84,1,0,0,1.06,51.49
7/4/2026 17:10,20.25,1,0,-0.05,1.11,29.14
7/4/2026 17:10,20.65,1,0,0,1.04,26.03
7/4/2026 17:10,21.06,1,0,-0.05,0.86,28.89
7/4/2026 17:10,21.51,1,0,-0.1,0.51,37.28
7/4/2026 17:10,21.81,1,0,-0.02,0.17,28.83
7/4/2026 17:10,22.22,1,0,-0.07,-0.35,28.87
7/4/2026 17:10,22.59,1,0,0,-0.84,48.92
7/4/2026 17:10,22.97,1,0,0,-1.3,31.44
7/4/2026 17:10,23.37,1,0,0,-1.73,30.86
7/4/2026 17:10,23.78,1,0,0,-1.26,29.47
7/4/2026 17:10,24.18,1,0,-0.05,-0.8,45.67
7/4/2026 17:10,24.55,1,0,0,-0.37,42.39
7/4/2026 17:10,24.95,1,0,0,0.06,26.36
7/4/2026 17:10,25.36,1,0,-0.05,0.51,32.4
7/4/2026 17:10,25.72,1,0,-0.1,0.91,34.32
7/4/2026 17:10,26.08,1,0,-0.15,1.32,26.26
7/4/2026 17:10,26.4,1,0,-0.2,1.69,30.87
7/4/2026 17:10,26.65,1,0,-0.25,-1.49,29.42
7/4/2026 17:10,26.83,1,0,-0.17,-1.23,35.14
7/4/2026 17:10,27.08,1,0,-0.09,-0.98,30.41
7/4/2026 17:10,27.29,1,0,-0.01,-0.88,49.94
7/4/2026 17:10,27.55,1,0,0,-0.83,64.42
7/4/2026 17:10,27.8,1,0,0,-0.85,33.56
7/4/2026 17:10,28.04,1,0,0,-0.96,26.7
7/4/2026 17:10,28.29,1,0,0,-1.14,88.03
7/4/2026 17:10,28.57,1,0,0,-1.41,78.53
7/4/2026 17:10,28.86,1,0,0,-1.72,34.56
7/4/2026 17:10,29.19,1,0,0,1.37,26.26
7/4/2026 17:10,29.54,1,0,0,0.95,71.5
7/4/2026 17:10,29.91,1,0,0,0.51,66.4
7/4/2026 17:10,30.28,1,0,0,0.11,49.96
7/4/2026 17:10,30.67,1,0,0,-0.32,50.88
7/4/2026 17:10,31.07,1,0,0,-0.73,59.47
7/4/2026 17:10,31.46,1,0,0,-1.1,25.41
7/4/2026 17:10,31.82,1,0,0,-1.4,58.83
7/4/2026 17:10,32.18,1,0,0,-1.67,35.92
7/4/2026 17:10,32.52,1,0,0,-1.61,52.56
7/4/2026 17:10,32.89,1,0,-0.05,-1.42,54.58
7/4/2026 17:10,33.28,1,0,-0.1,-1.27,47.56
7/4/2026 17:10,33.58,1,0,-0.15,-1.18,45.94
7/4/2026 17:10,33.89,1,0,-0.2,-1.12,42.92
7/4/2026 17:10,34.11,1,0,-0.12,-1.08,41.26
7/4/2026 17:10,34.34,1,0,-0.04,-1.05,27.82
7/4/2026 17:10,34.55,1,0,0,-1.03,41.52
7/4/2026 17:10,34.79,1,0,0,-1.02,45.3
7/4/2026 17:10,35.01,1,0,0,-1.02,36.62
7/4/2026 17:10,35.22,1,0,0,-1.02,24.05
7/4/2026 17:10,35.42,1,0,0,-1.02,39.04
7/4/2026 17:10,35.63,1,0,-0.05,-1.03,34.53
7/4/2026 17:10,35.83,1,0,-0.1,-1.1,38.58
7/4/2026 17:10,35.99,1,0,-0.15,-1.24,23.83
7/4/2026 17:10,36.12,0,0,-0.2,-1.43,32.97
7/4/2026 17:10,36.16,0,0,-0.25,-1.65,24.66
7/4/2026 17:10,35.93,0,0,-0.3,-1.52,31.07
7/4/2026 17:10,35.46,0,0,-0.35,-1.23,31.65
7/4/2026 17:10,34.67,0,0,-0.4,-0.85,36.24
7/4/2026 17:10,33.76,0,0,-0.45,-0.49,28.99
7/4/2026 17:10,32.68,0.18,0,-0.37,-0.12,51.25
7/4/2026 17:10,31.62,0.26,0,-0.29,0.25,40.73
7/4/2026 17:10,30.54,0.34,0,-0.21,0.59,100
7/4/2026 17:10,29.61,0.42,0,-0.13,0.88,83.81
7/4/2026 17:10,28.44,0.5,0,-0.05,1.24,40.81
7/4/2026 17:10,27.55,0.58,0,0,1.5,99.51
7/4/2026 17:10,26.52,0.66,0,0,-1.74,46.3
7/4/2026 17:10,25.61,0.74,0,0,-1.53,46.36
7/4/2026 17:10,24.67,0.82,0,0,-1.38,56.86
7/4/2026 17:10,23.79,0.9,0,0,-1.27,23.62
7/4/2026 17:10,22.97,0.98,0,0,-1.21,25.15
7/4/2026 17:10,22.16,1,0,0,-1.23,42.97
7/4/2026 17:10,21.49,1,0,-0.05,-1.31,39.87
7/4/2026 17:10,20.83,1,0,-0.1,-1.47,41.75
7/4/2026 17:10,20.29,1,0,-0.15,-1.68,35.63
7/4/2026 17:10,19.64,1,0,-0.2,1.49,43.72
7/4/2026 17:10,18.95,1,0,-0.12,1.05,36.9
7/4/2026 17:10,18.34,1,0,-0.04,0.53,34.44
7/4/2026 17:10,17.85,1,0,0,-0.06,41.5
7/4/2026 17:10,17.38,1,0,0,-0.77,77.28
7/4/2026 17:10,17,1,0,0,-1.51,26.22
7/4/2026 17:10,16.63,1,0,0,-1.14,100
7/4/2026 17:10,16.31,1,0,0,-0.23,24
7/4/2026 17:10,16.06,1,0,0,0.69,53.36
7/4/2026 17:10,15.84,1,0,0.05,1.71,60.49
7/4/2026 17:10,15.76,1,0,0.1,-0.84,28.3
7/4/2026 17:10,15.79,1,0,0.15,0.17,22.82
7/4/2026 17:10,15.93,0,0,0.2,1.21,23.25
7/4/2026 17:10,16.17,0,0,0.25,-1.66,12.75
7/4/2026 17:10,16.37,0,0,0.3,-0.93,12.04
7/4/2026 17:10,16.36,0,0,0.35,-0.23,19.25
7/4/2026 17:10,16.18,0,0,0.4,0.49,21.25
7/4/2026 17:10,15.82,0.33,0,0.45,1.16,26.99
7/4/2026 17:10,15.37,0.41,0,0.37,1.67,51.34
7/4/2026 17:10,14.99,0.49,0,0.29,-1.51,44.89
7/4/2026 17:10,14.71,0.57,0,0.21,-1.23,100
7/4/2026 17:10,14.53,0.65,0,0.16,-1.1,26.2
7/4/2026 17:10,14.41,0.73,0,0.11,-1.11,29.03
7/4/2026 17:10,14.4,0.81,0,0.06,-1.24,26.78
7/4/2026 17:10,14.47,0.89,0,0.01,-1.5,32.19
7/4/2026 17:10,14.65,0.97,0,-0.04,1.65,23.31
7/4/2026 17:10,14.89,1,0,0,1.29,65.98
7/4/2026 17:10,15.19,1,0,0,0.91,28.99
7/4/2026 17:10,15.54,1,0,-0.05,0.5,62.99
7/4/2026 17:10,15.9,1,0,-0.1,0.07,52.69
7/4/2026 17:10,16.28,1,0,-0.02,-0.37,51.5
7/4/2026 17:10,16.69,1,0,-0.07,-0.81,51.39
7/4/2026 17:10,17.07,1,0,0,-1.23,48.61
7/4/2026 17:10,17.48,1,0,-0.05,-1.66,31.84
7/4/2026 17:10,17.86,1,0,0,-1.44,47.4
7/4/2026 17:10,18.3,1,0,0,-0.97,46.79
7/4/2026 17:10,18.68,1,0,-0.05,-0.58,37.85
7/4/2026 17:10,19.1,1,0,0,-0.13,51.6
7/4/2026 17:10,19.51,1,0,-0.05,0.29,43.07
7/4/2026 17:10,19.91,1,0,-0.1,0.72,48.43
7/4/2026 17:10,20.27,1,0,-0.02,1.11,30.46
7/4/2026 17:10,20.67,1,0,-0.07,1.5,39.05
7/4/2026 17:10,21.08,1,0,-0.12,-1.58,25.41
7/4/2026 17:10,21.4,1,0,-0.17,-1.25,35.55
7/4/2026 17:10,21.74,1,0,-0.22,-0.88,27.22
7/4/2026 17:10,22,0,0,-0.14,-0.61,31.91
7/4/2026 17:10,22.27,0.93,0,-0.06,-0.39,70.36
7/4/2026 17:10,22.45,0,0,0,-0.22,31.89
7/4/2026 17:10,22.55,0,0,0,-0.11,72.04
7/4/2026 17:10,22.47,0,0,0,-0.04,86.05
7/4/2026 17:10,22.2,0,0,0.05,-0.02,67.47
7/4/2026 17:10,21.83,0,0,0.1,-0.04,24.41
7/4/2026 17:10,21.38,0,0,0.15,-0.08,40.78
7/4/2026 17:10,20.9,0,0.12,0.2,-0.12,35.94
7/4/2026 17:10,20.36,0,0.24,0.25,-0.14,48.81
7/4/2026 17:10,19.77,0,0.36,0.3,-0.13,31.91
7/4/2026 17:10,19.06,0,0.48,0.35,-0.06,34.48
7/4/2026 17:10,18.29,0,0.6,0.4,0.07,76.62
7/4/2026 17:10,17.5,0,0.72,0.45,0.26,21.75
7/4/2026 17:10,16.61,0,0.84,0.5,0.52,23.18
7/4/2026 17:10,15.64,0.08,0.96,0.55,0.86,19.08
7/4/2026 17:10,14.64,0.16,0,0.55,1.24,17.24
7/4/2026 17:10,13.65,0.24,0,0.47,1.69,13.02
7/4/2026 17:10,12.85,0.32,0,0.39,2.16,12.26
7/4/2026 17:10,12.2,0.4,0,0.31,-2.68,11.12
7/4/2026 17:10,11.78,0.48,0,0.23,-2.81,11.74
7/4/2026 17:10,11.51,0.56,0,0.15,-2.89,16.51
7/4/2026 17:10,11.42,0.64,0,0.07,-2.93,15.8
7/4/2026 17:10,11.43,0.72,0,0,-2.96,14.93
7/4/2026 17:10,11.52,0.8,0,0,-2.98,15.23
7/4/2026 17:10,11.68,0.88,0,0,-2.84,16.88
7/4/2026 17:10,11.86,0.96,0,0,-2.36,16.25
7/4/2026 17:10,12.16,1,0,0,-1.78,12.03
7/4/2026 17:10,12.46,1,0,0.05,-1.3,14.45
7/4/2026 17:10,12.83,1,0,0.1,-0.78,13.71
7/4/2026 17:10,13.19,1,0,0.15,-0.31,12.76
7/4/2026 17:10,13.54,1,0,0.2,0.15,12.21
7/4/2026 17:10,13.88,1,0,0.25,0.52,12.98
7/4/2026 17:10,14.2,1,0,0.3,0.85,13.92
7/4/2026 17:10,14.51,1,0,0.22,1.08,14.34
7/4/2026 17:10,14.86,1,0,0.14,1.21,12.28
7/4/2026 17:10,15.16,1,0,0.06,1.27,25.11
7/4/2026 17:10,15.67,1,0,0,1.32,23.87
7/4/2026 17:10,16.07,1,0,0,1.33,25.79
7/4/2026 17:10,16.53,1,0,0,1.3,61.68
7/4/2026 17:10,16.93,1,0,0,1.26,49.25
7/4/2026 17:10,17.33,1,0,0,1.19,86.66
7/4/2026 17:10,17.78,1,0,0,1.11,49.56
7/4/2026 17:10,18.2,1,0,0,1.01,27.67
7/4/2026 17:10,18.57,1,0,0,0.92,25.85
7/4/2026 17:10,18.91,1,0,0,0.84,30.76
7/4/2026 17:10,19.34,1,0,0,0.72,30.83
7/4/2026 17:10,19.73,1,0,0,0.61,35.65
7/4/2026 17:10,20.13,1,0,0,0.5,100
7/4/2026 17:10,20.54,1,0,0,0.38,69.56
7/4/2026 17:10,20.94,1,0,0,0.26,71.75
7/4/2026 17:10,21.35,1,0,0,0.13,24.69
7/4/2026 17:10,21.76,1,0,0,0,100
7/4/2026 17:10,22.15,1,0,0,-0.13,50.88
7/4/2026 17:10,22.55,1,0,0,-0.26,40.73
7/4/2026 17:10,22.96,1,0,0,-0.4,71.19
7/4/2026 17:10,23.34,1,0,0,-0.53,53.13
7/4/2026 17:10,23.72,1,0,0,-0.67,40.89
7/4/2026 17:10,24.14,1,0,-0.05,-0.82,30.08
7/4/2026 17:10,24.53,1,0,0,-0.96,46.71
7/4/2026 17:10,24.92,1,0,0,-1.1,39.77
7/4/2026 17:10,25.29,1,0,0,-1.23,100
7/4/2026 17:10,25.7,1,0,0,-1.38,43.25
7/4/2026 17:10,26.09,1,0,0,-1.51,39.98
7/4/2026 17:10,26.48,1,0,0,-1.65,100
7/4/2026 17:10,26.85,1,0,0,-1.72,48.25
7/4/2026 17:10,27.22,1,0,0,-1.6,49.37
7/4/2026 17:10,27.58,0,0,-0.05,-1.47,100
7/4/2026 17:10,27.9,0,0,-0.1,-1.35,52.04
7/4/2026 17:10,28.02,0,0,-0.15,-1.24,96.33
7/4/2026 17:10,27.81,0,0,-0.2,-1.15,61.15
7/4/2026 17:10,27.4,0,0.12,-0.25,-1.11,92.5
7/4/2026 17:10,26.96,0,0.24,-0.3,-1.11,46.1
7/4/2026 17:10,26.04,0,0.36,-0.35,-1.2,58.71
7/4/2026 17:10,25.21,0,0.48,-0.4,-1.35,35.84
7/4/2026 17:10,24.25,0,0.6,-0.45,-1.46,23.94
7/4/2026 17:10,23.21,0,0.72,-0.5,-1.45,28.86
7/4/2026 17:10,21.94,0,0.84,-0.55,-1.2,26.18
7/4/2026 17:10,20.81,0,0.96,-0.55,-0.79,18.65
7/4/2026 17:10,19.51,0.08,0,-0.55,-0.29,23.76
7/4/2026 17:10,18.3,0.16,0,-0.47,0.21,24.68
7/4/2026 17:10,16.94,0.24,0,-0.39,-0.45,18.84
7/4/2026 17:10,15.93,0.32,0,-0.31,-0.27,16.22
7/4/2026 17:10,14.89,0.4,0,-0.23,-0.11,15.18
7/4/2026 17:10,14.06,0.48,0,-0.28,0.13,42.63
7/4/2026 17:10,13.26,0.56,0,-0.33,0.15,32.18
7/4/2026 17:10,12.7,0.64,0,-0.38,0.14,22.56
7/4/2026 17:10,12.15,0.72,0,-0.3,0.1,24.9
7/4/2026 17:10,11.9,0.8,0,-0.22,0.12,61.27
7/4/2026 17:10,11.87,0.88,0,-0.14,-0.12,36.13
7/4/2026 17:10,12.02,0.96,0,-0.06,-0.27,56.16
7/4/2026 17:10,12.29,1,0,0,-0.45,31.08
7/4/2026 17:10,12.6,1,0,0,-0.59,25.27
7/4/2026 17:10,13.04,1,0,0,-0.74,23.69
7/4/2026 17:10,13.38,1,0,0,-0.82,31.23
7/4/2026 17:10,13.8,1,0,0,-0.89,33.77
7/4/2026 17:10,14.22,1,0,0,-0.95,31.06
7/4/2026 17:10,14.63,1,0,0,-1.02,30.26
7/4/2026 17:10,15.02,1,0,0,-1.09,51.03
7/4/2026 17:10,15.37,1,0,0,-1.16,27.02
7/4/2026 17:10,15.79,1,0,0,-1.23,28.49
7/4/2026 17:10,16.19,1,0,0,-1.31,25.13
7/4/2026 17:10,16.61,1,0,0,-1.4,25.31
7/4/2026 17:10,17.03,1,0,0.05,-1.48,46.1
7/4/2026 17:10,17.42,1,0,0.1,-1.56,45.08
7/4/2026 17:10,17.81,1,0,0.15,-1.63,20.83
7/4/2026 17:10,18.19,1,0,0.2,-1.68,42.6
7/4/2026 17:10,18.5,1,0,0.25,-1.69,20.83
7/4/2026 17:10,18.77,1,0,0.3,-1.65,40.93
7/4/2026 17:10,18.99,1,0,0.35,-1.54,18.33
7/4/2026 17:10,19.12,1,0,0.4,-1.36,80.25
7/4/2026 17:10,19.17,1,0.12,0.45,-1.19,36.83
7/4/2026 17:10,19.13,1,0.24,0.5,-1.06,14.32
7/4/2026 17:10,18.99,1,0,0.55,-0.97,27.79
7/4/2026 17:10,18.76,1,0,0.55,-0.93,95.81
7/4/2026 17:10,18.5,1,0,0.55,-0.92,16.37
7/4/2026 17:10,18.17,1,0,0.55,-0.94,21.59
7/4/2026 17:10,17.79,1,0,0.55,-0.98,14.7
7/4/2026 17:10,17.35,1,0,0.47,-1.03,26.93
7/4/2026 17:10,16.94,1,0,0.39,1.02,29.74
7/4/2026 17:10,16.58,1,0,0.34,0.51,36.05
7/4/2026 17:10,16.14,1,0,0.29,0,62.23
7/4/2026 17:10,15.7,1,0,0.24,-0.38,27.13
7/4/2026 17:10,15.25,1,0,0.19,-0.65,19.57
7/4/2026 17:10,14.88,1,0,0.14,-0.79,20.77
7/4/2026 17:10,14.43,1,0,0.09,-0.85,7.35
7/4/2026 17:10,13.93,1,0,0.04,-0.79,6.43
7/4/2026 17:10,13.47,1,0,-0.01,-0.62,12.46
7/4/2026 17:10,13.01,1,0,-0.06,-0.34,11.37
7/4/2026 17:10,12.59,1,0,-0.11,0.06,9.99
7/4/2026 17:10,12.25,1,0,-0.16,0.48,9.36
7/4/2026 17:10,11.94,0,0,-0.21,1.05,10.59
7/4/2026 17:10,11.72,0,0,-0.26,1.7,10.04
7/4/2026 17:10,11.55,0,0,-0.31,2.34,7.46
7/4/2026 17:10,11.33,0,0,-0.36,2.97,6.9
7/4/2026 17:10,10.95,0,0,-0.31,3.62,45.07
7/4/2026 17:10,3.44,0,0,-0.26,4.23,5.75
7/4/2026 17:10,3.72,0,0,-0.21,4.37,7.55
7/4/2026 17:10,3.5,0,0,-0.16,4.51,7.36
7/4/2026 17:10,3.13,0.08,0,-0.11,4.71,6.09
7/4/2026 17:10,2.92,0.16,0,-0.06,4.9,4.97
7/4/2026 17:10,2.93,0.24,0,-0.01,5.1,4.84
7/4/2026 17:10,2.98,0.32,0,0.04,5.29,4.63
7/4/2026 17:10,3.03,0.4,0,0.09,5.47,4.47
7/4/2026 17:10,3.09,0.48,0,0.04,5.67,4.27
7/4/2026 17:10,3.21,0.56,0,-0.01,5.89,4.03
7/4/2026 17:10,3.23,0.64,0,-0.06,6.04,3.84
7/4/2026 17:10,3.28,0.72,0,-0.11,6.25,3.66
7/4/2026 17:10,3.47,0,0,-0.16,6.45,3.43
7/4/2026 17:10,3.7,0,0,-0.21,6.69,3.13
7/4/2026 17:10,3.76,0,0,-0.26,6.94,2.92
7/4/2026 17:10,3.72,0,0,-0.31,7.16,2.71
7/4/2026 17:10,3.64,0,0,-0.36,7.38,2.48
7/4/2026 17:10,3.54,0,0,-0.41,7.59,2.38
7/4/2026 17:10,3.43,0,0,-0.46,7.79,2.17
7/4/2026 17:10,3.32,0.08,0,-0.51,7.99,2
7/4/2026 17:10,1.96,0.16,0,-0.43,8.13,1.92
7/4/2026 17:10,0.68,0.24,0,-0.35,8.2,1.84
7/4/2026 17:10,0.21,0.32,0,-0.3,8.22,1.83
7/4/2026 17:10,0.07,0.4,0,-0.25,8.22,1.82
7/4/2026 17:10,0.03,0.48,0,-0.2,8.23,1.82
7/4/2026 17:10,0.16,0.56,0,-0.15,8.22,1.81
7/4/2026 17:10,0.36,0.64,0,-0.1,8.21,1.84
7/4/2026 17:10,0.57,0.72,0,-0.05,8.18,1.85
7/4/2026 17:10,0.76,0.8,0,0,8.14,1.88
7/4/2026 17:10,1.02,0.88,0,0.05,8.09,1.96
7/4/2026 17:10,1.5,0.96,0,0.1,8.01,2.03
7/4/2026 17:10,1.87,1,0,0.15,7.91,2.2
7/4/2026 17:10,2.15,1,0,0.2,7.81,2.26
7/4/2026 17:10,2.5,1,0,0.25,7.68,2.42
7/4/2026 17:10,2.86,1,0,0.3,7.5,2.65
7/4/2026 17:10,3.22,1,0,0.35,7.31,2.91
7/4/2026 17:10,3.56,0,0,0.3,7.1,3.16
7/4/2026 17:10,3.86,0,0,0.25,6.87,3.52
7/4/2026 17:10,3.88,0.08,0,0.2,6.64,3.81
7/4/2026 17:10,2.54,0.16,0,0.15,6.47,3.97
7/4/2026 17:10,1.25,0.24,0,0.1,6.37,4.06
7/4/2026 17:10,0.64,0.32,0,0.05,6.32,4.14
7/4/2026 17:10,0.59,0.4,0,0,6.29,4.44
7/4/2026 17:10,0.27,0.48,0,-0.05,6.27,100
7/4/2026 17:10,0.1,0.56,0,-0.1,6.27,4.17
7/4/2026 17:10,0.37,0.64,0,-0.15,6.28,4.16
7/4/2026 17:10,0.66,0.72,0,-0.2,6.31,4.15
7/4/2026 17:10,0.72,0.8,0,-0.25,6.35,4.11
7/4/2026 17:10,1.07,0.88,0,-0.3,6.39,4.58
7/4/2026 17:10,1.44,0.96,0,-0.35,6.45,3.98
7/4/2026 17:10,1.82,1,0,-0.4,6.53,4.31
7/4/2026 17:10,2.2,1,0,-0.45,6.62,4.18
7/4/2026 17:10,2.67,1,0,-0.5,6.74,4.14
7/4/2026 17:10,3.08,1,0,-0.55,6.86,4.05
7/4/2026 17:10,3.5,1,0,-0.55,6.99,4.04
7/4/2026 17:10,3.93,1,0,-0.55,7.12,4.39
7/4/2026 17:10,4.32,1,0,-0.55,7.25,4.39
7/4/2026 17:10,4.76,1,0,-0.55,7.4,4.33
7/4/2026 17:10,5.13,1,0,-0.55,7.53,4.83
7/4/2026 17:10,5.51,1,0,-0.55,7.66,5.08
7/4/2026 17:10,5.94,1,0,-0.55,7.79,5.4
7/4/2026 17:10,6.35,1,0,-0.55,7.91,6.12
7/4/2026 17:10,6.74,1,0,-0.55,8,7.69
7/4/2026 17:10,7.17,1,0,-0.55,8.08,10.24
7/4/2026 17:10,7.55,1,0,-0.55,8.12,12.4
7/4/2026 17:10,7.93,1,0,-0.55,8.12,65.15
7/4/2026 17:10,8.31,0,0,-0.55,8.08,48.18
7/4/2026 17:10,8.57,0,0,-0.55,8.01,44.77
7/4/2026 17:10,8.75,0,0,-0.55,7.88,13.46
7/4/2026 17:10,8.71,0,0,-0.55,7.71,4.53
7/4/2026 17:10,8.53,0,0,-0.55,7.48,2.99
7/4/2026 17:10,8.31,0,0,-0.55,7.22,2.54
7/4/2026 17:10,8.04,0,0,-0.55,6.9,50.3
7/4/2026 17:10,7.77,0,0,-0.55,6.55,19.73
7/4/2026 17:10,7.59,0,0,-0.55,6.18,19.23
7/4/2026 17:10,7.54,0,0,-0.55,5.83,14.74
7/4/2026 17:10,7.38,0,0,-0.5,5.48,13.61
7/4/2026 17:10,7.16,0,0,-0.45,5.13,15.41
7/4/2026 17:10,6.91,0,0,-0.4,4.7,10.9
7/4/2026 17:10,6.67,0,0,-0.35,4.3,10.37
7/4/2026 17:10,6.49,0,0,-0.3,3.94,12.28
7/4/2026 17:10,6.38,0.08,0,-0.25,3.61,15.15
7/4/2026 17:10,6.37,0.16,0,-0.2,3.14,8.34
7/4/2026 17:10,6.26,0.24,0,-0.15,2.79,10.39
7/4/2026 17:10,6.08,0.32,0,-0.1,2.4,6.98
7/4/2026 17:10,5.97,0.4,0,-0.05,2.01,48.08
7/4/2026 17:10,5.94,0.48,0,0,1.66,53.58
7/4/2026 17:10,5.96,0.56,0,0.05,1.26,8.31
7/4/2026 17:10,6.03,0.64,0,0.1,0.9,49.6
7/4/2026 17:10,6.15,0.72,0,0.15,0.51,49.21
7/4/2026 17:10,6.3,0,0,0.2,0.17,49.81
7/4/2026 17:10,6.45,0,0,0.25,-0.21,94.09
7/4/2026 17:10,6.47,0,0,0.3,-0.57,6.9
7/4/2026 17:10,6.4,0,0,0.35,-0.86,33.97
7/4/2026 17:10,6.26,0,0,0.4,-1.21,31.15
7/4/2026 17:10,6.08,0,0,0.45,-1.55,100
7/4/2026 17:10,5.88,0,0,0.5,1.65,45.85
7/4/2026 17:10,5.69,0,0.12,0.55,1.39,79.24
7/4/2026 17:10,5.49,0,0.24,0.55,1.16,4.7
7/4/2026 17:10,5.29,0,0.36,0.55,0.95,4.37
7/4/2026 17:10,5.07,0,0.48,0.55,0.76,31.78
7/4/2026 17:10,4.82,0,0.6,0.55,0.59,57.56
7/4/2026 17:10,4.58,0,0.72,0.55,0.46,37.37
7/4/2026 17:10,4.3,0,0.84,0.55,0.34,54.18
7/4/2026 17:10,4.03,0,0.96,0.55,0.25,49.51
7/4/2026 17:10,3.7,0,1,0.55,0.17,49.41
7/4/2026 17:10,3.46,0,1,0.55,0.12,9.17
7/4/2026 17:10,3.16,0,0,0.55,0.07,4.74
7/4/2026 17:10,2.92,0.08,0,0.55,0.04,8.49
7/4/2026 17:10,2.82,0.16,0,0.55,0.02,5.89
7/4/2026 17:10,2.78,0.24,0,0.47,0,7.31
7/4/2026 17:10,2.79,0.32,0,0.39,-0.02,47.7
7/4/2026 17:10,2.84,0.4,0,0.31,-0.04,29.49
7/4/2026 17:10,2.91,0.48,0,0.36,-0.05,47.36
7/4/2026 17:10,3.01,0.56,0,0.41,-0.07,45.61
7/4/2026 17:10,3.13,0.64,0,0.46,-0.08,51.88
7/4/2026 17:10,3.28,0.72,0,0.51,-0.08,33.21
7/4/2026 17:10,3.46,0.8,0,0.55,-0.07,36.13
7/4/2026 17:10,3.7,0.88,0,0.55,-0.04,36.09
7/4/2026 17:10,4,0.96,0,0.55,0,25.58
7/4/2026 17:10,4.32,1,0,0.5,0.05,31.26
7/4/2026 17:10,4.71,1,0,0.45,0.12,51.22
7/4/2026 17:10,5.04,1,0,0.4,0.19,27.86
7/4/2026 17:10,5.49,1,0,0.32,0.29,42.95
7/4/2026 17:10,5.96,1,0,0.24,0.4,43.92
7/4/2026 17:10,6.42,1,0,0.16,0.53,24.53
7/4/2026 17:10,6.84,1,0,0.08,0.66,63.62
7/4/2026 17:10,7.3,1,0,0.03,0.81,30.16
7/4/2026 17:10,7.76,1,0,-0.02,0.97,41.96
7/4/2026 17:10,8.17,1,0,-0.07,1.11,33.56
7/4/2026 17:10,8.68,1,0,0,1.29,31.77
7/4/2026 17:10,9.04,1,0,0,1.42,40.94
7/4/2026 17:10,9.5,1,0,0,1.6,57.56
7/4/2026 17:10,9.9,1,0,0,-1.74,32.03
7/4/2026 17:10,10.42,1,0,0,-1.52,29.15
7/4/2026 17:10,10.8,1,0,0,-1.36,37.95
7/4/2026 17:10,11.21,1,0,0,-1.17,74.29
7/4/2026 17:10,11.64,1,0,0,-0.96,27.44
7/4/2026 17:10,12.05,1,0,0,-0.76,28.06
7/4/2026 17:10,12.42,1,0,0,-0.57,55.37
7/4/2026 17:10,12.83,1,0,0,-0.35,25.5
7/4/2026 17:10,13.26,1,0,0.05,-0.14,33.38
7/4/2026 17:10,13.69,1,0,0.1,-0.06,32.16
7/4/2026 17:10,14.08,1,0,0.15,0.09,31.29
7/4/2026 17:11,14.45,1,0,0.2,0.19,26.66
7/4/2026 17:11,14.79,1,0,0.25,0.3,35.88
7/4/2026 17:11,15.05,1,0,0.3,0.36,20.73
7/4/2026 17:11,15.33,1,0,0.35,0.37,51.79
7/4/2026 17:11,15.55,1,0,0.4,0.36,26.61
7/4/2026 17:11,15.7,1,0,0.45,0.31,24.61
7/4/2026 17:11,15.79,1,0,0.37,0.28,22.76
7/4/2026 17:11,15.93,1,0,0.29,0.23,100
7/4/2026 17:11,16.14,1,0,0.21,0.15,27.02
7/4/2026 17:11,16.39,1,0,0.13,-0.13,30.29
7/4/2026 17:11,16.67,1,0,0.18,-0.21,37.35
7/4/2026 17:11,16.84,1,0,0.23,-0.01,45.47
7/4/2026 17:11,17,1,0,0.15,-0.51,24.18
7/4/2026 17:11,17.24,1,0,0.07,-0.94,25.29
7/4/2026 17:11,17.55,1,0,0,-1.28,41.19
7/4/2026 17:11,18.02,1,0,0,-1.63,74.6
7/4/2026 17:11,18.32,1,0,0,1.7,34.17
7/4/2026 17:11,18.73,1,0,0,1.52,73.02
7/4/2026 17:11,19.25,0,0,-0.05,1.36,60.29
7/4/2026 17:11,19.62,0,0,-0.1,1.28,70.54
7/4/2026 17:11,19.82,0,0,-0.02,1.19,100
7/4/2026 17:11,19.74,0,0,0.03,1.11,30.23
7/4/2026 17:11,19.48,0,0,0.08,1.03,100
7/4/2026 17:11,19.13,0,0,0.13,0.96,64.3
7/4/2026 17:11,18.69,0,0,0.05,0.91,65.11
7/4/2026 17:11,18.24,0,0,0.1,0.89,60.66
7/4/2026 17:11,17.8,0,0,0.15,0.88,58.94
7/4/2026 17:11,17.3,0,0,0.2,0.9,75.68
7/4/2026 17:11,16.78,0,0,0.25,0.96,100
7/4/2026 17:11,16.24,0.08,0,0.3,1.07,100
7/4/2026 17:11,15.68,0.16,0,0.35,1.24,40.53
7/4/2026 17:11,15.22,0.24,0,0.4,1.41,30.3
7/4/2026 17:11,14.68,0.32,0,0.45,1.66,19.3
7/4/2026 17:11,14.11,0.4,0,0.37,-1.49,20.19
7/4/2026 17:11,13.66,0.48,0,0.29,-1.09,20.66
7/4/2026 17:11,13.38,0.56,0,0.34,-0.65,19.52
7/4/2026 17:11,13.11,0.64,0,0.39,-0.15,20.9
7/4/2026 17:11,12.87,0.72,0,0.44,0.38,13.67
7/4/2026 17:11,12.66,0.8,0,0.36,0.95,14.64
7/4/2026 17:11,12.59,0.88,0,0.28,1.61,15.88
7/4/2026 17:11,12.67,0.96,0,0.2,-1.65,15.21
7/4/2026 17:11,12.83,1,0,0.12,-1.52,17.06
7/4/2026 17:11,13.12,1,0,0.04,-1.36,22.17
7/4/2026 17:11,13.46,1,0,0.09,-1.22,24.04
7/4/2026 17:11,13.84,1,0,0.01,-1.1,22.24
7/4/2026 17:11,14.24,1,0,0,-1.02,24.12
7/4/2026 17:11,14.64,1,0,0,-1.01,22.13
7/4/2026 17:11,15.03,1,0,0,-1.07,24.75
7/4/2026 17:11,15.5,1,0,0,-1.23,23.54
7/4/2026 17:11,15.91,1,0,0,-1.46,22.29
7/4/2026 17:11,16.31,1,0,0,-1.7,27.69
7/4/2026 17:11,16.73,1,0,0,-1.54,20.68
7/4/2026 17:11,17.15,1,0,0.05,-1.27,22.8
7/4/2026 17:11,17.56,1,0,0.1,-1.01,20.4
7/4/2026 17:11,17.96,1,0,0.15,-0.74,19.75
7/4/2026 17:11,18.31,1,0,0.2,-0.51,19.02
7/4/2026 17:11,18.62,1,0,0.12,-0.32,24.34
7/4/2026 17:11,19.02,1,0,0.04,-0.15,26.61
7/4/2026 17:11,19.4,1,0,0,-0.02,28.31
7/4/2026 17:11,19.83,1,0,0,0.08,54.19
7/4/2026 17:11,20.21,1,0,0,0.15,33.4
7/4/2026 17:11,20.6,1,0,0,0.2,48.47
7/4/2026 17:11,21.03,0,0,0,0.22,54.73
7/4/2026 17:11,21.39,0,0,0,0.23,64.07
7/4/2026 17:11,21.55,0,0,0,0.23,31.82
7/4/2026 17:11,21.45,0,0,0.05,0.21,61.12
7/4/2026 17:11,21.15,0,0,0.1,0.19,66.68
7/4/2026 17:11,20.75,0.33,0,0.02,0.14,38.52
7/4/2026 17:11,20.36,0.41,0,0,0.08,25.31
7/4/2026 17:11,20,0.49,0,0,0.01,64.37
7/4/2026 17:11,19.73,0.57,0,0.05,-0.07,40
7/4/2026 17:11,19.53,0,0,0.1,-0.16,23.11
7/4/2026 17:11,19.33,0,0,0.02,-0.27,49.45
7/4/2026 17:11,19.06,0,0,0.07,-0.41,51.59
7/4/2026 17:11,18.69,0,0,0.12,-0.56,31.46
7/4/2026 17:11,18.27,0,0,0.17,-0.73,36.79
7/4/2026 17:11,17.77,0,0.12,0.22,-0.94,25.99
7/4/2026 17:11,17.21,0,0.24,0.27,-1.2,23.15
7/4/2026 17:11,16.61,0,0,0.32,-1.5,29.25
7/4/2026 17:11,16.03,0,0,0.37,-1.68,20.95
7/4/2026 17:11,15.4,0.08,0,0.42,-1.29,23.51
7/4/2026 17:11,14.71,0.16,0,0.47,-0.83,22.65
7/4/2026 17:11,14.06,0.24,0,0.52,-0.35,21.51
7/4/2026 17:11,13.38,0.32,0,0.55,0.2,15.94
7/4/2026 17:11,12.77,0.4,0,0.55,0.75,18.11
7/4/2026 17:11,12.27,0.48,0,0.47,1.3,16.92
7/4/2026 17:11,11.86,0.56,0,0.42,-1.72,28.29
7/4/2026 17:11,11.58,0.64,0,0.37,-1.49,24.48
7/4/2026 17:11,11.44,0.72,0,0.32,-1.24,43.09
7/4/2026 17:11,11.41,0.8,0,0.27,-0.91,53.88
7/4/2026 17:11,11.48,0.88,0,0.22,-0.62,51.12
7/4/2026 17:11,11.65,0.96,0,0.17,-0.28,50.46
7/4/2026 17:11,11.85,1,0,0.12,0.08,24.71
7/4/2026 17:11,12.15,1,0,0.07,0.38,36.75
7/4/2026 17:11,12.52,1,0,0.02,0.74,35.36
7/4/2026 17:11,12.92,1,0,0,1.08,28.86
7/4/2026 17:11,13.3,1,0,0,1.36,56.85
7/4/2026 17:11,13.73,1,0,0,1.62,32.05
7/4/2026 17:11,14.15,1,0,0,1.8,26.71
7/4/2026 17:11,14.56,1,0,0,1.91,31.44
7/4/2026 17:11,14.96,1,0,0,2.02,53.4
7/4/2026 17:11,15.37,1,0,-0.05,2.13,26.56
7/4/2026 17:11,15.76,1,0,-0.1,2.25,27.28
7/4/2026 17:11,16.12,1,0,-0.15,2.35,26.21
7/4/2026 17:11,16.51,1,0,-0.2,2.44,25.29
7/4/2026 17:11,16.8,1,0,-0.25,2.49,24.07
7/4/2026 17:11,17.11,1,0,-0.3,2.51,23.36
7/4/2026 17:11,17.35,1,0,-0.35,2.46,45.33
7/4/2026 17:11,17.54,1,0,-0.4,2.33,44.99
7/4/2026 17:11,17.63,1,0,-0.45,2.12,44.5
7/4/2026 17:11,17.65,1,0,-0.37,1.9,23.94
7/4/2026 17:11,17.7,1,0,-0.29,1.46,24.11
7/4/2026 17:11,17.79,1,0,-0.21,0.97,22.47
7/4/2026 17:11,17.91,1,0,-0.13,0.41,41.78
7/4/2026 17:11,18.07,1,0,-0.05,-0.3,54.71
7/4/2026 17:11,18.28,1,0,0,-1.13,49.25
7/4/2026 17:11,18.51,1,0,0.05,-2.02,26.17
7/4/2026 17:11,18.82,1,0,0.1,-1.32,63.83
7/4/2026 17:11,19.17,1,0,0.15,-0.71,30.51
7/4/2026 17:11,19.57,1,0,0.2,-0.13,24.88
7/4/2026 17:11,19.99,1,0,0.12,0.39,26.28
7/4/2026 17:11,20.48,0,0.12,0.07,0.83,19.08
7/4/2026 17:11,20.89,0,0.24,0.02,1.08,57
7/4/2026 17:11,21.06,0,0.36,-0.03,1.15,16.02
7/4/2026 17:11,20.93,0,0.48,-0.08,1.04,15.05
7/4/2026 17:11,20.59,0,0.6,0,0.76,48.04
7/4/2026 17:11,20.18,0,0.72,0,0.37,12.4
7/4/2026 17:11,19.74,0,0.84,0,-0.07,29.98
7/4/2026 17:11,19.2,0,0.96,0,-0.62,10.08
7/4/2026 17:11,18.6,0,1,0,-1.33,8.85
7/4/2026 17:11,17.99,0,1,0,1.5,41.96
7/4/2026 17:11,17.33,0,1,0,0.8,25.86
7/4/2026 17:11,16.7,0,1,0,0.16,5.33
7/4/2026 17:11,16.11,0,1,0,-0.43,27.2
7/4/2026 17:11,4.26,0,1,0,-0.76,3.63
7/4/2026 17:11,3.07,0,1,0,-0.68,33.9
7/4/2026 17:11,1.54,0,1,0,-0.67,34.24
7/4/2026 17:11,0.37,0,1,0,-0.64,31.33
7/4/2026 17:11,0.08,0,1,0,-0.64,33.14
7/4/2026 17:11,0.05,0,1,0,-0.64,30.24
7/4/2026 17:11,0.04,0,1,0,-0.64,31.25
7/4/2026 17:11,0.03,0,1,0,-0.64,33.77
7/4/2026 17:11,0.02,0,1,0,-0.64,33.28
7/4/2026 17:11,0.02,0,1,0,-0.64,30.65
7/4/2026 17:11,0.01,0,1,0,-0.64,30.36
7/4/2026 17:11,0.01,0,1,0,-0.64,31.1
7/4/2026 17:11,0.01,0,1,0,-0.64,30.3
7/4/2026 17:11,0.01,0.08,0,0,-0.64,33.32
7/4/2026 17:11,0.01,0.16,0,0,-0.64,30.38
7/4/2026 17:11,0.05,0.24,0,0,-0.64,31.37
7/4/2026 17:11,0.03,0.32,0,0,-0.63,30.13
7/4/2026 17:11,0.03,0.4,0,0,-0.63,30.52
7/4/2026 17:11,0.1,0.48,0,0,-0.63,30.05
7/4/2026 17:11,0.19,0.56,0,0.05,-0.63,31.47
7/4/2026 17:11,0.26,0.64,0,0.1,-0.62,33.2
7/4/2026 17:11,0.5,0.72,0,0.15,-0.6,30.23
7/4/2026 17:11,0.8,0.8,0,0.2,-0.57,33.66
7/4/2026 17:11,1.02,0.88,0,0.25,-0.52,33.29
7/4/2026 17:11,1.38,0.96,0,0.3,-0.45,31.66
7/4/2026 17:11,1.81,1,0,0.35,-0.37,31.75
7/4/2026 17:11,2.23,1,0,0.4,-0.26,3.8
7/4/2026 17:11,2.61,1,0,0.45,-0.13,3.95
7/4/2026 17:11,2.97,1,0,0.5,0.02,4.11
7/4/2026 17:11,3.32,1,0,0.55,0.18,26.98
7/4/2026 17:11,3.66,1,0,0.55,0.37,24.26
7/4/2026 17:11,4.02,1,0,0.55,0.56,7.99
7/4/2026 17:11,4.35,1,0,0.55,0.76,25.33
7/4/2026 17:11,4.67,1,0,0.55,0.96,36
7/4/2026 17:11,4.96,1,0,0.55,1.14,13.64
7/4/2026 17:11,5.34,1,0,0.55,1.37,7.9
7/4/2026 17:11,5.64,1,0,0.55,1.57,14.29
7/4/2026 17:11,5.81,1,0,0.55,-1.72,25.28
7/4/2026 17:11,6,1,0,0.55,-1.55,19.98
7/4/2026 17:11,6.34,0,0,0.47,-1.35,100
7/4/2026 17:11,6.77,0.08,0,0.39,-1.2,36.91
7/4/2026 17:11,5.43,0.16,0,0.31,-1.1,30.26
7/4/2026 17:11,3.13,0.24,0,0.23,-1.01,52.93
7/4/2026 17:11,1.62,0.32,0,0.15,-0.96,25.98
7/4/2026 17:11,0.31,0.4,0,0.07,-0.95,26.05
7/4/2026 17:11,0.3,0.48,0,0,-0.95,23.11
7/4/2026 17:11,0.76,0.56,0,0,-0.94,25.74
7/4/2026 17:11,1.02,0.64,0,0,-0.93,44.84
7/4/2026 17:11,1.3,0.72,0,0,-0.92,25.51
7/4/2026 17:11,1.51,0.8,0,0,-0.9,38.79
7/4/2026 17:11,1.88,0.88,0,0,-0.89,28.6
7/4/2026 17:11,2.2,0.96,0,0,-0.87,40.2
7/4/2026 17:11,2.64,1,0,0,-0.84,41.23
7/4/2026 17:11,3.09,1,0,0,-0.81,24.75
7/4/2026 17:11,3.6,1,0,0,-0.77,24.85
7/4/2026 17:11,3.95,1,0,0,-0.74,28.72
7/4/2026 17:11,4.45,1,0,0,-0.69,30.48
7/4/2026 17:11,4.9,1,0,0,-0.65,33.94
7/4/2026 17:11,5.42,1,0,0,-0.58,23.72
7/4/2026 17:11,5.92,1,0,0,-0.51,23.26
7/4/2026 17:11,6.41,1,0,0.05,-0.45,29.2
7/4/2026 17:11,6.9,1,0,0.1,-0.38,21.97
7/4/2026 17:11,7.4,1,0,0.02,-0.31,30.43
7/4/2026 17:11,7.93,1,0,0,-0.25,26.97
7/4/2026 17:11,8.37,1,0,0,-0.19,24.83
7/4/2026 17:11,8.83,1,0,0,-0.11,30.52
7/4/2026 17:11,9.23,1,0,0,-0.05,67.55
7/4/2026 17:11,9.68,1,0,0,0.03,38.21
7/4/2026 17:11,10.14,1,0,0,0.11,47.57
7/4/2026 17:11,10.55,1,0,0,0.19,78.11
7/4/2026 17:11,10.97,1,0,0.05,0.27,65.1
7/4/2026 17:11,11.43,1,0,0.1,0.36,27.61
7/4/2026 17:11,11.83,1,0,0.02,0.44,46.9
7/4/2026 17:11,12.28,1,0,0,0.51,75.19
7/4/2026 17:11,12.67,1,0,0,0.58,71.62
7/4/2026 17:11,13.13,1,0,0,0.65,29.14
7/4/2026 17:11,13.67,1,0,0,0.74,75.11
7/4/2026 17:11,14.09,1,0,0,0.82,42.31
7/4/2026 17:11,14.52,1,0,0,0.89,29.18
7/4/2026 17:11,14.93,1,0,0.05,0.97,31.76
7/4/2026 17:11,15.34,1,0,0,1.04,39.33
7/4/2026 17:11,15.77,1,0,0,1.11,63.18
7/4/2026 17:11,16.17,1,0,0,1.18,25.1
7/4/2026 17:11,16.6,1,0,0,1.25,64.01
7/4/2026 17:11,17.01,1,0,0.05,1.32,26.38
7/4/2026 17:11,17.45,1,0,0,1.4,25.06
7/4/2026 17:11,17.82,1,0,0,1.45,46.94
7/4/2026 17:11,18.15,1,0,0,1.5,80.2
7/4/2026 17:11,18.56,1,0,0.05,1.56,30.85
7/4/2026 17:11,18.94,1,0,0,1.61,36.74
7/4/2026 17:11,19.38,1,0,0,1.66,100
7/4/2026 17:11,19.79,0,0,0,1.71,27.5
7/4/2026 17:11,20.21,0,0,0,1.76,31.54
7/4/2026 17:11,20.3,0,0,0,1.79,58.39
7/4/2026 17:11,20.2,0,0,0,1.83,30.32
7/4/2026 17:11,19.93,0,0.12,0,1.86,26.21
7/4/2026 17:11,19.56,0,0.24,0,1.9,100
7/4/2026 17:11,19.1,0,0.36,0,1.93,49.8
7/4/2026 17:11,18.63,0,0.48,0,1.96,53.89
7/4/2026 17:11,18.13,0,0.6,0,1.99,34.31
7/4/2026 17:11,17.59,0,0.72,0,2.01,26.72
7/4/2026 17:11,17.01,0,0.84,0,2.04,24.38
7/4/2026 17:11,16.45,0,0.96,0,2.07,100
7/4/2026 17:11,15.84,0,1,0,2.09,29.06
7/4/2026 17:11,15.23,0,1,0,2.12,28.22
7/4/2026 17:11,14.66,0,1,0,2.14,54.98
7/4/2026 17:11,14.09,0,1,0,2.16,100
7/4/2026 17:11,13.51,0,1,0,2.18,51.14
7/4/2026 17:11,12.94,0,1,0,2.2,88.76
7/4/2026 17:11,12.38,0,1,0,2.22,46.86
7/4/2026 17:11,11.85,0,1,0,2.24,42.83
7/4/2026 17:11,11.31,0,1,0,2.26,23.51
7/4/2026 17:11,10.8,0,1,0,2.27,57.34
7/4/2026 17:11,10.32,0,1,0,2.29,25.95
7/4/2026 17:11,9.87,0,1,0,2.3,31.86
7/4/2026 17:11,9.34,0,1,0,2.32,52.19
7/4/2026 17:11,8.88,0,1,0,2.33,30.58
7/4/2026 17:11,8.47,0,1,0,2.35,100
7/4/2026 17:11,7.99,0,1,0,2.36,34.83
7/4/2026 17:11,7.59,0,0,0,2.37,37.12
7/4/2026 17:11,7.21,0,0,0,2.38,32.38
7/4/2026 17:11,6.98,0.08,0,0,2.39,87.78
7/4/2026 17:11,6.81,0.16,0,0,2.39,100
7/4/2026 17:11,6.67,0.24,0,0,2.36,32.53
7/4/2026 17:11,6.57,0.32,0,0,2.31,36.83
7/4/2026 17:11,6.51,0.4,0,-0.05,2.26,36.85
7/4/2026 17:11,6.48,0.48,0,-0.1,2.17,27.02
7/4/2026 17:11,6.49,0.56,0,-0.15,2.08,36.53
7/4/2026 17:11,6.55,0.64,0,-0.2,1.98,44.23
7/4/2026 17:11,6.64,0.72,0,-0.25,1.87,27.67
7/4/2026 17:11,6.81,0.8,0,-0.3,1.75,32.84
7/4/2026 17:11,6.99,0.88,0,-0.35,1.63,23.88
7/4/2026 17:11,7.22,0.96,0,-0.4,1.52,24.88
7/4/2026 17:11,7.47,1,0,-0.45,1.42,24.33
7/4/2026 17:11,7.76,1,0,-0.5,1.3,23.63
7/4/2026 17:11,8.04,1,0,-0.55,1.21,23.48
7/4/2026 17:11,8.38,1,0,-0.55,1.12,22.77
7/4/2026 17:11,8.72,1,0,-0.47,1.04,23.9
7/4/2026 17:11,9.1,1,0,-0.39,0.99,21.43
7/4/2026 17:11,9.55,1,0,-0.31,0.94,25.53
7/4/2026 17:11,10,1,0,-0.23,0.91,29.62
7/4/2026 17:11,10.45,1,0,-0.28,0.85,28.98
7/4/2026 17:11,10.82,1,0,-0.33,0.81,29.94
7/4/2026 17:11,11.13,1,0,-0.38,0.78,29.12
7/4/2026 17:11,11.41,1,0,-0.43,0.76,30.03
7/4/2026 17:11,11.65,1,0,-0.48,0.76,28.59
7/4/2026 17:11,11.83,1,0,-0.53,0.76,59.29
7/4/2026 17:11,12.01,1,0,-0.45,0.8,35.83
7/4/2026 17:11,12.27,1,0,-0.37,0.87,54.72
7/4/2026 17:11,12.59,1,0,-0.32,0.97,69.43
7/4/2026 17:11,12.91,1,0,-0.27,1.09,36.5
7/4/2026 17:11,13.26,1,0,-0.22,1.24,25.74
7/4/2026 17:11,13.62,1,0,-0.17,1.44,34.75
7/4/2026 17:11,13.99,1,0,-0.12,1.71,30.43
7/4/2026 17:11,14.4,1,0,-0.07,2.07,32.31
7/4/2026 17:11,14.82,1,0,-0.02,2.47,30.96
7/4/2026 17:11,15.2,1,0,0.03,2.9,31.46
7/4/2026 17:11,4.91,1,0,0.08,2.77,5.05
7/4/2026 17:11,4.17,1,0,0.13,2.55,41.47
7/4/2026 17:11,3.47,1,0,0.18,2.41,9.37
7/4/2026 17:11,2.92,1,0,0.23,2.36,9.1
7/4/2026 17:11,3.04,1,0,0.28,2.38,8.38
7/4/2026 17:11,1.91,1,0,0.2,2.44,8.27
7/4/2026 17:11,1.43,0,0,0.12,2.44,7.99
7/4/2026 17:11,0.96,0,0,0.04,2.43,7.85
7/4/2026 17:11,0.49,0,0,0,2.43,7.86
7/4/2026 17:11,0.04,0.08,0,0,2.42,7.85
7/4/2026 17:11,0.38,0.16,0,0,2.41,7.82
7/4/2026 17:11,0.33,0.24,0,0,2.39,7.92
7/4/2026 17:11,0.37,0.32,0,0,2.37,7.98
7/4/2026 17:11,0.41,0.4,0,0.05,2.35,7.89
7/4/2026 17:11,0.43,0.48,0,0.1,2.32,8.01
7/4/2026 17:11,0.66,0.56,0,0.15,2.29,7.13
7/4/2026 17:11,0.84,0.64,0,0.2,2.24,7.98
7/4/2026 17:11,0.97,0.72,0,0.25,2.19,7.18
7/4/2026 17:11,1.16,0.8,0,0.3,2.12,8.17
7/4/2026 17:11,1.64,0.88,0,0.35,2.04,7.36
7/4/2026 17:11,1.91,0.96,0,0.4,1.93,7.53
7/4/2026 17:11,2.3,1,0,0.45,1.8,7.55
7/4/2026 17:11,2.55,1,0,0.5,1.7,7.72
7/4/2026 17:11,2.97,1,0,0.55,1.5,7.91
7/4/2026 17:11,3.32,1,0,0.55,1.31,1.7
7/4/2026 17:11,3.67,1,0,0.55,1.1,1.9
7/4/2026 17:11,4.01,1,0,0.55,0.88,7.96
7/4/2026 17:11,4.36,1,0,0.55,0.62,8.02
7/4/2026 17:11,4.63,1,0,0.55,0.39,8.29
7/4/2026 17:11,4.97,1,0,0.55,0.09,8.56
7/4/2026 17:11,5.3,1,0,0.55,-0.23,8.95
7/4/2026 17:11,5.63,1,0,0.55,-0.58,9.32
7/4/2026 17:11,5.95,1,0,0.55,-0.96,9.81
7/4/2026 17:11,6.25,1,0,0.55,-1.35,13.09
7/4/2026 17:11,6.57,1,0,0.55,1.74,7.52
7/4/2026 17:11,6.89,1,0,0.55,1.32,14.59
7/4/2026 17:11,7.22,1,0,0.55,0.85,28.87
7/4/2026 17:11,7.53,1,0,0.55,0.41,32.39
7/4/2026 17:11,7.83,1,0,0.55,-0.04,32.25
7/4/2026 17:11,8.11,1,0,0.55,-0.47,35.94
7/4/2026 17:11,8.4,0,0.12,0.47,-0.91,27.48
7/4/2026 17:11,8.62,0,0.24,0.39,-1.34,28.97
7/4/2026 17:11,8.55,0,0.36,0.31,-1.74,42.05
7/4/2026 17:11,8.22,0,0.48,0.23,-1.46,32.11
7/4/2026 17:11,7.7,0,0.6,0.15,-1.19,54.72
7/4/2026 17:11,7.13,0,0.72,0.07,-1.01,62.62
7/4/2026 17:11,6.42,0,0.84,0,-0.86,37.46
7/4/2026 17:11,5.7,0,0.96,0,-0.77,46.68
7/4/2026 17:11,5.06,0,1,0,-0.71,41.91
7/4/2026 17:11,4.48,0,1,0,-0.66,47.85
7/4/2026 17:11,3.94,0,1,0,-0.63,74.77
7/4/2026 17:11,3.46,0,1,0,-0.59,44.77
7/4/2026 17:11,3.02,0,1,0,-0.56,25.5
7/4/2026 17:11,2.61,0,1,0,-0.54,80.81
7/4/2026 17:11,2.27,0,1,0,-0.51,34.72
7/4/2026 17:11,1.97,0,1,0,-0.49,69.92
7/4/2026 17:11,1.68,0,1,0,-0.47,38.55
7/4/2026 17:11,0.55,0,1,0,-0.46,27.79
7/4/2026 17:11,0,0,1,0,-0.46,65.57
7/4/2026 17:11,0,0,1,0,-0.46,28
7/4/2026 17:11,0,0,1,0,-0.46,100
7/4/2026 17:11,0,0,1,0,-0.46,58.11
7/4/2026 17:11,0,0,1,0,-0.46,36.37
7/4/2026 17:11,0,0,1,0,-0.46,49.9
7/4/2026 17:11,0,0,1,0,-0.46,75.92
7/4/2026 17:11,0,0,1,0,-0.46,74.89
7/4/2026 17:11,0,0,1,0,-0.46,93.52
7/4/2026 17:11,0,0,1,0,-0.46,88.49
7/4/2026 17:11,0,0,1,0,-0.46,50.33
7/4/2026 17:11,0,0,1,0,-0.46,43.35
7/4/2026 17:11,0,0,1,0,-0.46,69.4
7/4/2026 17:11,0,0,1,0,-0.46,29.21
7/4/2026 17:11,0,0,1,0,-0.46,77.06
7/4/2026 17:11,0,0,1,0,-0.46,49.19
7/4/2026 17:11,0,0,1,0,-0.46,36.06
7/4/2026 17:11,0,0,1,0,-0.46,100
7/4/2026 17:11,0,0,1,0,-0.46,37.6
7/4/2026 17:11,0,0,1,0,-0.46,38.77
7/4/2026 17:11,0,0,1,0,-0.46,55.15
7/4/2026 17:11,0,0,1,0,-0.46,87.07
7/4/2026 17:11,0,0,1,0,-0.46,23.3
7/4/2026 17:11,0,0,1,0,-0.46,75
7/4/2026 17:11,0,0,1,0,-0.46,49.8
7/4/2026 17:11,0,0,1,0,-0.46,100
7/4/2026 17:11,0,0,1,0,-0.46,24.76
7/4/2026 17:11,0,0,1,0,-0.46,35.92
7/4/2026 17:11,0,0,1,0,-0.46,31.79
7/4/2026 17:11,0,0,1,0,-0.46,27.51
7/4/2026 17:11,0,0,1,0,-0.46,100
7/4/2026 17:11,0,0,1,0,-0.46,31.87
7/4/2026 17:11,0,0,1,0,-0.46,70.01
7/4/2026 17:11,0,0,1,0,-0.46,75.92
7/4/2026 17:11,0,0,1,0,-0.46,75.88
7/4/2026 17:11,0,0.08,0,0,-0.46,35.2
7/4/2026 17:11,0,0.16,0,0,-0.46,69.52
7/4/2026 17:11,0.01,0.24,0,0,-0.46,33.44
7/4/2026 17:11,0.03,0.32,0,0,-0.46,29.01
7/4/2026 17:11,0.1,0.4,0,0,-0.46,62.92
7/4/2026 17:11,0.2,0.48,0,0,-0.47,100
7/4/2026 17:11,0.36,0.56,0,0,-0.47,26.08
7/4/2026 17:11,0.49,0.64,0,0,-0.47,43.59
7/4/2026 17:11,0.73,0.72,0,0,-0.48,92.69
7/4/2026 17:11,0.98,0.8,0,0,-0.49,53.86
7/4/2026 17:11,1.3,0.88,0,0,-0.5,58.26
7/4/2026 17:11,1.66,0.96,0,0,-0.51,47.57
7/4/2026 17:11,2.06,1,0,0,-0.53,75.9
7/4/2026 17:11,2.45,1,0,0,-0.55,37.85
7/4/2026 17:11,2.88,1,0,0,-0.57,75.96
7/4/2026 17:11,3.31,1,0,0,-0.6,92.66
7/4/2026 17:11,3.75,1,0,0,-0.64,71.22
7/4/2026 17:11,4.2,1,0,0,-0.67,92.07
7/4/2026 17:11,4.64,1,0,0,-0.72,25.97
7/4/2026 17:11,5.07,1,0,0.05,-0.76,68.51
7/4/2026 17:11,5.51,1,0,0.1,-0.81,53.88
7/4/2026 17:11,5.95,1,0,0.15,-0.88,65.59
7/4/2026 17:11,6.4,1,0,0.2,-0.97,43.19
7/4/2026 17:11,6.83,1,0,0.12,-1.08,60.25
7/4/2026 17:11,7.26,1,0.12,0.04,-1.2,32.95
7/4/2026 17:11,7.7,1,0.24,0,-1.34,45.26
7/4/2026 17:11,8.07,1,0,0,-1.46,49.23
7/4/2026 17:11,8.43,1,0,0,-1.58,30.22
7/4/2026 17:11,8.85,1,0,0,-1.71,40.59
7/4/2026 17:11,9.28,1,0,0,-1.64,57.33
7/4/2026 17:11,9.72,1,0,0,-1.48,41.97
7/4/2026 17:11,10.14,1,0,0,-1.32,43.06
7/4/2026 17:11,10.59,1,0,0,-1.15,50.28
7/4/2026 17:11,11.02,1,0,0,-0.97,44.47
7/4/2026 17:11,11.44,1,0,0,-0.79,36.16
7/4/2026 17:11,11.86,1,0,0.05,-0.6,48.61
7/4/2026 17:11,12.24,1,0,0.1,-0.42,100
7/4/2026 17:11,12.61,1,0,0.15,-0.22,26.34
7/4/2026 17:11,13,1,0,0.2,0.04,45.08
7/4/2026 17:11,13.36,1,0,0.25,0.31,39.77
7/4/2026 17:11,13.69,1,0,0.3,0.65,47.1
7/4/2026 17:11,13.99,1,0,0.35,1.03,29.64
7/4/2026 17:11,14.2,1,0,0.4,1.39,39.23
7/4/2026 17:11,14.39,1,0,0.45,-1.65,41.03
7/4/2026 17:11,14.54,1,0,0.37,-1.07,16.85
7/4/2026 17:11,14.74,1,0,0.29,-0.48,15.87
7/4/2026 17:11,15.02,1,0,0.21,0.28,20.65
7/4/2026 17:11,15.32,1,0,0.13,1.08,34.82
7/4/2026 17:11,15.66,1,0,0.05,-0.9,24.95
7/4/2026 17:11,16.02,1,0,0,-0.54,27.43
7/4/2026 17:11,16.45,1,0,0,-0.16,74.14
7/4/2026 17:11,16.87,1,0,0,0.22,22.92
7/4/2026 17:11,17.28,1,0,0,0.46,18.49
7/4/2026 17:11,17.81,1,0,0.05,0.67,22.68
7/4/2026 17:11,18.13,1,0,0.1,0.71,62.05
7/4/2026 17:11,18.51,1,0,0.15,0.67,30.89
7/4/2026 17:11,18.87,1,0,0.2,0.5,19.97
7/4/2026 17:11,19.21,1,0,0.12,0.21,38
7/4/2026 17:11,19.56,1,0,0.04,-0.07,100
7/4/2026 17:11,19.96,1,0,0,-0.33,29.19
7/4/2026 17:11,20.37,1,0,0,-0.56,35.94
7/4/2026 17:11,20.76,1,0,0,-0.76,33.9
7/4/2026 17:11,21.16,1,0,0,-0.93,25.6
7/4/2026 17:11,21.57,1,0,0,-1.09,59.62
7/4/2026 17:11,21.97,1,0,0,-1.22,28.03
7/4/2026 17:11,22.4,1,0,0,-1.36,30.44
7/4/2026 17:11,22.79,1,0,0,-1.47,100
7/4/2026 17:11,23.18,1,0,0,-1.58,28.88
7/4/2026 17:11,23.56,1,0,0,-1.68,42.91
7/4/2026 17:11,23.99,1,0,0.05,1.7,32.32
7/4/2026 17:11,24.36,1,0,0.1,1.6,100
7/4/2026 17:11,24.73,1,0,0.15,1.52,50.01
7/4/2026 17:11,25.07,1,0,0.07,1.46,43.85
7/4/2026 17:11,25.43,1,0,0,1.43,53.15
7/4/2026 17:11,25.8,1,0,0,1.44,48.33
7/4/2026 17:11,26.18,1,0,0,1.48,37.3
7/4/2026 17:11,26.55,1,0,0,1.55,42.86
7/4/2026 17:11,26.93,1,0,0,1.65,38.4
7/4/2026 17:11,27.32,1,0,0,-1.72,39.49
7/4/2026 17:11,27.69,1,0,0,-1.56,27.85
7/4/2026 17:11,28.07,1,0,0,-1.39,36.52
7/4/2026 17:11,28.45,1,0,-0.05,-1.2,60.59
7/4/2026 17:11,28.83,1,0,0,-0.99,61.92
7/4/2026 17:11,29.2,0,0,0,-0.79,58.31
7/4/2026 17:11,29.57,0,0,0,-0.56,28.6
7/4/2026 17:11,29.69,0,0.12,0,-0.35,60.06
7/4/2026 17:11,29.53,0,0.24,0,-0.14,100
7/4/2026 17:11,29.11,0,0.36,0,0.1,62.27
7/4/2026 17:11,28.59,0,0.48,0,0.31,48.38
7/4/2026 17:11,28.03,0,0.6,0,0.5,46.63
7/4/2026 17:11,27.39,0,0.72,0,0.7,100
7/4/2026 17:11,26.65,0,0.84,0.05,0.9,86.65
7/4/2026 17:11,25.94,0,0.96,0.1,1.08,27.33
7/4/2026 17:11,25.17,0,1,0.15,1.19,29.16
7/4/2026 17:11,24.37,0,1,0.2,1.08,32.69
7/4/2026 17:11,23.54,0,1,0.25,0.8,33.99
7/4/2026 17:11,22.62,0,1,0.3,0.35,28.7
7/4/2026 17:11,21.73,0,1,0.35,-0.17,21.62
7/4/2026 17:11,20.76,0,1,0.4,-0.7,18.56
7/4/2026 17:11,19.71,0,1,0.45,-1.3,20.21
7/4/2026 17:11,18.66,0,1,0.5,-1.87,18.54
7/4/2026 17:11,17.59,0,1,0.55,-2.41,18.66
7/4/2026 17:11,16.62,0,1,0.55,-2.86,19.4
7/4/2026 17:11,15.41,0,1,0.55,-2.65,19.34
7/4/2026 17:11,14.52,0,1,0.55,-1.93,19.8
7/4/2026 17:11,13.43,0,1,0.55,-1.12,13.92
7/4/2026 17:11,12.27,0.08,1,0.47,-0.36,24.97
7/4/2026 17:11,11.25,0.16,0,0.39,0.26,40.89
7/4/2026 17:11,10.41,0.24,0,0.31,0.73,21.69
7/4/2026 17:11,9.93,0.32,0,0.23,1.06,36.68
7/4/2026 17:11,9.66,0.4,0,0.15,1.31,35.75
7/4/2026 17:11,9.53,0.48,0,0.07,1.47,34.6
7/4/2026 17:11,9.49,0.56,0,0,1.54,33.79
7/4/2026 17:11,9.5,0.64,0,0,1.59,30.56
7/4/2026 17:11,9.57,0.72,0,0,1.65,28.54
7/4/2026 17:11,9.7,0.8,0,-0.05,1.69,32.07
7/4/2026 17:11,9.86,0.88,0,-0.1,1.74,31.38
7/4/2026 17:11,10.07,0.96,0,-0.02,1.81,30.7
7/4/2026 17:11,10.39,0,0,0,1.89,30.15
7/4/2026 17:11,10.7,0,0,0,1.97,29.34
7/4/2026 17:11,10.81,0,0,0,2.04,28.64
7/4/2026 17:11,10.73,0,0,0,2.12,27.81
7/4/2026 17:11,10.57,0,0,0,2.19,27.32
7/4/2026 17:11,10.34,0,0,0,2.27,26.53
7/4/2026 17:11,10.1,0,0,0,2.34,25.33
7/4/2026 17:11,9.84,0,0,0,2.41,25.14
7/4/2026 17:11,9.6,0,0,0,2.48,24.61
7/4/2026 17:11,9.32,0.08,0,0,2.56,23.93
7/4/2026 17:11,9.1,0.16,0,0,2.62,23.53
7/4/2026 17:11,8.9,0.24,0,0,2.68,22.88
7/4/2026 17:11,8.73,0.32,0,0,2.75,22.23
7/4/2026 17:11,8.62,0.4,0,0,2.81,21.64
7/4/2026 17:11,8.56,0,0,0,2.87,21.01
7/4/2026 17:11,8.49,0,0,0,2.94,20.5
7/4/2026 17:11,8.34,0,0,0,3.01,19.93
7/4/2026 17:11,8.17,0,0,0,3.06,20.05
7/4/2026 17:11,7.98,0,0,0,3.12,18.88
7/4/2026 17:11,7.77,0,0,0,3.18,18.37
7/4/2026 17:11,7.58,0.08,0,0,3.24,17.84
7/4/2026 17:11,7.39,0.16,0,0,3.27,17.37
7/4/2026 17:11,7.25,0.24,0,0,3.28,17.08
7/4/2026 17:11,7.13,0.32,0,0,3.27,16.42
7/4/2026 17:11,7.05,0.4,0,0,3.22,16.13
7/4/2026 17:11,7.02,0.48,0,0,3.16,15.71
7/4/2026 17:11,7.04,0,0,0,3.08,15.23
7/4/2026 17:11,7.06,0,0,0,2.97,14.79
7/4/2026 17:11,6.99,0,0,-0.05,2.84,14.25
7/4/2026 17:11,6.86,0,0,-0.1,2.69,13.81
7/4/2026 17:11,6.69,0,0,-0.15,2.53,13.49
7/4/2026 17:11,6.51,0,0,-0.2,2.37,13.09
7/4/2026 17:11,6.32,0,0,-0.25,2.21,12.92
7/4/2026 17:11,6.12,0,0,-0.3,2.05,12.33
7/4/2026 17:11,5.93,0,0,-0.35,1.92,12.14
7/4/2026 17:11,5.74,0,0,-0.4,1.78,11.95
7/4/2026 17:11,5.55,0,0,-0.45,1.67,11.94
7/4/2026 17:11,5.37,0.08,0,-0.5,1.57,11.71
7/4/2026 17:11,5.18,0.16,0,-0.55,1.47,11.39
7/4/2026 17:11,5.03,0.24,0,-0.55,1.41,11.45
7/4/2026 17:11,4.9,0.32,0,-0.55,1.36,12.02
7/4/2026 17:11,4.87,0,0,-0.55,1.32,11.98
7/4/2026 17:11,4.84,0,0,-0.55,1.29,12.41
7/4/2026 17:11,4.75,0,0,-0.55,1.28,12.91
7/4/2026 17:11,4.64,0,0,-0.55,1.27,12.81
7/4/2026 17:11,4.52,0.08,0,-0.55,1.27,14.13
7/4/2026 17:11,4.41,0.16,0,-0.55,1.29,14.71
7/4/2026 17:11,4.34,0.24,0,-0.47,1.3,16.39
7/4/2026 17:11,4.31,0.32,0,-0.39,1.32,15.63
7/4/2026 17:11,4.32,0.4,0,-0.31,1.35,18.86
7/4/2026 17:11,4.38,0.48,0,-0.23,1.36,19.23
7/4/2026 17:11,4.46,0.56,0,-0.15,1.36,21.2
7/4/2026 17:11,4.58,0.64,0,-0.07,1.36,18.75
7/4/2026 17:11,4.72,0.72,0,0,1.34,19.49
7/4/2026 17:11,4.93,0.8,0,-0.05,1.3,21.74
7/4/2026 17:11,5.17,0.88,0,-0.1,1.26,18.83
7/4/2026 17:11,5.39,0.96,0,-0.02,1.21,18.41
7/4/2026 17:11,5.72,1,0,0,1.15,18.73
7/4/2026 17:11,6.1,1,0,-0.05,1.06,21.27
7/4/2026 17:11,6.51,1,0,-0.1,0.96,18.5
7/4/2026 17:11,6.91,1,0,-0.02,0.84,18.39
7/4/2026 17:11,7.35,1,0,-0.07,0.72,20.07
7/4/2026 17:11,7.76,1,0,-0.12,0.55,20.72
7/4/2026 17:11,8.15,1,0,-0.17,0.38,18.04
7/4/2026 17:11,8.51,1,0,-0.09,0.23,19.71
7/4/2026 17:11,8.92,1,0,-0.14,0.07,18.34
7/4/2026 17:11,9.32,1,0,-0.19,-0.1,18.76
7/4/2026 17:11,9.68,1,0,-0.24,-0.24,20.94
7/4/2026 17:11,10.06,1,0,-0.29,-0.38,54.35
7/4/2026 17:11,10.41,1,0,-0.21,-0.49,57.38
7/4/2026 17:11,10.85,1,0,-0.13,-0.57,57.49
7/4/2026 17:11,11.34,1,0,-0.05,-0.63,27.11
7/4/2026 17:11,11.75,1,0,0,-0.67,26.98
7/4/2026 17:11,12.17,1,0,0,-0.71,28.15
7/4/2026 17:11,12.6,0,0,0,-0.74,37.02
7/4/2026 17:11,13.01,0,0,0,-0.77,53.18
7/4/2026 17:11,13.22,0,0,0,-0.8,76.42
7/4/2026 17:11,13.17,0.63,0,0,-0.83,41.77
7/4/2026 17:11,13.02,0.71,0,0,-0.85,28.73
7/4/2026 17:11,12.9,0,0,0,-0.87,49.53
7/4/2026 17:11,12.85,0,0,0,-0.89,28.41
7/4/2026 17:11,12.71,0,0,0,-0.91,30.38
7/4/2026 17:11,12.48,0,0,0,-0.93,34.68
7/4/2026 17:11,12.21,0,0,0,-0.95,46.37
7/4/2026 17:11,11.95,0,0,0,-0.97,45.45
7/4/2026 17:11,11.66,0,0,0,-0.99,39.26
7/4/2026 17:11,11.38,0,0,0,-1,44.07
7/4/2026 17:11,11.1,0,0,0,-1.02,43.47
7/4/2026 17:11,10.84,0,0,0,-1.04,30.61
7/4/2026 17:11,10.59,0.08,0,0,-1.05,36.55
7/4/2026 17:11,10.31,0.16,0,0,-1.07,64.42
7/4/2026 17:11,10.08,0.24,0,0,-1.08,23.08
7/4/2026 17:11,9.88,0.32,0,0,-1.1,25.62
7/4/2026 17:11,9.74,0.4,0,0,-1.12,39.97
7/4/2026 17:11,9.65,0.48,0,0,-1.13,25.08
7/4/2026 17:11,9.61,0.56,0,0,-1.15,100
7/4/2026 17:11,9.62,0.64,0,0,-1.16,37.78
7/4/2026 17:11,9.69,0.72,0,0,-1.18,36.96
7/4/2026 17:11,9.81,0.8,0,0,-1.19,24.42
7/4/2026 17:11,9.98,0.88,0,0,-1.21,31.13
7/4/2026 17:11,10.21,0.96,0,0,-1.22,28.62
7/4/2026 17:11,10.5,0,0,0,-1.24,34.36
7/4/2026 17:11,10.79,0,0,0,-1.26,33.67
7/4/2026 17:11,10.9,0,0,0,-1.27,29.83
7/4/2026 17:11,10.86,0,0,0,-1.29,31.15
7/4/2026 17:11,10.7,0,0,0.05,-1.31,31.71
7/4/2026 17:11,10.48,0,0,0.1,-1.33,31.06
7/4/2026 17:11,10.25,0.14,0,0.15,-1.36,30.48
7/4/2026 17:11,9.99,0.22,0,0.2,-1.41,29.91
7/4/2026 17:11,9.78,0.3,0,0.25,-1.47,23.69
7/4/2026 17:11,9.56,0.38,0,0.17,-1.57,28.82
7/4/2026 17:11,9.46,0,0,0.09,-1.7,25.57
7/4/2026 17:11,9.4,0.31,0,0.01,-1.68,22.61
7/4/2026 17:11,9.28,0.39,0,0,-1.57,27.4
7/4/2026 17:11,9.18,0.47,0,0,-1.48,25.6
7/4/2026 17:11,9.14,0.55,0,0,-1.42,26.15
7/4/2026 17:11,9.16,0.63,0,0,-1.39,25.65
7/4/2026 17:11,9.23,0.71,0,0,-1.39,25
7/4/2026 17:11,9.36,0.79,0,0,-1.44,24.39
7/4/2026 17:11,9.53,0.87,0,0.05,-1.51,23.73
7/4/2026 17:11,9.76,0.95,0,0.1,-1.63,23.05
7/4/2026 17:11,10.03,1,0,0.15,-1.78,23.27
7/4/2026 17:11,10.34,1,0,0.2,-1.95,22.37
7/4/2026 17:11,10.67,1,0,0.25,-2.14,21.28
7/4/2026 17:11,11,1,0,0.3,1.77,21.38
7/4/2026 17:11,11.34,1,0,0.35,1.07,21.19
7/4/2026 17:11,11.63,1,0,0.27,0.42,20.9
7/4/2026 17:11,12,1,0,0.19,-0.23,21.88
7/4/2026 17:11,12.39,1,0,0.11,-0.84,21.52
7/4/2026 17:11,12.78,1,0,0.03,-1.43,15.35
7/4/2026 17:11,13.24,0,0,0,1.35,14.53
7/4/2026 17:11,13.62,0,0,0,0.68,21.29
7/4/2026 17:11,13.81,0,0,0,-0.03,12.82
7/4/2026 17:11,13.77,0,0,0,-0.68,18.92
7/4/2026 17:11,13.58,0,0,0,-1.38,18.86
7/4/2026 17:11,13.31,0,0,0,-1.42,16.96
7/4/2026 17:11,13.04,0,0,0,-0.83,16.27
7/4/2026 17:11,12.77,0.08,0,0.05,-0.27,17.54
7/4/2026 17:11,12.48,0.16,0,0.1,0.31,16.12
7/4/2026 17:11,12.21,0.24,0,0.15,0.85,15.63
7/4/2026 17:11,11.96,0.32,0,0.2,1.37,13.37
7/4/2026 17:11,11.74,0.4,0,0.25,-1.62,14.04
7/4/2026 17:11,11.54,0.48,0,0.3,-1.13,13.28
7/4/2026 17:11,11.36,0.56,0,0.35,-0.65,38.55
7/4/2026 17:11,11.23,0.64,0,0.4,-0.23,23.42
7/4/2026 17:11,11.13,0.72,0,0.45,0.12,17.39
7/4/2026 17:11,11.06,0.8,0,0.5,0.43,56.03
7/4/2026 17:11,11.02,0.88,0,0.55,0.67,52.83
7/4/2026 17:11,10.99,0.96,0,0.55,0.86,31.23
7/4/2026 17:11,11.03,1,0,0.55,0.99,21.93
7/4/2026 17:11,11.14,1,0,0.47,1.05,26.92
7/4/2026 17:11,11.36,1,0,0.39,1.03,24.03
7/4/2026 17:11,11.63,1,0,0.31,0.95,24.21
7/4/2026 17:11,11.95,1,0,0.23,0.82,100
7/4/2026 17:11,12.31,1,0,0.15,0.63,76.74
7/4/2026 17:11,12.7,1,0,0.07,0.39,100
7/4/2026 17:11,13.12,0,0,0,0.1,95.85
7/4/2026 17:11,13.51,0.93,0,0,-0.24,100
7/4/2026 17:11,13.8,1,0,0,-0.65,93.97
7/4/2026 17:11,14.04,1,0,0,-1.05,100
7/4/2026 17:11,14.36,1,0,0,-1.48,100
7/4/2026 17:11,14.69,1,0,0,1.61,91.03
7/4/2026 17:11,14.99,1,0,0,1.25,90.28
7/4/2026 17:11,15.38,1,0,0,0.81,31.96
7/4/2026 17:11,15.75,1,0,0,0.4,28.33
7/4/2026 17:11,16.11,1,0,0,0.02,33.2
7/4/2026 17:11,16.5,0,0,0,-0.4,100
7/4/2026 17:11,16.87,0,0,0,-0.8,28.67
7/4/2026 17:11,17.05,0,0,0,-1.21,50.41
7/4/2026 17:11,16.99,0,0,0,-1.55,81.84
7/4/2026 17:11,16.75,0,0,0,-1.56,80.81
7/4/2026 17:11,16.44,0,0,0,-1.23,47.31
7/4/2026 17:11,16.09,0,0,0,-0.93,100
7/4/2026 17:11,15.72,0,0,0,-0.67,38.61
7/4/2026 17:11,15.42,0,0,0,-0.48,77.17
7/4/2026 17:11,15.03,0,0,0,-0.26,38.93
7/4/2026 17:11,14.65,0,0,0,-0.06,27.54
7/4/2026 17:11,14.28,0,0,0,0.12,26.09
7/4/2026 17:11,13.9,0,0,0,0.27,28.28
7/4/2026 17:11,13.56,0,0,0,0.39,40.65
7/4/2026 17:11,13.18,0,0,0,0.51,72.14
7/4/2026 17:11,12.84,0,0,0,0.6,26.8
7/4/2026 17:11,12.5,0,0,0,0.68,69.66
7/4/2026 17:11,12.19,0,0,0,0.73,68.7
7/4/2026 17:11,11.91,0,0,0,0.77,38.07
7/4/2026 17:11,11.6,0,0,0,0.8,69.71
7/4/2026 17:11,11.3,0,0,0,0.82,33.53
7/4/2026 17:11,10.98,0,0,0,0.83,65.79
7/4/2026 17:11,10.68,0,0,0,0.82,65.05
7/4/2026 17:11,10.4,0,0,0,0.8,37.29
7/4/2026 17:11,10.12,0,0,0,0.78,25.97
7/4/2026 17:11,9.85,0,0,0,0.74,29.07
7/4/2026 17:11,9.65,0,0,0,0.71,24.97
7/4/2026 17:11,9.4,0,0,0,0.67,27.56
7/4/2026 17:11,9.11,0,0,0,0.61,59
7/4/2026 17:11,8.89,0,0,0,0.55,83.04
7/4/2026 17:11,8.67,0,0,0,0.49,92.16
7/4/2026 17:11,8.42,0,0,0,0.41,59.59
7/4/2026 17:11,8.18,0,0,0,0.34,61.42
7/4/2026 17:11,7.98,0,0,0,0.26,27.09
7/4/2026 17:11,7.76,0,0,0,0.19,24.09
7/4/2026 17:11,7.57,0,0,0,0.1,83.86
7/4/2026 17:11,7.37,0,0,0,0.03,46.31
7/4/2026 17:11,7.18,0,0,0,-0.09,22.33
7/4/2026 17:11,6.98,0,0,0,-0.18,25.61
7/4/2026 17:11,6.79,0,0,0,-0.27,81.47
7/4/2026 17:11,6.62,0,0,0,-0.36,57
7/4/2026 17:11,6.44,0,0,0,-0.46,31.43
7/4/2026 17:11,6.3,0,0,0,-0.55,35.77
7/4/2026 17:11,6.13,0,0,0,-0.65,20.91
7/4/2026 17:11,5.96,0,0,0,-0.75,54.75
7/4/2026 17:11,5.81,0,0,0,-0.85,38.82
7/4/2026 17:11,5.65,0,0,0,-0.96,81.52
7/4/2026 17:11,5.48,0,0,0,-1.08,26.42
7/4/2026 17:11,5.34,0,0,0,-1.18,80.22
7/4/2026 17:11,5.2,0,0,0,-1.29,53.9
7/4/2026 17:11,5.07,0,0,0,-1.39,51.53
7/4/2026 17:11,4.94,0,0,0,-1.49,23.69
7/4/2026 17:11,4.81,0,0,0,-1.59,51.1
7/4/2026 17:11,4.68,0,0,0,-1.7,20.01
7/4/2026 17:11,4.55,0,0,0,-1.69,20.66
7/4/2026 17:11,4.43,0,0,0,-1.59,82.43
7/4/2026 17:11,4.3,0,0,0,-1.48,30.95
7/4/2026 17:11,4.19,0,0,0,-1.38,79.4
7/4/2026 17:11,4.1,0,0,0,-1.3,49.34
7/4/2026 17:11,3.99,0,0,0,-1.2,76.66
7/4/2026 17:11,3.88,0,0,0,-1.1,32.58
7/4/2026 17:11,3.76,0,0,0,-0.99,35.36
7/4/2026 17:11,3.66,0,0,0,-0.89,33.04
7/4/2026 17:11,3.56,0,0,0,-0.8,73.83
7/4/2026 17:11,3.47,0,0,0,-0.7,22.78
7/4/2026 17:11,3.38,0,0,0,-0.62,24.59
7/4/2026 17:11,3.29,0,0,0,-0.53,25.6
7/4/2026 17:11,3.21,0,0,0,-0.45,28.23
7/4/2026 17:11,3.14,0,0,0,-0.38,47.01
7/4/2026 17:11,3.06,0,0,0,-0.29,21.03
7/4/2026 17:11,2.98,0,0,0,-0.21,32.76
7/4/2026 17:11,2.89,0,0,0,-0.12,47.53
7/4/2026 17:11,2.82,0,0,0,-0.05,20.21
7/4/2026 17:11,2.74,0,0,0,0.06,46.01
7/4/2026 17:11,2.66,0,0,0,0.14,65.44
7/4/2026 17:11,2.59,0,0,0,0.21,72.19
7/4/2026 17:11,2.52,0,0,0,0.29,31.99
7/4/2026 17:11,2.45,0,0,0,0.37,33.93
7/4/2026 17:11,2.38,0,0,0,0.45,33.55
7/4/2026 17:11,2.32,0,0,0,0.52,39.61
7/4/2026 17:11,2.25,0,0,0,0.6,33.49
7/4/2026 17:11,2.19,0,0,0,0.67,38.52
7/4/2026 17:11,2.13,0,0,0,0.73,44.69
7/4/2026 17:11,2.07,0,0,0.05,0.8,45.41
7/4/2026 17:11,2.01,0,0,0.1,0.86,44.49
7/4/2026 17:11,1.96,0.08,0,0.15,0.92,23.05
7/4/2026 17:11,1.91,0.16,0,0.2,0.97,44.09
7/4/2026 17:11,1.89,0.24,0,0.25,1.02,44.22
7/4/2026 17:11,1.9,0.32,0,0.3,1.07,44.01
7/4/2026 17:11,1.95,0.4,0,0.35,1.11,46.64
7/4/2026 17:11,2.03,0.48,0,0.4,1.15,27.07
7/4/2026 17:11,2.14,0.56,0,0.45,1.18,44.52
7/4/2026 17:11,2.29,0.64,0,0.5,1.22,76.49
7/4/2026 17:11,2.47,0.72,0,0.55,1.25,48.67
7/4/2026 17:11,2.66,0.8,0,0.55,1.27,76.14
7/4/2026 17:11,2.89,0.88,0,0.55,1.29,40.51
7/4/2026 17:11,3.2,0.96,0,0.55,1.31,22.74
7/4/2026 17:11,3.55,1,0,0.55,1.32,36.53
7/4/2026 17:11,3.94,1,0,0.55,1.32,86.47
7/4/2026 17:11,4.33,1,0,0.55,1.32,26.25
7/4/2026 17:11,4.76,1,0,0.55,1.3,82.13
7/4/2026 17:11,5.2,1,0,0.55,1.27,98.74
7/4/2026 17:11,5.64,1,0,0.55,1.21,60.03
7/4/2026 17:11,6.01,1,0,0.47,1.15,22.83
7/4/2026 17:11,6.48,1,0,0.39,1.05,23.31
7/4/2026 17:11,6.93,1,0,0.31,0.94,27.95
7/4/2026 17:11,7.39,1,0,0.23,0.81,26.08
7/4/2026 17:11,7.78,1,0,0.15,0.69,30.32
7/4/2026 17:11,8.3,1,0,0.07,0.52,58.79
7/4/2026 17:11,8.67,1,0,0,0.39,29.11
7/4/2026 17:11,9.1,1,0,0,0.24,57.8
7/4/2026 17:11,9.58,1,0,0,0.08,56.98
7/4/2026 17:11,10,1,0,0,-0.1,64.99
7/4/2026 17:11,10.45,1,0,0,-0.21,40.02
7/4/2026 17:11,10.86,1,0,0,-0.33,23.95
7/4/2026 17:11,11.33,1,0,0,-0.47,33.63
7/4/2026 17:11,11.85,1,0,0,-0.6,45.26
7/4/2026 17:11,12.25,1,0,0,-0.69,31.09
7/4/2026 17:11,12.69,1,0,0.05,-0.78,24.82
7/4/2026 17:11,13.17,1,0,0.1,-0.86,50.67
7/4/2026 17:11,13.54,1,0,0.15,-0.92,27.64
7/4/2026 17:11,13.84,1,0,0.07,-0.98,40.73
7/4/2026 17:11,14.32,1,0,0,-1.06,65.41
7/4/2026 17:11,14.73,1,0,0,-1.11,33.03
7/4/2026 17:11,15.21,1,0,0,-1.16,43.3
7/4/2026 17:11,15.5,1,0,0,-1.17,64.27
7/4/2026 17:11,16.02,1,0,0,-1.17,100
7/4/2026 17:11,16.51,0,0,0,-1.14,38.28
7/4/2026 17:11,16.87,0,0,0,-1.09,25.59
7/4/2026 17:11,17.05,0,0,0,-1.04,45.09
7/4/2026 17:11,16.99,0,0,0,-1,36.31
7/4/2026 17:11,16.75,0,0,0,-0.95,32.14
7/4/2026 17:11,16.55,0,0,0,-0.92,23.58
7/4/2026 17:11,16.22,0,0,0,-0.87,31.24
7/4/2026 17:11,15.69,0,0,0,-0.81,73.88
7/4/2026 17:11,15.33,0.08,0,0,-0.77,51.87
7/4/2026 17:11,14.93,0.16,0,0,-0.73,96.81
7/4/2026 17:11,14.65,0.24,0,0,-0.69,25.99
7/4/2026 17:11,14.4,0.32,0,0,-0.66,39.5
7/4/2026 17:11,14.1,0.4,0,0,-0.62,47.65
7/4/2026 17:11,13.94,0.48,0,0,-0.58,80.55
7/4/2026 17:11,13.76,0.56,0,0,-0.53,28.11
7/4/2026 17:11,13.71,0.64,0,0,-0.5,100
7/4/2026 17:11,13.7,0.72,0,0,-0.46,84.31
7/4/2026 17:11,13.77,0.8,0,0,-0.42,100
7/4/2026 17:11,13.88,0,0,0,-0.39,38.82
7/4/2026 17:11,14.01,0,0,0,-0.35,100
7/4/2026 17:11,14,0,0,0,-0.31,39.8
7/4/2026 17:11,13.84,0.43,0,0,-0.28,90.22
7/4/2026 17:11,13.59,0.51,0,0,-0.24,100
7/4/2026 17:11,13.42,0.59,0,0,-0.2,71.25
7/4/2026 17:11,13.35,0.67,0,0,-0.16,89.51
7/4/2026 17:11,13.35,0.75,0,0,-0.13,30.11
7/4/2026 17:11,13.42,0.83,0,0,-0.09,26.12
7/4/2026 17:11,13.56,0.91,0,0,-0.05,100
7/4/2026 17:11,13.76,0.99,0,0,-0.02,32.99
7/4/2026 17:11,14.02,1,0,0,0.02,27.94
7/4/2026 17:11,14.28,1,0,0.05,0.05,100
7/4/2026 17:11,14.62,1,0,0.1,0.09,34.98
7/4/2026 17:11,14.97,1,0,0.02,0.11,25.01
7/4/2026 17:11,15.36,1,0,0,0.12,100
7/4/2026 17:11,15.77,1,0,0,0.12,96.3
7/4/2026 17:11,16.17,1,0,0,0.12,31.76
7/4/2026 17:11,16.57,0,0,0,0.12,100
7/4/2026 17:11,16.94,0,0,0,0.11,100
7/4/2026 17:11,17.1,0,0,0,0.1,41.35
7/4/2026 17:11,17.01,0,0,0,0.09,29.18
7/4/2026 17:11,16.77,0.48,0,0,0.08,100
7/4/2026 17:11,16.47,0.56,0,0,0.07,100
7/4/2026 17:11,16.25,0.64,0,0,0.05,27.82
7/4/2026 17:11,16.14,0.72,0,0,0.04,77.2
7/4/2026 17:11,16.12,0.8,0,0,0.03,100
7/4/2026 17:11,16.16,0.88,0,0,0.01,100
7/4/2026 17:11,16.26,0.96,0,0,0,29.27
7/4/2026 17:11,16.44,1,0,0,-0.01,50.32
7/4/2026 17:11,16.69,1,0,0,-0.02,59.85
7/4/2026 17:11,17.02,1,0,0,-0.04,49.56
7/4/2026 17:11,17.38,1,0,0,-0.05,54.89
7/4/2026 17:11,17.74,1,0,0,-0.06,23.85
7/4/2026 17:11,18.13,1,0,0,-0.06,100
7/4/2026 17:11,18.5,1,0,0,-0.07,50.03
7/4/2026 17:11,18.92,1,0,0,-0.07,26.37
7/4/2026 17:11,19.3,1,0,0,-0.07,31.53
7/4/2026 17:11,19.7,1,0,0,-0.06,39.71
7/4/2026 17:11,20.1,1,0,0,-0.06,100
7/4/2026 17:11,20.49,1,0,0,-0.07,100
7/4/2026 17:11,20.87,1,0,0,-0.07,67.59
7/4/2026 17:11,21.23,1,0,0,-0.08,85.84
7/4/2026 17:11,21.62,1,0,0,-0.1,40.23
7/4/2026 17:11,22.02,1,0,0,-0.11,100
7/4/2026 17:11,22.45,1,0,0,-0.13,96.51
7/4/2026 17:11,22.85,1,0,0,-0.15,56.86
7/4/2026 17:11,23.22,1,0,0,-0.17,48.57
7/4/2026 17:11,23.64,1,0,0,-0.19,32.17
7/4/2026 17:11,24,1,0,0,-0.21,28.85
7/4/2026 17:11,24.4,1,0,0,-0.23,29.01
7/4/2026 17:11,24.81,1,0,0,-0.25,25.85
7/4/2026 17:11,25.22,1,0,0,-0.27,45
7/4/2026 17:11,25.58,1,0,0,-0.29,64.38
7/4/2026 17:11,26,1,0,0,-0.32,39.18
7/4/2026 17:11,26.37,1,0,0,-0.34,47.16
7/4/2026 17:11,26.77,1,0,0,-0.36,100
7/4/2026 17:11,27.07,1,0,0,-0.38,81.63
7/4/2026 17:11,27.53,1,0,0,-0.4,63.8
7/4/2026 17:11,27.97,0,0,0,-0.43,73.11
7/4/2026 17:11,28.29,0,0,0,-0.45,75.53
7/4/2026 17:11,28.44,0.78,0,0,-0.47,32.61
7/4/2026 17:11,28.32,0.86,0,0,-0.5,100
7/4/2026 17:11,28.14,0.94,0,0.05,-0.52,67.9
7/4/2026 17:11,28.03,1,0,0.1,-0.55,25.56
7/4/2026 17:11,28.05,1,0,0.15,-0.59,62
7/4/2026 17:11,28.13,0,0,0.2,-0.67,53.64
7/4/2026 17:11,28.2,0,0,0.25,-0.79,58.54
7/4/2026 17:11,28.06,0,0.12,0.3,-0.95,70.36
7/4/2026 17:11,27.58,0,0.24,0.35,-1.21,69.35
7/4/2026 17:11,26.95,0,0.36,0.4,-1.5,66.4
7/4/2026 17:11,26.08,0,0.48,0.45,-1.56,20.06
7/4/2026 17:11,25.02,0,0.6,0.5,-1.09,21.23
7/4/2026 17:11,23.9,0,0.72,0.55,-0.55,19.12
7/4/2026 17:11,22.66,0,0.84,0.55,0.06,12.39
7/4/2026 17:11,21.74,0,0.96,0.55,0.52,16.4
7/4/2026 17:11,20.48,0.08,1,0.55,1.15,14.42
7/4/2026 17:11,19.13,0.16,1,0.55,-1.66,13.23
7/4/2026 17:11,17.8,0.24,1,0.55,-0.58,12.12
7/4/2026 17:11,16.64,0.32,1,0.55,0.37,11.12
7/4/2026 17:11,15.39,0.4,1,0.55,0.3,10.28
7/4/2026 17:11,14.05,0.48,1,0.55,1.05,9.3
7/4/2026 17:11,12.85,0.56,1,0.55,-0.88,8.88
7/4/2026 17:11,11.74,0.64,1,0.55,-0.08,7.86
7/4/2026 17:11,10.85,0.72,1,0.55,0.68,7.86
7/4/2026 17:11,10.24,0.8,1,0.55,1.23,8.8
7/4/2026 17:11,9.7,0.88,1,0.55,1.81,8.39
7/4/2026 17:11,9.22,0.96,1,0.55,2.4,9.21
7/4/2026 17:11,9.13,1,1,0.55,2.86,100
7/4/2026 17:11,9.08,1,1,0.55,3.34,7.7
7/4/2026 17:11,9.12,1,1,0.55,3.7,7.15
7/4/2026 17:11,9.21,1,1,0.55,4,72.2
7/4/2026 17:11,9.2,1,1,0.55,4.2,69.85
7/4/2026 17:11,9.33,1,0,0.5,4.31,40.76
7/4/2026 17:11,9.57,1,0,0.45,4.3,39.03
7/4/2026 17:11,9.89,1,0,0.4,4.2,34.36
7/4/2026 17:11,10.23,1,0,0.35,3.96,30.08
7/4/2026 17:11,10.4,1,0,0.3,3.65,20.87
7/4/2026 17:11,10.83,1,0,0.25,3.24,22.16
7/4/2026 17:11,11.31,1,0,0.2,2.75,18.44
7/4/2026 17:11,11.56,1,0,0.15,2.16,17.29
7/4/2026 17:11,12.1,1,0,0.1,1.53,21.79
7/4/2026 17:11,12.59,1,0,0.05,0.84,15.79
7/4/2026 17:11,13.09,0,0,0,0.15,23.33
7/4/2026 17:11,13.54,0.93,0,-0.05,-0.77,22.64
7/4/2026 17:11,13.84,0,0,-0.1,-1.68,21.83
7/4/2026 17:11,14,0,0,-0.15,0.99,20.79
7/4/2026 17:11,13.93,0,0,-0.2,0.09,17.9
7/4/2026 17:11,13.72,0,0,-0.25,-0.7,17.17
7/4/2026 17:11,13.38,0,0,-0.3,-1.56,19.51
7/4/2026 17:11,12.98,0,0,-0.35,-1.16,15.96
7/4/2026 17:11,12.55,0,0,-0.4,-0.45,16.04
7/4/2026 17:12,12.07,0,0,-0.45,0.22,18.5
7/4/2026 17:12,11.54,0,0,-0.5,0.84,8.66
7/4/2026 17:12,11.03,0,0,-0.55,1.34,9.16
7/4/2026 17:12,10.5,0,0,-0.55,-1.72,8.44
7/4/2026 17:12,10.03,0,0,-0.55,-1.37,9.19
7/4/2026 17:12,9.6,0,0,-0.55,-1.1,14.66
7/4/2026 17:12,9.18,0,0,-0.55,-0.89,14.61
7/4/2026 17:12,8.89,0,0,-0.55,-0.77,25.26
7/4/2026 17:12,8.53,0,0,-0.5,-0.68,50.04
7/4/2026 17:12,8.23,0,0,-0.45,-0.65,50.63
7/4/2026 17:12,8,0,0,-0.4,-0.66,100
7/4/2026 17:12,7.79,0,0,-0.35,-0.72,70.28
7/4/2026 17:12,7.58,0.08,0,-0.3,-0.81,50.02
7/4/2026 17:12,7.4,0.16,0,-0.25,-0.92,34.42
7/4/2026 17:12,7.25,0.24,0,-0.17,-1.05,56.21
7/4/2026 17:12,7.15,0.32,0,-0.09,-1.18,60.77
7/4/2026 17:12,7.08,0.4,0,-0.01,-1.33,60.02
7/4/2026 17:12,7.05,0.48,0,0,-1.46,45.89
7/4/2026 17:12,7.07,0.56,0,0,-1.57,53.02
7/4/2026 17:12,7.14,0.64,0,0,-1.71,24.03
7/4/2026 17:12,7.26,0.72,0,0,1.66,47.01
7/4/2026 17:12,7.46,0.8,0,0,1.51,35.3
7/4/2026 17:12,7.64,0.88,0,0,1.4,34.81
7/4/2026 17:12,7.9,0.96,0,0,1.26,50.35
7/4/2026 17:12,8.19,1,0,0,1.12,30.42
7/4/2026 17:12,8.57,1,0,0,0.97,44.38
7/4/2026 17:12,8.97,1,0.12,0,0.81,40.78
7/4/2026 17:12,9.37,1,0,0,0.65,31.48
7/4/2026 17:12,9.78,1,0,0,0.48,38.45
7/4/2026 17:12,10.2,1,0,0,0.3,43.34
7/4/2026 17:12,10.62,1,0,0,0.12,24.67
7/4/2026 17:12,11.05,1,0,0,-0.07,38.31
7/4/2026 17:12,11.47,1,0,0,-0.27,35.41
7/4/2026 17:12,11.87,1,0,0,-0.46,46.57
7/4/2026 17:12,12.23,1,0,0,-0.64,37.06
7/4/2026 17:12,12.69,1,0,0,-0.88,37.38
7/4/2026 17:12,13.09,1,0,0,-1.09,35.86
7/4/2026 17:12,13.5,1,0,0,-1.32,34.92
7/4/2026 17:12,13.86,1,0,0,-1.52,31.74
7/4/2026 17:12,14.27,1,0,0,-1.73,31.97
7/4/2026 17:12,14.67,1,0,0.05,-1.49,33.63
7/4/2026 17:12,15.09,1,0,0.1,-1.22,34.71
7/4/2026 17:12,15.49,1,0,0.15,-0.97,37.09
7/4/2026 17:12,15.86,1,0.12,0.2,-0.74,30.25
7/4/2026 17:12,16.18,1,0.24,0.25,-0.53,34.88
7/4/2026 17:12,16.47,1,0,0.3,-0.37,74.41
7/4/2026 17:12,16.71,1,0.16,0.35,-0.26,33.73
7/4/2026 17:12,16.87,1,0.28,0.4,-0.22,38.69
7/4/2026 17:12,16.97,1,0,0.45,-0.26,32.55
7/4/2026 17:12,16.99,1,0.2,0.5,-0.39,26.69
7/4/2026 17:12,16.94,1,0.32,0.55,-0.62,29.73
7/4/2026 17:12,16.79,1,0.44,0.47,-0.93,28.83
7/4/2026 17:12,16.63,1,0.56,0.39,-1.37,26.88
7/4/2026 17:12,16.49,0,0.68,0.31,-1.61,22.26
7/4/2026 17:12,16.34,0,0.8,0.23,-1.01,22.59
7/4/2026 17:12,16.06,0,0.92,0.15,-0.34,26.63
7/4/2026 17:12,15.53,0,1,0.07,0.45,28.62
7/4/2026 17:12,14.93,0,1,0,1.23,32.26
7/4/2026 17:12,14.27,0,1,0,-1.45,32.41
7/4/2026 17:12,13.6,0,1,0,-0.69,23.94
7/4/2026 17:12,12.9,0,1,-0.05,0.11,30.01
7/4/2026 17:12,12.23,0,1,-0.1,0.91,25.82
7/4/2026 17:12,11.64,0,1,-0.15,-0.9,52.12
7/4/2026 17:12,11.13,0,1,-0.2,-0.51,27.38
7/4/2026 17:12,10.54,0,1,-0.25,-0.09,38.44
7/4/2026 17:12,10,0,1,-0.3,0.26,26.66
7/4/2026 17:12,9.46,0,1,-0.22,0.48,39.14
7/4/2026 17:12,8.98,0.08,1,-0.14,0.66,24.01
7/4/2026 17:12,8.55,0.16,1,-0.06,0.79,26.12
7/4/2026 17:12,8.16,0.24,1,0,0.87,23.83
7/4/2026 17:12,7.83,0.32,1,0,0.93,22.63
7/4/2026 17:12,7.51,0.4,0,0,0.97,21.34
7/4/2026 17:12,7.3,0.48,0,0,0.99,22.13
7/4/2026 17:12,7.26,0.56,0,0,0.98,22.21
7/4/2026 17:12,7.32,0.64,0,0,0.97,20.49
7/4/2026 17:12,7.44,0.72,0,0,0.92,19.76
7/4/2026 17:12,7.59,0.8,0,0.05,0.86,18.9
7/4/2026 17:12,7.8,0.88,0,0.1,0.77,19.14
7/4/2026 17:12,8.05,0.96,0,0.15,0.68,17.87
7/4/2026 17:12,8.2,1,0,0.07,0.63,20.69
7/4/2026 17:12,8.73,1,0,0,0.44,20.08
7/4/2026 17:12,9.18,1,0,0,0.26,18.52
7/4/2026 17:12,9.54,1,0,0,0.11,16.51
7/4/2026 17:12,9.97,1,0,0,-0.07,32.65
7/4/2026 17:12,10.39,1,0,0,-0.26,15.5
7/4/2026 17:12,10.79,1,0,0,-0.44,31.33
7/4/2026 17:12,11.29,1,0,0,-0.67,14.41
7/4/2026 17:12,11.65,1,0,0.05,-0.85,13.24
7/4/2026 17:12,12.1,1,0,0.1,-1.08,13.84
7/4/2026 17:12,12.5,1,0,0.15,-1.28,22.3
7/4/2026 17:12,12.88,1,0,0.2,-1.47,22.82
7/4/2026 17:12,13.25,1,0,0.25,-1.64,21.88
7/4/2026 17:12,13.59,1,0,0.17,-1.72,21.08
7/4/2026 17:12,13.97,1,0,0.09,-1.63,22.3
7/4/2026 17:12,14.39,1,0,0.01,-1.56,100
7/4/2026 17:12,14.8,1,0,0,-1.51,48.08
7/4/2026 17:12,15.16,1,0,0,-1.48,27.61
7/4/2026 17:12,15.59,1,0,0,-1.45,41.77
7/4/2026 17:12,16.04,1,0,0,-1.44,71.82
7/4/2026 17:12,16.42,1,0,0,-1.44,29.18
7/4/2026 17:12,16.89,1,0,0,-1.44,32.01
7/4/2026 17:12,17.29,1,0,0,-1.45,29.54
7/4/2026 17:12,17.7,1,0,0,-1.46,25.81
7/4/2026 17:12,18.13,1,0,0,-1.47,37.17
7/4/2026 17:12,18.55,1,0,0,-1.48,100
7/4/2026 17:12,18.91,1,0,0,-1.49,32.84
7/4/2026 17:12,19.34,1,0,0,-1.51,84.39
7/4/2026 17:12,19.77,1,0,0,-1.52,71.25
7/4/2026 17:12,20.19,1,0,0,-1.54,90.57
7/4/2026 17:12,20.57,1,0,0,-1.55,71.04
7/4/2026 17:12,20.96,1,0,0,-1.57,82.17
7/4/2026 17:12,21.37,1,0,0,-1.59,28.15
7/4/2026 17:12,21.8,1,0,0,-1.6,44.34
7/4/2026 17:12,22.21,1,0,0,-1.62,33.15
7/4/2026 17:12,22.59,1,0,0,-1.64,100
7/4/2026 17:12,22.97,1,0,0,-1.65,62.46
7/4/2026 17:12,23.39,1,0,0,-1.67,39.52
7/4/2026 17:12,23.75,1,0,0,-1.69,100
7/4/2026 17:12,24.17,1,0,0,-1.71,100
7/4/2026 17:12,24.56,1,0,0,-1.73,40.06
7/4/2026 17:12,24.87,1,0,0,-1.74,98.66
7/4/2026 17:12,25.3,1,0,0,-1.74,31.22
7/4/2026 17:12,25.64,1,0,0,-1.72,60.95
7/4/2026 17:12,26.02,1,0,0,-1.7,26.61
7/4/2026 17:12,26.39,1,0,0,-1.68,97.33
7/4/2026 17:12,26.72,0,0.12,0,-1.66,95.95
7/4/2026 17:12,27.06,0,0.24,-0.05,-1.64,89.64
7/4/2026 17:12,27.18,0,0.36,-0.1,-1.63,36.02
7/4/2026 17:12,26.98,0,0.48,-0.15,-1.62,32.34
7/4/2026 17:12,26.56,0,0.6,-0.2,-1.65,25.36
7/4/2026 17:12,25.98,0,0.72,-0.25,-1.7,42.36
7/4/2026 17:12,25.25,0,0.84,-0.3,-1.61,42.65
7/4/2026 17:12,24.4,0,0.96,-0.35,-1.37,49.58
7/4/2026 17:12,23.4,0,1,-0.4,-1,18.73
7/4/2026 17:12,22.4,0,1,-0.45,-0.6,24.76
7/4/2026 17:12,21.41,0,1,-0.5,-0.19,22.62
7/4/2026 17:12,20.42,0,1,-0.55,0.23,22.41
7/4/2026 17:12,19.17,0,1,-0.55,0.24,20.09
7/4/2026 17:12,17.91,0,1,-0.55,0.77,19.02
7/4/2026 17:12,16.68,0,1,-0.55,0.69,20.57
7/4/2026 17:12,15.48,0,1,-0.55,-0.32,19.57
7/4/2026 17:12,14.1,0,1,-0.55,-1.37,19.95
7/4/2026 17:12,12.92,0,0,-0.55,-2.2,21.57
7/4/2026 17:12,11.84,0.08,0,-0.55,-1.65,11.85
7/4/2026 17:12,10.83,0.16,0,-0.55,-0.95,11.15
7/4/2026 17:12,10.08,0.24,0,-0.55,-0.41,10.47
7/4/2026 17:12,9.29,0.32,0,-0.55,0.2,20.64
7/4/2026 17:12,8.84,0.4,0,-0.55,0.56,34.3
7/4/2026 17:12,8.49,0.48,0,-0.55,0.92,35.95
7/4/2026 17:12,8.33,0.56,0,-0.47,1.14,48.81
7/4/2026 17:12,8.33,0.64,0,-0.39,1.3,37.35
7/4/2026 17:12,8.43,0.72,0,-0.34,1.37,50.85
7/4/2026 17:12,8.58,0.8,0,-0.29,1.39,48.02
7/4/2026 17:12,8.79,0.88,0,-0.24,1.34,37.87
7/4/2026 17:12,9.05,0.96,0,-0.16,1.24,36.64
7/4/2026 17:12,9.36,1,0,-0.08,1.08,33.64
7/4/2026 17:12,9.74,1,0,0,0.85,35.49
7/4/2026 17:12,10.12,1,0,0,0.6,50.9
7/4/2026 17:12,10.5,1,0,0.05,0.33,60.09
7/4/2026 17:12,10.93,1,0,0.1,0.04,46.73
7/4/2026 17:12,11.34,1,0,0.15,-0.27,32.71
7/4/2026 17:12,11.75,1,0,0.2,-0.56,31.97
7/4/2026 17:12,12.08,1,0,0.12,-0.8,27.93
7/4/2026 17:12,12.52,1,0,0.04,-1.05,43.43
7/4/2026 17:12,12.93,1,0,0,-1.28,41.43
7/4/2026 17:12,13.39,1,0,0,-1.54,39.66
7/4/2026 17:12,13.8,1,0,0.05,-1.72,24.63
7/4/2026 17:12,14.13,1,0,0.1,-1.54,34.29
7/4/2026 17:12,14.54,1,0,0.02,-1.3,34.78
7/4/2026 17:12,14.95,1,0,0.07,-1.08,37.87
7/4/2026 17:12,15.36,1,0,0.12,-0.87,33.74
7/4/2026 17:12,15.76,1,0,0.17,-0.66,19.77
7/4/2026 17:12,16.13,1,0,0.22,-0.49,18.87
7/4/2026 17:12,16.44,1,0.12,0.27,-0.35,33.34
7/4/2026 17:12,16.69,1,0.24,0.32,-0.27,17.63
7/4/2026 17:12,16.91,1,0.36,0.37,-0.27,38.49
7/4/2026 17:12,17.02,1,0.48,0.42,-0.41,17.11
7/4/2026 17:12,17.04,1,0.6,0.47,-0.72,16.29
7/4/2026 17:12,16.98,1,0.72,0.52,-1.23,34.85
7/4/2026 17:12,16.83,1,0,0.55,-1.87,39.66
7/4/2026 17:12,16.62,1,0,0.55,-2.68,12.78
7/4/2026 17:12,16.43,1,0,0.55,-2.98,100
7/4/2026 17:12,16.17,1,0,0.47,-2.89,17.32
7/4/2026 17:12,15.95,1,0,0.39,-2.79,100
7/4/2026 17:12,15.78,1,0,0.31,2.21,50.61
7/4/2026 17:12,15.6,1,0,0.23,1.47,26.28
7/4/2026 17:12,15.49,1,0,0.15,0.94,29.73
7/4/2026 17:12,15.42,1,0,0.07,0.49,29.06
7/4/2026 17:12,15.41,1,0,0,0.15,73.39
7/4/2026 17:12,15.45,1,0,0,-0.08,64.94
7/4/2026 17:12,15.47,1,0,-0.05,-0.23,20.25
7/4/2026 17:12,15.54,1,0,-0.1,-0.28,27.58
7/4/2026 17:12,15.69,1,0,-0.15,-0.22,25.73
7/4/2026 17:12,15.93,1,0,-0.2,-0.07,20.36
7/4/2026 17:12,16.28,1,0,-0.25,0.16,19.18
7/4/2026 17:12,16.69,1,0,-0.3,0.5,18.03
7/4/2026 17:12,17.18,1,0,-0.22,0.88,19.29
7/4/2026 17:12,17.7,1,0,-0.14,1.28,23.46
7/4/2026 17:12,18.18,1,0,-0.06,1.66,25.81
7/4/2026 17:12,18.61,1,0,0,2.02,10.43
7/4/2026 17:12,19.05,1,0,0,2.38,9.4
7/4/2026 17:12,19.5,1,0,-0.05,2.75,8.92
7/4/2026 17:12,19.86,1,0,0,3.04,15.97
7/4/2026 17:12,20.28,1,0,0,3.35,6.22
7/4/2026 17:12,20.61,1,0,-0.05,3.62,62.05
7/4/2026 17:12,20.97,1,0,-0.1,3.89,11.96
7/4/2026 17:12,21.32,1,0,-0.15,4.16,51.95
7/4/2026 17:12,7.46,1,0,-0.2,4.04,56.66
7/4/2026 17:12,6.69,1,0,-0.25,3.56,20.1
7/4/2026 17:12,5.94,1,0,-0.3,3.19,2.23
7/4/2026 17:12,5.26,1,0,-0.35,2.76,1.88
7/4/2026 17:12,3.99,1,0,-0.4,2.42,1.8
7/4/2026 17:12,1.78,1,0,-0.32,2.22,1.96
7/4/2026 17:12,0.62,0,0,-0.24,2.16,1.98
7/4/2026 17:12,2.04,0,0,-0.16,2.21,1.88
7/4/2026 17:12,3.19,0,0,-0.08,2.34,1.69
7/4/2026 17:12,3.78,0.08,0,0,2.5,1.48
7/4/2026 17:12,2.4,0.16,0,0,2.67,1.28
7/4/2026 17:12,1.16,0.24,0,0.05,2.76,1.2
7/4/2026 17:12,0.09,0.32,0,0.1,2.78,1.16
7/4/2026 17:12,0.22,0.4,0,0.15,2.78,1.13
7/4/2026 17:12,0.39,0.48,0,0.2,2.76,1.15
7/4/2026 17:12,0.52,0.56,0,0.25,2.74,1.2
7/4/2026 17:12,0.63,0.64,0,0.3,2.71,1.23
7/4/2026 17:12,0.9,0.72,0,0.35,2.67,1.33
7/4/2026 17:12,1.17,0.8,0,0.4,2.6,1.39
7/4/2026 17:12,1.45,0.88,0,0.45,2.53,1.54
7/4/2026 17:12,1.76,0.96,0,0.5,2.44,1.61
7/4/2026 17:12,2.07,1,0,0.55,2.34,1.76
7/4/2026 17:12,2.41,1,0,0.55,2.21,2.03
7/4/2026 17:12,2.75,1,0,0.55,2.07,2.57
7/4/2026 17:12,3.03,1,0,0.55,1.94,2.78
7/4/2026 17:12,3.38,1,0,0.55,1.76,3.06
7/4/2026 17:12,3.72,1,0,0.55,1.57,12.53
7/4/2026 17:12,4.04,0,0,0.5,1.38,13.76
7/4/2026 17:12,4.36,0,0,0.45,1.15,15.14
7/4/2026 17:12,4.37,0.08,0,0.4,0.93,16.58
7/4/2026 17:12,2.74,0.16,0,0.35,0.77,18.23
7/4/2026 17:12,1.37,0.24,0,0.3,0.69,20.19
7/4/2026 17:12,0.62,0.32,0,0.25,0.65,51.99
7/4/2026 17:12,0.19,0.4,0,0.2,0.64,18.37
7/4/2026 17:12,0.08,0.48,0,0.15,0.63,20.29
7/4/2026 17:12,0.25,0.56,0,0.1,0.64,18.46
7/4/2026 17:12,0.47,0.64,0,0.05,0.65,18.61
7/4/2026 17:12,0.7,0.72,0,0,0.67,18.31
7/4/2026 17:12,0.98,0.8,0,-0.05,0.7,20.16
7/4/2026 17:12,1.26,0.88,0,-0.1,0.73,54.78
7/4/2026 17:12,1.61,0.96,0,-0.15,0.76,48.94
7/4/2026 17:12,2,1,0,-0.2,0.81,24.21
7/4/2026 17:12,2.39,1,0,-0.25,0.87,49.67
7/4/2026 17:12,2.85,1,0,-0.3,0.93,53.88
7/4/2026 17:12,3.24,1,0,-0.35,0.99,36.13
7/4/2026 17:12,3.7,1,0,-0.4,1.05,53.05
7/4/2026 17:12,4.02,1,0,-0.45,1.1,35.15
7/4/2026 17:12,4.42,1,0,-0.5,1.15,50.62
7/4/2026 17:12,4.81,1,0,-0.55,1.19,48.6
7/4/2026 17:12,5.17,1,0,-0.55,1.21,38.96
7/4/2026 17:12,5.56,1,0,-0.55,1.21,26.19
7/4/2026 17:12,5.95,1,0,-0.47,1.19,43.15
7/4/2026 17:12,6.43,1,0,-0.39,1.14,50.25
7/4/2026 17:12,6.9,1,0,-0.31,1.08,56.99
7/4/2026 17:12,7.34,1,0,-0.23,1.01,56.91
7/4/2026 17:12,7.8,1,0,-0.15,0.91,56.16
7/4/2026 17:12,8.26,1,0,-0.07,0.81,68.32
7/4/2026 17:12,8.7,1,0,0,0.69,39.26
7/4/2026 17:12,9.14,1,0,0,0.58,47.41
7/4/2026 17:12,9.49,1,0,0,0.48,27.62
7/4/2026 17:12,10.02,1,0,0,0.33,53.48
7/4/2026 17:12,10.37,1,0,0,0.23,36.43
7/4/2026 17:12,10.79,1,0,0,0.09,45.31
7/4/2026 17:12,11.26,1,0,0,-0.06,35.88
7/4/2026 17:12,11.65,1,0,0,-0.19,25.19
7/4/2026 17:12,12.08,1,0,0,-0.35,43.15
7/4/2026 17:12,12.5,1,0,0,-0.52,43.77
7/4/2026 17:12,12.94,1,0,0.05,-0.67,32.15
7/4/2026 17:12,13.35,1,0,0.1,-0.83,43.87
7/4/2026 17:12,13.73,1,0,0.15,-0.98,39.78
7/4/2026 17:12,14.09,1,0,0.2,-1.11,40.07
7/4/2026 17:12,14.42,1,0,0.25,-1.21,27.18
7/4/2026 17:12,14.72,1,0,0.3,-1.28,41.33
7/4/2026 17:12,14.99,1,0,0.35,-1.3,42.96
7/4/2026 17:12,15.22,1,0,0.4,-1.27,45.68
7/4/2026 17:12,15.35,1,0,0.45,-1.19,34.41
7/4/2026 17:12,15.47,1,0,0.5,-1.01,33.4
7/4/2026 17:12,15.51,1,0,0.55,-0.83,24.19
7/4/2026 17:12,15.48,1,0,0.55,-0.63,37.49
7/4/2026 17:12,15.41,1,0,0.47,-0.41,100
7/4/2026 17:12,15.39,1,0,0.39,-0.19,32.68
7/4/2026 17:12,15.4,1,0.12,0.31,0.05,32.22
7/4/2026 17:12,15.43,1,0,0.23,0.34,26.51
7/4/2026 17:12,15.51,1,0,0.15,0.68,26.95
7/4/2026 17:12,15.64,1,0,0.07,1.05,44.79
7/4/2026 17:12,15.83,1,0,0,1.41,100
7/4/2026 17:12,16.11,1,0,0,1.81,50.65
7/4/2026 17:12,16.35,1,0,-0.05,2.09,32.46
7/4/2026 17:12,16.67,1,0,-0.1,2.3,40.48
7/4/2026 17:12,17.08,1,0,-0.15,2.43,27.27
7/4/2026 17:12,17.54,1,0,-0.2,2.42,35.16
7/4/2026 17:12,17.99,1,0,-0.25,2.26,36.87
7/4/2026 17:12,18.39,1,0,-0.17,2.06,100
7/4/2026 17:12,18.79,1,0,-0.09,1.83,28.63
7/4/2026 17:12,19.23,1,0,-0.01,1.55,26.97
7/4/2026 17:12,19.66,1,0,0,1.23,96.99
7/4/2026 17:12,20.03,1,0,0.05,0.9,86.53
7/4/2026 17:12,20.46,1,0,0.1,0.5,41.82
7/4/2026 17:12,20.86,1,0,0.15,0.1,27.01
7/4/2026 17:12,21.25,1,0,0.2,-0.32,93.03
7/4/2026 17:12,21.58,1,0,0.25,-0.71,50.19
7/4/2026 17:12,21.88,1,0.12,0.3,-1.1,56.78
7/4/2026 17:12,22.05,1,0.24,0.35,-1.38,25.98
7/4/2026 17:12,22.12,1,0,0.4,-1.59,100
7/4/2026 17:12,22.09,1,0,0.45,-1.74,26.22
7/4/2026 17:12,21.97,1,0,0.5,1.73,30.89
7/4/2026 17:12,21.76,1,0,0.55,-1.7,37.15
7/4/2026 17:12,21.43,1,0,0.55,-1.51,24.17
7/4/2026 17:12,21.05,1,0,0.55,-1.22,22.81
7/4/2026 17:12,20.6,1,0,0.55,-0.83,19.95
7/4/2026 17:12,20.07,1,0,0.55,-0.32,14.25
7/4/2026 17:12,19.53,1,0,0.47,0.24,13.78
7/4/2026 17:12,18.95,1,0,0.42,0.89,13.05
7/4/2026 17:12,18.31,1,0,0.37,1.66,17.32
7/4/2026 17:12,17.71,1,0,0.32,2.4,20.79
7/4/2026 17:12,17.02,1,0,0.27,-2.08,42.87
7/4/2026 17:12,16.31,1,0,0.22,-1.05,42.78
7/4/2026 17:12,15.55,1,0,0.14,-0.15,30.23
7/4/2026 17:12,14.76,1,0,0.06,0.68,25.81
7/4/2026 17:12,13.95,1,0,0,1.28,17
7/4/2026 17:12,13.23,1,0,-0.05,1.63,15.84
7/4/2026 17:12,12.47,1,0,-0.1,1.79,18.44
7/4/2026 17:12,11.74,1,0,-0.15,1.75,10.68
7/4/2026 17:12,10.91,1,0,-0.2,1.55,15.19
7/4/2026 17:12,10.4,0,0,-0.25,1.29,9.03
7/4/2026 17:12,10.1,0,0,-0.3,1.03,8.55
7/4/2026 17:12,9.78,0,0,-0.35,0.58,8.26
7/4/2026 17:12,9.52,0,0,-0.4,0.1,8.13
7/4/2026 17:12,9.26,0,0,-0.45,-0.45,7.52
7/4/2026 17:12,8.97,0,0,-0.5,-0.96,6.98
7/4/2026 17:12,8.61,0,0,-0.55,-1.53,6.25
7/4/2026 17:12,8.3,0,0,-0.55,-1.43,5.48
7/4/2026 17:12,8.06,0,0,-0.55,-0.91,10.18
7/4/2026 17:12,7.81,0,0,-0.55,-0.38,9.8
7/4/2026 17:12,7.59,0,0,-0.55,0.05,9.49
7/4/2026 17:12,7.34,0,0,-0.55,0.5,9.31
7/4/2026 17:12,7.09,0,0,-0.55,0.93,8.95
7/4/2026 17:12,6.87,0,0,-0.55,1.3,8.95
7/4/2026 17:12,6.64,0,0,-0.55,1.66,8.92
7/4/2026 17:12,6.44,0,0,-0.55,1.97,8.96
7/4/2026 17:12,6.24,0,0,-0.55,2.23,9.12
7/4/2026 17:12,6.05,0,0,-0.55,2.48,9.75
7/4/2026 17:12,5.86,0,0,-0.55,2.7,10.31
7/4/2026 17:12,5.69,0.08,0,-0.55,2.87,10.78
7/4/2026 17:12,5.52,0.16,0,-0.55,3.03,4.51
7/4/2026 17:12,5.4,0.24,0,-0.55,3.15,4.13
7/4/2026 17:12,5.13,0.32,0,-0.55,3.27,3.77
7/4/2026 17:12,5.1,0.4,0,-0.55,3.35,5.05
7/4/2026 17:12,5.11,0.48,0,-0.55,3.41,17.07
7/4/2026 17:12,5.15,0.56,0,-0.55,3.44,22.27
7/4/2026 17:12,5.21,0.64,0,-0.55,3.46,6.98
7/4/2026 17:12,5.28,0.72,0,-0.55,3.46,6.63
7/4/2026 17:12,5.42,0.8,0,-0.55,3.44,20.97
7/4/2026 17:12,5.64,0.88,0,-0.47,3.39,19.74
7/4/2026 17:12,5.95,0.96,0,-0.39,3.32,58.68
7/4/2026 17:12,6.28,1,0,-0.31,3.24,100
7/4/2026 17:12,6.72,1,0,-0.23,3.14,68.6
7/4/2026 17:12,7.2,1,0,-0.15,3.02,34.47
7/4/2026 17:12,7.61,1,0,-0.07,2.9,44.58
7/4/2026 17:12,8.1,1,0,0,2.76,45.34
7/4/2026 17:12,8.52,1,0,0,2.63,33.44
7/4/2026 17:12,8.96,1,0,0,2.49,28.89
7/4/2026 17:12,9.41,1,0,0,2.34,33.78
7/4/2026 17:12,9.85,1,0,0,2.19,40.65
7/4/2026 17:12,10.25,1,0,0,2.04,25.18
7/4/2026 17:12,10.68,1,0,0,1.88,32.2
7/4/2026 17:12,11.11,1,0,0,1.71,40.79
7/4/2026 17:12,11.54,1,0,0,1.53,28.36
7/4/2026 17:12,11.97,1,0,0,1.35,43.43
7/4/2026 17:12,12.37,1,0,0,1.17,29.81
7/4/2026 17:12,12.75,1,0,0,0.99,26.9
7/4/2026 17:12,13.17,1,0,0,0.79,27.06
7/4/2026 17:12,13.49,1,0,0,0.64,25.4
7/4/2026 17:12,13.92,1,0,0,0.42,27.36
7/4/2026 17:12,14.32,1,0,0,0.21,24.88
7/4/2026 17:12,14.75,1,0,0,-0.02,29.17
7/4/2026 17:12,15.19,1,0,0.05,-0.27,27.82
7/4/2026 17:12,15.61,1,0,0.1,-0.51,23.37
7/4/2026 17:12,15.99,1,0.12,0.15,-0.73,32.23
7/4/2026 17:12,16.33,1,0.24,0.2,-0.93,31.01
7/4/2026 17:12,16.64,1,0,0.25,-1.11,46.01
7/4/2026 17:12,16.93,1,0,0.3,-1.25,25.56
7/4/2026 17:12,17.16,1,0,0.35,-1.33,74.81
7/4/2026 17:12,17.33,1,0,0.4,-1.33,40.27
7/4/2026 17:12,17.44,1,0,0.45,-1.25,27.16
7/4/2026 17:12,17.46,1,0,0.5,-1.08,25.97
7/4/2026 17:12,17.39,1,0,0.55,-0.82,25.27
7/4/2026 17:12,17.25,1,0,0.55,-0.44,24.54
7/4/2026 17:12,17.06,1,0,0.55,0,24.5
7/4/2026 17:12,16.82,1,0,0.55,0.57,19.9
7/4/2026 17:12,16.53,1,0,0.47,-0.74,29.36
7/4/2026 17:12,16.17,1,0,0.39,-0.56,68.97
7/4/2026 17:12,15.95,1,0,0.34,-0.44,43.24
7/4/2026 17:12,15.66,1,0,0.29,-0.24,38.87
7/4/2026 17:12,15.37,1,0,0.24,-0.05,39.32
7/4/2026 17:12,15.05,1,0,0.19,0.22,36.91
7/4/2026 17:12,14.76,1,0,0.14,0.48,35.79
7/4/2026 17:12,14.5,1,0,0.09,0.73,8.22
7/4/2026 17:12,14.23,1,0,0.04,1.04,7.54
7/4/2026 17:12,14.01,1,0,-0.01,1.33,16.49
7/4/2026 17:12,13.8,1,0,-0.06,1.66,13.15
7/4/2026 17:12,13.62,1,0,-0.11,2.03,11.46
7/4/2026 17:12,13.47,1,0,-0.16,2.44,10.07
7/4/2026 17:12,13.37,0,0.12,-0.21,2.92,9.27
7/4/2026 17:12,13.21,0,0.24,-0.26,3.47,8.27
7/4/2026 17:12,13.16,0,0.36,-0.31,4.14,7.63
7/4/2026 17:12,12.95,0,0.48,-0.36,4.81,6.82
7/4/2026 17:12,12.6,0,0.6,-0.41,5.5,6.08
7/4/2026 17:12,9.12,0,0.72,-0.46,5.92,5.6
7/4/2026 17:12,6.92,0,0.84,-0.51,6.4,5
7/4/2026 17:12,5.5,0,0.96,-0.55,6.88,4.5
7/4/2026 17:12,4.29,0,1,-0.55,7.2,4.21
7/4/2026 17:12,3.08,0,1,-0.55,7.47,3.99
7/4/2026 17:12,2.15,0,1,-0.55,7.65,3.95
7/4/2026 17:12,1.12,0,1,-0.55,7.76,4.01
7/4/2026 17:12,0.01,0,1,-0.55,7.78,4.08
7/4/2026 17:12,0,0,1,-0.55,7.78,3.92
7/4/2026 17:12,0,0.08,1,-0.55,7.78,4.04
7/4/2026 17:12,0,0.16,0,-0.55,7.78,4.02
7/4/2026 17:12,0,0.24,0,-0.55,7.78,4.07
7/4/2026 17:12,0,0.32,0,-0.55,7.78,3.99
7/4/2026 17:12,0.04,0.4,0,-0.55,7.78,3.91
7/4/2026 17:12,0.04,0.48,0,-0.55,7.78,4.01
7/4/2026 17:12,0.12,0.56,0,-0.55,7.79,4.04
7/4/2026 17:12,0.19,0.64,0,-0.55,7.8,4.06
7/4/2026 17:12,0.29,0.72,0,-0.55,7.81,3.92
7/4/2026 17:12,0.33,0.8,0,-0.55,7.82,3.98
7/4/2026 17:12,0.39,0.88,0,-0.55,7.85,3.91
7/4/2026 17:12,0.5,0.96,0,-0.55,7.88,4.03
7/4/2026 17:12,0.62,1,0,-0.55,7.91,3.93
7/4/2026 17:12,0.76,1,0,-0.55,7.95,3.91
7/4/2026 17:12,0.9,1,0,-0.55,8,4.04
7/4/2026 17:12,1.01,1,0,-0.55,8.04,3.98
7/4/2026 17:12,1.16,1,0,-0.55,8.1,3.91
7/4/2026 17:12,1.34,1,0,-0.55,8.17,4.08
7/4/2026 17:12,1.52,1,0,-0.55,8.24,4.09
7/4/2026 17:12,1.79,1,0,-0.55,8.33,4.07
7/4/2026 17:12,2.05,1,0,-0.55,8.43,4.18
7/4/2026 17:12,2.39,1,0,-0.55,8.53,4.17
7/4/2026 17:12,2.83,1,0,-0.55,8.63,4.23
7/4/2026 17:12,3.5,1,0,-0.55,8.79,4.43
7/4/2026 17:12,3.94,1,0,-0.55,8.91,4.57
7/4/2026 17:12,4.38,1,0,-0.55,9.04,4.75
7/4/2026 17:12,4.8,1,0,-0.55,9.17,4.81
7/4/2026 17:12,5.23,1,0,-0.55,9.29,5.27
7/4/2026 17:12,5.66,1,0,-0.55,9.41,30.19
7/4/2026 17:12,6.04,1,0,-0.55,9.51,7.01
7/4/2026 17:12,6.49,1,0,-0.55,9.61,25.26
7/4/2026 17:12,6.93,1,0,-0.55,9.67,23.98
7/4/2026 17:12,7.29,1,0,-0.55,9.7,10.9
7/4/2026 17:12,7.66,1,0,-0.55,9.7,46.77
7/4/2026 17:12,8.01,1,0,-0.55,9.67,46.05
7/4/2026 17:12,8.34,1,0,-0.55,9.6,23.11
7/4/2026 17:12,8.69,1,0,-0.55,9.47,22.48
7/4/2026 17:12,9.08,1,0,-0.55,9.27,31.38
7/4/2026 17:12,1.84,1,0,-0.55,9.38,45.65
7/4/2026 17:12,1.67,0,0,-0.55,9.39,45.74
7/4/2026 17:12,0.13,0,0,-0.47,9.4,45.89
7/4/2026 17:12,0.05,0.08,0,-0.39,9.4,45.5
7/4/2026 17:12,0.2,0.16,0,-0.31,9.41,41.73
7/4/2026 17:12,0.23,0.24,0,-0.23,9.41,46.1
7/4/2026 17:12,0.29,0.32,0,-0.15,9.42,45.99
7/4/2026 17:12,0.3,0.4,0,-0.07,9.43,45.85
7/4/2026 17:12,0.34,0.48,0,-0.02,9.44,29.45
7/4/2026 17:12,0.53,0.56,0,0.03,9.45,45.69
7/4/2026 17:12,0.63,0.64,0,0.08,9.46,31.18
7/4/2026 17:12,0.86,0.72,0,0.13,9.48,33
7/4/2026 17:12,1.23,0.8,0,0.18,9.5,46.74
7/4/2026 17:12,1.57,0.88,0,0.23,9.52,25.64
7/4/2026 17:12,1.91,0.96,0,0.28,9.55,46.07
7/4/2026 17:12,2.27,1,0,0.33,9.59,31.74
7/4/2026 17:12,2.61,1,0,0.38,9.62,25.72
7/4/2026 17:12,2.96,1,0,0.43,9.66,31.66
7/4/2026 17:12,3.32,1,0,0.48,9.71,5.94
7/4/2026 17:12,3.63,1,0,0.43,9.76,6.1
7/4/2026 17:12,4.02,0,0,0.38,9.83,6.36
7/4/2026 17:12,4.32,0,0,0.33,9.91,45.15
7/4/2026 17:12,4.38,0.08,0,0.28,10.02,29.36
7/4/2026 17:12,2.9,0.16,0,0.23,10.11,43.91
7/4/2026 17:12,1.2,0.24,0,0.18,10.16,28.6
7/4/2026 17:12,0.48,0.32,0,0.13,10.18,45.3
7/4/2026 17:12,0.13,0.4,0,0.08,10.19,33.53
7/4/2026 17:12,0.1,0.48,0,0.03,10.19,45.49
7/4/2026 17:12,0.31,0.56,0,-0.02,10.18,28.65
7/4/2026 17:12,0.53,0.64,0,-0.07,10.17,27.8
7/4/2026 17:12,0.74,0.72,0,-0.12,10.14,30.41
7/4/2026 17:12,1.09,0.8,0,-0.17,10.09,32.78
7/4/2026 17:12,1.32,0.88,0,-0.22,10.05,45.43
7/4/2026 17:12,1.79,0.96,0,-0.27,9.97,31.36
7/4/2026 17:12,2.23,1,0,-0.32,9.86,30.2
7/4/2026 17:12,2.7,1,0,-0.37,9.73,31.92
7/4/2026 17:12,3.11,1,0,-0.42,9.59,32.59
7/4/2026 17:12,3.5,1,0,-0.47,9.43,32.24
7/4/2026 17:12,3.97,1,0,-0.52,9.2,33.44
7/4/2026 17:12,4.42,1,0,-0.55,8.95,28.31
7/4/2026 17:12,4.81,1,0,-0.55,8.7,30.66
7/4/2026 17:12,5.23,1,0,-0.55,8.4,34.82
7/4/2026 17:12,5.62,1,0,-0.5,8.08,36.27
7/4/2026 17:12,6.16,1,0,-0.45,7.63,23.56
7/4/2026 17:12,6.48,1,0,-0.4,7.35,40.23
7/4/2026 17:12,6.97,1,0,-0.35,6.86,30.09
7/4/2026 17:12,7.38,1,0,-0.3,6.43,35.54
7/4/2026 17:12,7.66,1,0,-0.25,5.8,19.2
7/4/2026 17:12,7.95,1,0,-0.2,5.31,18.49
7/4/2026 17:12,8.62,1,0,-0.15,4.74,14.72
7/4/2026 17:12,9.25,1,0,-0.1,4.08,10.37
7/4/2026 17:12,9.69,1,0,-0.05,3.53,12.62
7/4/2026 17:12,9.9,1,0,0,2.87,10.4
7/4/2026 17:12,9.95,1,0,0.05,2.26,15.27
7/4/2026 17:12,10.64,1,0,0.1,1.57,14.64
7/4/2026 17:12,11.19,1,0,0.15,0.86,13.95
7/4/2026 17:12,11.66,1,0,0.2,0.13,13.23
7/4/2026 17:12,12.01,0,0,0.25,-0.49,12.6
7/4/2026 17:12,12.35,0,0,0.3,-1.24,11.74
7/4/2026 17:12,12.48,0,0,0.35,-1.48,11.38
7/4/2026 17:12,12.33,0,0,0.4,-0.67,10.64
7/4/2026 17:12,12.01,0,0,0.45,0.09,10.18
7/4/2026 17:12,11.6,0,0,0.5,0.79,29.9
7/4/2026 17:12,11.13,0,0,0.55,1.42,18.22
7/4/2026 17:12,10.52,0,0,0.55,2.11,10.89
7/4/2026 17:12,10.01,0,0,0.55,2.61,10.16
7/4/2026 17:12,9.56,0,0,0.55,3.01,52.2
7/4/2026 17:12,9.05,0.08,0,0.55,3.38,47.83
7/4/2026 17:12,8.7,0.16,0,0.47,3.63,44.88
7/4/2026 17:12,8.46,0.24,0,0.39,3.82,17.31
7/4/2026 17:12,8.29,0.32,0,0.31,3.97,17.46
7/4/2026 17:12,8.2,0,0,0.26,4.03,15.67
7/4/2026 17:12,8.1,0,0,0.21,4.04,17.51
7/4/2026 17:12,7.96,0,0,0.16,4,30.07
7/4/2026 17:12,7.82,0,0,0.11,3.92,13.7
7/4/2026 17:12,7.63,0,0,0.06,3.79,26.13
7/4/2026 17:12,7.44,0,0,0.01,3.63,15.03
7/4/2026 17:12,7.25,0,0,-0.04,3.45,26.31
7/4/2026 17:12,7.04,0,0,-0.09,3.25,26.86
7/4/2026 17:12,6.84,0,0,-0.14,3.05,26.56
7/4/2026 17:12,6.64,0.08,0,-0.19,2.84,24.32
7/4/2026 17:12,6.46,0.16,0,-0.24,2.65,25.03
7/4/2026 17:12,6.29,0.24,0,-0.29,2.45,10.01
7/4/2026 17:12,6.16,0.32,0,-0.34,2.26,25.07
7/4/2026 17:12,6.07,0.4,0,-0.39,2.09,24.38
7/4/2026 17:12,6.02,0.48,0,-0.44,1.94,23.98
7/4/2026 17:12,6.02,0.56,0,-0.49,1.76,32.88
7/4/2026 17:12,6.05,0.64,0,-0.54,1.63,9.95
7/4/2026 17:12,6.12,0.72,0,-0.55,1.51,35.5
7/4/2026 17:12,6.26,0.8,0,-0.55,1.41,25.13
7/4/2026 17:12,6.47,0.88,0,-0.55,1.31,36.17
7/4/2026 17:12,6.72,0.96,0,-0.55,1.23,13.51
7/4/2026 17:12,7.01,1,0,-0.55,1.16,10.12
7/4/2026 17:12,7.33,1,0,-0.55,1.11,14.36
7/4/2026 17:12,7.69,1,0,-0.55,1.08,28.38
7/4/2026 17:12,8.03,1,0,-0.55,1.06,15.48
7/4/2026 17:12,8.4,1,0,-0.55,1.06,20.55
7/4/2026 17:12,8.76,1,0,-0.55,1.08,18.93
7/4/2026 17:12,9.11,0,0,-0.47,1.12,94.95
7/4/2026 17:12,9.47,0,0,-0.39,1.19,52.14
7/4/2026 17:12,9.67,0,0,-0.31,1.28,89.73
7/4/2026 17:12,9.67,0,0,-0.23,1.36,41.6
7/4/2026 17:12,9.56,0,0,-0.15,1.47,25.35
7/4/2026 17:12,9.38,0,0,-0.07,1.6,14.53
7/4/2026 17:12,9.19,0,0,0,1.74,10.42
7/4/2026 17:12,8.98,0,0,0,1.87,9.84
7/4/2026 17:12,8.73,0,0,0,2.01,9.31
7/4/2026 17:12,8.5,0,0,0,2.14,8.67
7/4/2026 17:12,8.27,0,0,0,2.27,8.09
7/4/2026 17:12,8.04,0,0,0,2.41,7.61
7/4/2026 17:12,7.82,0,0,0,2.53,7.18
7/4/2026 17:12,7.61,0,0,0,2.64,6.71
7/4/2026 17:12,7.41,0,0,0,2.76,6.06
7/4/2026 17:12,7.2,0,0,0,2.88,8.92
7/4/2026 17:12,7.01,0,0,0,2.98,5.26
7/4/2026 17:12,6.83,0,0,0,3.09,8.07
7/4/2026 17:12,6.63,0,0,0,3.2,7.61
7/4/2026 17:12,6.46,0,0,0,3.3,3.79
7/4/2026 17:12,6.27,0,0,0,3.4,3.34
7/4/2026 17:12,6.1,0,0,0,3.5,2.95
7/4/2026 17:12,5.78,0,0,0,3.61,5.97
7/4/2026 17:12,5.65,0,0,0,3.69,5.49
7/4/2026 17:12,5.46,0,0,0,3.78,5.2
7/4/2026 17:12,5.33,0,0,0,3.86,4.94
7/4/2026 17:12,5.13,0,0,0,3.95,4.54
7/4/2026 17:12,4.99,0,0,0,4.03,4.21
7/4/2026 17:12,1.03,0,0,0,4.03,4.07
7/4/2026 17:12,0.58,0,0,0,4.02,4.23
7/4/2026 17:12,0.36,0,0,0,4.01,4.13
7/4/2026 17:15,0.54,0,0,0,0.19,62.99
7/4/2026 17:15,1.27,0,0,0,0.19,85.34
7/4/2026 17:15,2.06,0,0,0,0.19,85.26
7/4/2026 17:15,2.71,0,0,0,0.19,42.2
7/4/2026 17:15,2.69,0,0,0,0.19,62.59
7/4/2026 17:15,1,0,0,0,0.19,58.81
7/4/2026 17:15,0.04,0,0,0,0.19,30.53
7/4/2026 17:15,0.21,0,0,0,0.19,22.66
7/4/2026 17:15,0.25,0,0,0,0.19,48.1
7/4/2026 17:15,0.2,0,0,0,0.19,25.61
7/4/2026 17:15,0.15,0,0,0,0.19,58.88
7/4/2026 17:15,0.1,0,0,0,0.19,85.52
7/4/2026 17:15,0.07,0,0,0,0.19,100
7/4/2026 17:15,0.05,0,0,0,0.19,54.99
7/4/2026 17:15,0.03,0,0,0,0.19,30.01
7/4/2026 17:15,0.02,0,0,0,0.19,24.76
7/4/2026 17:15,0.01,0,0,0,0.19,40.12
7/4/2026 17:15,0.01,0,0,0,0.19,27.19
7/4/2026 17:15,0.01,0,0,0,0.19,47.88
7/4/2026 17:15,0,0,0,0,0.19,85.32
7/4/2026 17:15,0,0,0,0,0.19,26.07
7/4/2026 17:15,0,0.03,0,0,0.19,32.32
7/4/2026 17:15,0,0.06,0,0,0.19,47.31
7/4/2026 17:15,0,0.09,0,0,0.19,34.72
7/4/2026 17:15,0,0.12,0,0,0.19,27.47
7/4/2026 17:15,0,0.15,0,0,0.19,85.08
7/4/2026 17:15,0,0.18,0,0,0.19,47.05
7/4/2026 17:15,0,0.21,0,0,0.19,47.08
7/4/2026 17:15,0,0.24,0,0,0.19,85.14
7/4/2026 17:15,0,0.27,0,0,0.19,85.08
7/4/2026 17:15,0,0.3,0,0,0.19,49.87
7/4/2026 17:15,0,0.33,0,0,0.19,85.31
7/4/2026 17:15,0,0.36,0,0,0.19,29.5
7/4/2026 17:15,0,0.39,0,0,0.19,85.08
7/4/2026 17:15,0,0.42,0,0,0.19,54.06
7/4/2026 17:15,0,0.45,0,0,0.19,57.25
7/4/2026 17:15,0,0.48,0,0,0.19,40.28
7/4/2026 17:15,0,0.51,0,0,0.19,58.74
7/4/2026 17:15,0,0.54,0,0,0.19,86.18
7/4/2026 17:15,0,0.57,0,0,0.19,30.49
7/4/2026 17:15,0,0.6,0,0,0.19,35.37
7/4/2026 17:15,1.25,0.63,0,0,0.19,62.13
7/4/2026 17:15,1.99,0.66,0,0,0.19,25.76
7/4/2026 17:15,2.53,0.69,0,0,0.19,84.98
7/4/2026 17:15,2.88,0.72,0,0,0.19,43.55
7/4/2026 17:15,3.19,0.75,0,0,0.19,30.07
7/4/2026 17:15,3.49,0.78,0,0,0.19,84.32
7/4/2026 17:15,3.84,0.81,0,0,0.19,47.01
7/4/2026 17:15,4.17,0.84,0,0,0.19,48.94
7/4/2026 17:15,4.5,0.87,0,0,0.19,48.13
7/4/2026 17:15,4.84,0.9,0,0,0.19,82.96
7/4/2026 17:15,5.27,0.93,0,0,0.19,44.67
7/4/2026 17:15,5.6,0.96,0,0,0.19,82.32
7/4/2026 17:15,5.97,0.99,0,0,0.19,29.63
7/4/2026 17:15,6.38,1,0,0,0.19,43.04
7/4/2026 17:15,6.85,1,0,0,0.19,43.39
7/4/2026 17:15,7.23,1,0,0,0.19,42.62
7/4/2026 17:15,7.64,1,0,0,0.19,53.7
7/4/2026 17:15,8.08,1,0,0,0.19,42.28
7/4/2026 17:15,8.6,1,0,0,0.19,31.01
7/4/2026 17:15,8.97,1,0,0,0.19,78.5
7/4/2026 17:15,9.41,1,0,0,0.19,64.96
7/4/2026 17:15,9.82,1,0,0,0.19,78.31
7/4/2026 17:15,10.2,1,0,0,0.19,38.42
7/4/2026 17:15,10.6,1,0,0,0.19,70.09
7/4/2026 17:15,11.04,1,0,0,0.19,75.37
7/4/2026 17:15,11.47,1,0,0,0.19,28.22
7/4/2026 17:15,11.81,1,0,0,0.19,54.56
7/4/2026 17:15,12.23,1,0,0,0.19,63.45
7/4/2026 17:15,12.62,1,0,0,0.19,72.65
7/4/2026 17:15,13.07,1,0,0,0.19,37.04
7/4/2026 17:15,13.51,1,0,0,0.19,45.73
7/4/2026 17:15,13.93,1,0,0,0.19,34.73
7/4/2026 17:15,14.36,1,0,0,0.19,56.02
7/4/2026 17:15,14.77,1,0,0,0.19,26.3
7/4/2026 17:15,15.18,1,0,0,0.2,31.15
7/4/2026 17:15,15.6,1,0,0,0.26,28.76
7/4/2026 17:15,15.98,1,0,0,0.13,64.84
7/4/2026 17:15,16.39,1,0,0.02,0.22,37.72
7/4/2026 17:15,16.81,1,0,0.04,-0.18,62.95
7/4/2026 17:15,17.19,1,0,0.06,-0.26,61.92
7/4/2026 17:15,17.59,1,0,0.08,-0.48,61.62
7/4/2026 17:15,17.97,1,0,0.1,-0.66,26.03
7/4/2026 17:15,18.38,1,0,0.12,-0.9,58.18
7/4/2026 17:15,18.73,1,0,0.14,-1.14,53.78
7/4/2026 17:15,19,1,0,0.16,-1.33,34.08
7/4/2026 17:15,19.34,1,0,0.18,-1.61,32.59
7/4/2026 17:15,19.62,1,0,0.2,1.66,31.34
7/4/2026 17:15,19.86,1,0,0.22,1.45,24.64
7/4/2026 17:15,20.08,1,0,0.24,1.23,35.97
7/4/2026 17:15,20.24,1,0,0.26,1.07,34.01
7/4/2026 17:15,20.41,1,0,0.28,0.87,38.51
7/4/2026 17:15,20.51,1,0,0.3,0.75,30.12
7/4/2026 17:15,20.57,1,0,0.26,0.65,41.29
7/4/2026 17:15,20.62,1,0,0.28,0.6,43.01
7/4/2026 17:15,20.63,1,0,0.24,0.59,43.56
7/4/2026 17:15,20.63,1,0,0.2,0.64,44.88
7/4/2026 17:15,20.64,1,0,0.16,0.74,49.48
7/4/2026 17:15,20.65,1,0,0.12,0.86,26.91
7/4/2026 17:15,20.67,1,0,0.08,1.06,37.87
7/4/2026 17:15,20.71,1,0,0.06,1.33,29.1
7/4/2026 17:15,20.75,1,0,0.04,1.66,34.49
7/4/2026 17:15,20.82,1,0,0.02,-1.47,37.54
7/4/2026 17:15,20.91,1,0,0,-1.04,29.08
7/4/2026 17:15,21.06,1,0,-0.02,-0.52,46.85
7/4/2026 17:15,21.25,1,0,-0.04,0.23,34.9
7/4/2026 17:15,21.52,1,0,-0.06,0.64,58.88
7/4/2026 17:15,21.82,1,0,-0.08,1.19,25.36
7/4/2026 17:15,22.25,1,0,-0.1,1.89,24.79
7/4/2026 17:15,22.73,1,0,-0.12,2.59,39.84
7/4/2026 17:15,23.11,1,0,-0.14,3.23,72.5
7/4/2026 17:15,23.57,1,0,-0.16,3.84,75.54
7/4/2026 17:15,23.88,1,0,-0.18,4.34,13.48
7/4/2026 17:15,24.18,1,0,-0.22,4.77,71.5
7/4/2026 17:15,24.45,1,0,-0.26,5.04,10.08
7/4/2026 17:15,24.61,1,0,-0.3,5.17,79.62
7/4/2026 17:15,24.65,1,0,-0.34,5.16,38.74
7/4/2026 17:15,24.64,1,0,-0.38,4.96,20.9
7/4/2026 17:15,24.57,1,0,-0.42,4.63,22.74
7/4/2026 17:15,24.4,1,0,-0.46,4.21,19.58
7/4/2026 17:15,24.13,1,0,-0.5,3.72,32.68
7/4/2026 17:15,23.52,1,0,-0.48,3.21,18.63
7/4/2026 17:15,22.6,1,0,-0.46,2.48,16.12
7/4/2026 17:15,20.88,1,0,-0.44,1.83,23.61
7/4/2026 17:15,20.86,1,0,-0.42,0.93,24.06
7/4/2026 17:15,21.02,1,0,-0.4,0.06,20.1
7/4/2026 17:15,21.24,1,0,-0.38,-0.98,29.57
7/4/2026 17:15,21.48,1,0,-0.36,1.49,17.73
7/4/2026 17:15,21.7,1,0,-0.34,0.33,16.74
7/4/2026 17:15,21.89,1,0,-0.38,-0.93,13.85
7/4/2026 17:15,21.96,1,0,-0.42,-1.15,12.33
7/4/2026 17:15,21.92,1,0,-0.4,0.02,11.14
7/4/2026 17:15,21.81,1,0,-0.38,1.38,9.53
7/4/2026 17:15,21.64,1,0,-0.36,-0.8,8.2
7/4/2026 17:15,21.45,1,0,-0.34,0.38,6.94
7/4/2026 17:15,21.22,1,0,-0.32,1.56,5.84
7/4/2026 17:15,20.89,1,0,-0.3,2.78,4.86
7/4/2026 17:15,20.63,1,0,-0.28,4.03,3.79
7/4/2026 17:15,20.26,1,0,-0.26,5.51,2.52
7/4/2026 17:15,19.9,1,0,-0.24,6.67,1.17
7/4/2026 17:15,5.35,1,0,-0.22,6.91,1.28
7/4/2026 17:15,5.15,1,0,-0.26,6.64,2.23
7/4/2026 17:15,4.94,1,0,-0.3,6.36,100
7/4/2026 17:15,4.65,1,0,-0.34,6.1,4.91
7/4/2026 17:15,4.39,0,0,-0.38,5.89,6.05
7/4/2026 17:15,2.18,0,0,-0.42,5.73,7.97
7/4/2026 17:15,0.74,0,0,-0.46,5.69,6.68
7/4/2026 17:15,2.5,0,0,-0.5,5.7,7.07
7/4/2026 17:15,3.76,0,0,-0.54,5.72,8.35
7/4/2026 17:15,4.18,0,0,-0.58,5.74,9.49
7/4/2026 17:15,4.33,0,0,-0.62,5.73,19.45
7/4/2026 17:15,4.32,0.68,0,-0.66,5.71,11.88
7/4/2026 17:15,4.26,0.71,0,-0.7,5.67,78.28
7/4/2026 17:15,1.09,0.74,0,-0.74,5.7,32.1
7/4/2026 17:15,0.3,0.77,0,-0.78,5.74,28.02
7/4/2026 17:15,0.42,0.8,0,-0.82,5.74,27.67
7/4/2026 17:15,0.87,0.83,0,-0.86,5.72,31.98
7/4/2026 17:15,0.03,0.86,0,-0.9,5.73,32.37
7/4/2026 17:15,0.03,0,0,-0.94,5.73,27.9
7/4/2026 17:15,0.03,0,0,-0.98,5.73,30.52
7/4/2026 17:15,0.02,0,0,-1.02,5.73,36.8
7/4/2026 17:15,0.02,0,0,-1.06,5.73,32.22
7/4/2026 17:15,0.02,0,0,-1.1,5.73,31.35
7/4/2026 17:15,0.01,0,0,-1.14,5.73,31.97
7/4/2026 17:15,0.02,0,0,-1.18,5.73,32.42
7/4/2026 17:15,0.02,0.03,0,-1.22,5.73,32.24
7/4/2026 17:15,0.01,0.06,0,-1.26,5.73,29.87
7/4/2026 17:15,0.01,0.09,0,-1.3,5.73,33.86
7/4/2026 17:15,0.01,0.12,0,-0.55,5.73,27.96
7/4/2026 17:15,0.01,0.15,0,-0.55,5.73,32.12
7/4/2026 17:15,0.02,0.18,0,-0.55,5.73,32.48
7/4/2026 17:15,0.04,0.21,0,-0.55,5.73,32.16
7/4/2026 17:15,0.06,0.24,0,-0.55,5.73,32.76
7/4/2026 17:15,0.07,0.27,0,-0.55,5.74,25.07
7/4/2026 17:15,0.15,0.3,0,-0.55,5.74,34.37
7/4/2026 17:15,0.17,0.33,0,-0.55,5.74,33.2
7/4/2026 17:15,0.31,0.36,0,-0.55,5.74,32.17
7/4/2026 17:15,0.36,0.39,0,-0.55,5.75,32
7/4/2026 17:15,0.42,0.42,0,-0.55,5.75,24.31
7/4/2026 17:15,0.5,0.45,0,-0.55,5.76,32.07
7/4/2026 17:15,0.67,0.48,0,-0.55,5.77,32.28
7/4/2026 17:15,0.83,0.51,0,-0.55,5.78,11.88
7/4/2026 17:15,0.98,0.54,0,-0.55,5.79,19.18
7/4/2026 17:15,1.13,0.57,0,-0.55,5.8,20.06
7/4/2026 17:15,1.24,0.6,0,-0.55,5.81,16.05
7/4/2026 17:15,1.42,0.63,0,-0.55,5.83,12
7/4/2026 17:15,1.63,0.66,0,-0.55,5.84,12.08
7/4/2026 17:15,1.85,0.69,0,-0.55,5.86,12.71
7/4/2026 17:15,2.04,0.72,0,-0.55,5.87,14.34
7/4/2026 17:15,2.24,0.75,0,-0.55,5.88,10.81
7/4/2026 17:15,2.41,0.78,0,-0.55,5.89,11.2
7/4/2026 17:15,2.64,0.81,0,-0.53,5.89,8.84
7/4/2026 17:15,2.86,0.84,0,-0.51,5.89,8.2
7/4/2026 17:15,3.1,0.87,0,-0.49,5.88,6.43
7/4/2026 17:15,3.34,0.9,0,-0.47,5.86,7.33
7/4/2026 17:15,3.62,0.93,0,-0.45,5.82,6.81
7/4/2026 17:15,3.84,0.96,0,-0.43,5.79,5.21
7/4/2026 17:15,4.17,0.99,0,-0.41,5.72,5.41
7/4/2026 17:15,4.45,1,0,-0.39,5.65,4.98
7/4/2026 17:15,4.5,1,0,-0.37,5.56,4.5
7/4/2026 17:15,4.53,1,0,-0.35,5.47,4.5
7/4/2026 17:15,5.04,1,0,-0.33,5.35,4.55
7/4/2026 17:15,5.5,1,0,-0.31,5.2,4.23
7/4/2026 17:15,5.91,1,0,-0.29,5.02,4.09
7/4/2026 17:15,6.3,1,0,-0.27,4.8,4.6
7/4/2026 17:15,6.6,1,0,-0.25,4.55,4.23
7/4/2026 17:15,6.66,1,0,-0.23,4.33,4.48
7/4/2026 17:15,7.06,1,0,-0.21,4.09,4.53
7/4/2026 17:15,7.5,1,0,-0.19,3.74,5.02
7/4/2026 17:15,7.84,1,0,-0.17,3.41,5.13
7/4/2026 17:15,7.9,1,0,-0.15,3.06,5.41
7/4/2026 17:15,7.92,1,0,-0.13,2.68,5.5
7/4/2026 17:15,8.23,1,0,-0.11,2.28,5.97
7/4/2026 17:15,8.36,1,0,-0.09,1.88,6.37
7/4/2026 17:15,8.79,1,0,-0.07,1.48,6.94
7/4/2026 17:15,9.31,1,0,-0.05,0.89,5.8
7/4/2026 17:15,9.66,1,0,-0.03,0.41,6.3
7/4/2026 17:15,10.06,1,0,-0.01,-0.24,6.98
7/4/2026 17:15,10.34,0,0,0.01,-0.83,7.62
7/4/2026 17:15,10.59,0,0,0.03,-1.37,8.31
7/4/2026 17:15,10.58,0,0,0.05,1.51,9.03
7/4/2026 17:15,10.24,0,0,0.07,0.89,11.44
7/4/2026 17:15,9.7,0,0,0.09,0.31,10.26
7/4/2026 17:15,9.14,0,0,0.11,-0.17,12.32
7/4/2026 17:15,8.44,0,0,0.13,-0.68,12.96
7/4/2026 17:15,7.76,0,0,0.15,-1.11,11.8
7/4/2026 17:15,7.13,0,0,0.17,-1.48,14.25
7/4/2026 17:15,6.45,0,0,0.19,-1.66,15.01
7/4/2026 17:15,5.5,0,0,0.21,-1.2,16.81
7/4/2026 17:15,4.9,0,0,0.23,-0.92,15.94
7/4/2026 17:15,4.37,0,0,0.25,-0.68,16.99
7/4/2026 17:15,3.85,0,0,0.27,-0.44,17.49
7/4/2026 17:15,3.42,0,0,0.29,-0.24,18.13
7/4/2026 17:15,3.06,0,0,0.31,-0.06,20.57
7/4/2026 17:15,2.87,0,0,0.33,0.04,18.44
7/4/2026 17:15,2.45,0,0,0.35,0.25,18.76
7/4/2026 17:15,2.21,0.03,0,0.31,0.37,19.79
7/4/2026 17:15,0.98,0.06,0,0.27,0.47,19.51
7/4/2026 17:15,0.52,0.09,0,0.23,0.51,19.89
7/4/2026 17:15,0.29,0.12,0,0.19,0.53,20.82
7/4/2026 17:15,0.15,0.15,0,0.17,0.54,20.08
7/4/2026 17:15,0.07,0.18,0,0.15,0.54,20.6
7/4/2026 17:15,0.04,0.21,0,0.13,0.54,20.3
7/4/2026 17:15,0.03,0.24,0,0.11,0.54,20.4
7/4/2026 17:15,0.08,0.27,0,0.09,0.54,19.63
7/4/2026 17:15,0.17,0.3,0,0.07,0.53,19.62
7/4/2026 17:15,0.3,0.33,0,0.05,0.52,20.04
7/4/2026 17:15,0.42,0.36,0,0.03,0.5,100
7/4/2026 17:15,0.54,0.39,0,0.01,0.48,21.81
7/4/2026 17:15,0.67,0.42,0,-0.01,0.46,19.96
7/4/2026 17:15,0.82,0.45,0,-0.03,0.43,21.17
7/4/2026 17:15,0.98,0.48,0,-0.05,0.39,19.35
7/4/2026 17:15,1.14,0.51,0,-0.07,0.34,20.41
7/4/2026 17:15,1.33,0.54,0,-0.09,0.29,21.47
7/4/2026 17:15,1.53,0.57,0,-0.11,0.23,20.76
7/4/2026 17:15,1.75,0.6,0,-0.13,0.15,20.19
7/4/2026 17:15,1.98,0.63,0,-0.15,0.07,19.63
7/4/2026 17:15,2.21,0.66,0,-0.17,-0.02,20.72
7/4/2026 17:15,2.41,0.69,0,-0.19,-0.1,19.87
7/4/2026 17:15,2.66,0.72,0,-0.21,-0.2,20.16
7/4/2026 17:15,2.95,0.75,0,-0.23,-0.32,20.3
7/4/2026 17:15,3.2,0.78,0,-0.25,-0.43,20.99
7/4/2026 17:15,3.5,0.81,0,-0.27,-0.55,21.57
7/4/2026 17:15,3.78,0.84,0,-0.29,-0.67,15.08
7/4/2026 17:15,4.08,0.87,0,-0.31,-0.8,21.79
7/4/2026 17:15,4.37,0.9,0,-0.33,-0.92,21.59
7/4/2026 17:15,4.65,0.93,0,-0.35,-1.03,22.85
7/4/2026 17:15,4.99,0.96,0,-0.37,-1.17,24.85
7/4/2026 17:15,5.37,0.99,0,-0.39,-1.31,24.52
7/4/2026 17:15,5.76,1,0,-0.41,-1.44,29.82
7/4/2026 17:15,6.11,1,0,-0.43,-1.54,29.74
7/4/2026 17:15,6.49,1,0,-0.45,-1.65,27.98
7/4/2026 17:15,6.86,1,0,-0.49,-1.73,27.85
7/4/2026 17:15,7.24,1,0,-0.53,-1.71,43.14
7/4/2026 17:15,7.58,1,0,-0.57,-1.68,89.82
7/4/2026 17:15,7.92,1,0,-0.61,-1.69,24.96
7/4/2026 17:15,8.24,1,0,-0.65,-1.74,39.13
7/4/2026 17:15,8.54,1,0,-0.69,-1.62,58.41
7/4/2026 17:15,8.74,1,0,-0.73,-1.49,57.71
7/4/2026 17:15,8.96,1,0,-0.77,-1.26,35.92
7/4/2026 17:15,9.15,1,0,-0.81,-0.96,34.66
7/4/2026 17:15,9.29,1,0,-0.85,-0.63,26.66
7/4/2026 17:15,9.4,1,0,-0.89,-0.24,25.32
7/4/2026 17:15,9.46,1,0,-0.93,0.25,25.03
7/4/2026 17:15,9.5,1,0,-0.97,0.77,25.32
7/4/2026 17:15,9.5,1,0,-1.01,1.18,29.77
7/4/2026 17:15,9.46,1,0,-1.05,-1.71,25.11
7/4/2026 17:15,9.42,1,0,-1.09,-1.13,34.79
7/4/2026 17:15,9.39,1,0,-1.13,-0.61,25.47
7/4/2026 17:15,9.36,1,0,-1.17,-0.16,33.69
7/4/2026 17:15,9.31,1,0,-1.21,0.41,30.23
7/4/2026 17:15,9.26,1,0,-1.25,0.97,38.09
7/4/2026 17:15,9.16,1,0,-1.29,1.49,40.5
7/4/2026 17:15,9.21,1,0,-1.33,1.92,55.24
7/4/2026 17:15,9.31,1,0,-1.37,2.39,9.22
7/4/2026 17:15,9.35,1,0,-1.41,2.64,23.67
7/4/2026 17:15,9.22,1,0,-1.45,2.86,42.17
7/4/2026 17:15,8.85,1,0,-1.49,2.97,42.41
7/4/2026 17:15,8.63,1,0,-1.53,2.99,39.66
7/4/2026 17:15,8.33,1,0,-1.57,2.93,19.18
7/4/2026 17:16,8.41,1,0,-1.61,2.77,30.57
7/4/2026 17:16,8.5,1,0,-1.65,2.5,23.55
7/4/2026 17:16,8.58,1,0,-1.69,2.11,23.47
7/4/2026 17:16,8.66,1,0,-1.73,1.65,28.97
7/4/2026 17:16,8.74,1,0,-1.77,1.14,27.14
7/4/2026 17:16,8.81,1,0,-1.81,0.59,27.08
7/4/2026 17:16,8.86,1,0,-1.85,0.06,22.62
7/4/2026 17:16,8.9,1,0,-1.89,-0.33,100
7/4/2026 17:16,8.93,1,0,-1.93,-0.83,17
7/4/2026 17:16,8.96,1,0,-1.97,-1.4,15.82
7/4/2026 17:16,8.98,1,0,-2.01,1.56,16.67
7/4/2026 17:16,8.98,1,0,-2.05,1.11,17.37
7/4/2026 17:16,8.98,1,0,-2.09,0.71,14.41
7/4/2026 17:16,8.98,1,0,-2.13,0.31,21.49
7/4/2026 17:16,8.97,1,0,-2.17,0,27.69
7/4/2026 17:16,8.95,1,0,-2.21,-0.23,34.61
7/4/2026 17:16,8.94,1,0,-2.25,-0.36,31.61
7/4/2026 17:16,8.92,1,0,-2.29,-0.41,41.9
7/4/2026 17:16,8.9,1,0,-2.33,-0.38,64.48
7/4/2026 17:16,8.91,1,0,-2.37,-0.23,96.8
7/4/2026 17:16,8.87,1,0,-2.41,-0.01,20.18
7/4/2026 17:16,8.85,1,0,-2.45,0.28,12.51
7/4/2026 17:16,8.83,1,0,-2.49,0.64,24.76
7/4/2026 17:16,8.82,1,0,-2.53,0.97,8.59
7/4/2026 17:16,8.81,1,0,-2.57,1.45,25.18
7/4/2026 17:16,8.8,1,0,-2.61,-1.51,22
7/4/2026 17:16,8.8,1,0,-2.65,-0.94,26.93
7/4/2026 17:16,8.79,1,0,-2.69,-0.4,33.85
7/4/2026 17:16,8.8,1,0,-2.73,0.18,27.4
7/4/2026 17:16,8.8,1,0,-2.77,0.75,74.14
7/4/2026 17:16,8.8,1,0,-2.81,1.26,20.94
7/4/2026 17:16,8.76,1,0,-2.85,1.72,78.86
7/4/2026 17:16,8.92,1,0,-2.89,2.16,61.32
7/4/2026 17:16,9.02,0,0,-2.93,2.48,9.15
7/4/2026 17:16,9.18,0,0,-2.97,2.78,5.33
7/4/2026 17:16,9.13,0,0,-3.01,2.99,36.53
7/4/2026 17:16,8.51,0,0,-3.05,3.13,40.85
7/4/2026 17:16,8.12,0,0,-3.09,3.18,28.05
7/4/2026 17:16,7.72,0,0,-3.13,3.17,86.18
7/4/2026 17:16,6.97,0,0,-3.11,3.1,35.5
7/4/2026 17:16,6.42,0,0,-3.09,2.96,23.59
7/4/2026 17:16,5.9,0,0,-3.07,2.71,24.93
7/4/2026 17:16,5.59,0,0,-3.05,2.47,45.38
7/4/2026 17:16,5.33,0,0,-3.03,2.2,41.2
7/4/2026 17:16,5.12,0,0,-3.01,1.9,23.82
7/4/2026 17:16,4.94,0,0,-2.99,1.62,33.55
7/4/2026 17:16,4.76,0,0,-2.97,1.3,26.79
7/4/2026 17:16,4.61,0,0,-2.95,1.01,16.71
7/4/2026 17:16,4.47,0,0,-2.93,0.73,16.5
7/4/2026 17:16,4.34,0,0,-2.91,0.47,31.56
7/4/2026 17:16,4.23,0,0,-2.89,0.24,25.42
7/4/2026 17:16,4.12,0,0,-2.87,0.07,35.31
7/4/2026 17:16,4.01,0.08,0,-2.85,-0.16,29.49
7/4/2026 17:16,3.91,0.11,0,-2.83,-0.37,17.43
7/4/2026 17:16,3.82,0.14,0,-2.81,-0.58,17.2
7/4/2026 17:16,3.76,0.17,0,-2.79,-0.77,17.42
7/4/2026 17:16,3.71,0.2,0,-2.77,-0.94,17.52
7/4/2026 17:16,3.68,0.23,0,-2.75,-1.1,17.28
7/4/2026 17:16,3.66,0.26,0,-2.73,-1.2,18.13
7/4/2026 17:16,3.65,0.29,0,-2.71,-1.33,18.33
7/4/2026 17:16,3.66,0.32,0,-2.69,-1.44,18.99
7/4/2026 17:16,3.67,0.35,0,-2.67,-1.53,20.01
7/4/2026 17:16,3.7,0.38,0,-2.65,-1.6,22.14
7/4/2026 17:16,3.75,0.41,0,-2.63,-1.68,24.67
7/4/2026 17:16,3.81,0.44,0,-2.61,-1.73,26.08
7/4/2026 17:16,3.88,0.47,0,-2.59,1.75,31.08
7/4/2026 17:16,3.95,0.5,0,-2.57,1.74,32.13
7/4/2026 17:16,4.04,0.53,0,-2.55,-1.74,38.41
7/4/2026 17:16,4.14,0.56,0,-2.59,-1.71,41.64
7/4/2026 17:16,4.24,0.59,0,-2.63,-1.65,49.48
7/4/2026 17:16,4.37,0,0,-2.67,-1.56,39.9
7/4/2026 17:16,4.47,0,0,-2.71,-1.46,34.61
7/4/2026 17:16,4.45,0,0,-2.75,-1.33,33.86
7/4/2026 17:16,4.38,0,0,-2.79,-1.19,65.59
7/4/2026 17:16,4.28,0,0,-2.83,-1.02,40.49
7/4/2026 17:16,4.2,0,0,-2.87,-0.87,28
7/4/2026 17:16,4.09,0,0,-2.91,-0.68,25.2
7/4/2026 17:16,3.98,0,0,-2.95,-0.47,23.79
7/4/2026 17:16,3.87,0,0,-2.99,-0.25,7.56
7/4/2026 17:16,3.77,0,0,-3.03,-0.06,23.05
7/4/2026 17:16,3.68,0,0,-3.07,0.15,22.92
7/4/2026 17:16,3.59,0,0,-3.11,0.36,22.46
7/4/2026 17:16,3.5,0,0,-3.15,0.56,30.11
7/4/2026 17:16,3.41,0,0,-3.19,0.78,37.57
7/4/2026 17:16,3.32,0,0,-3.23,1,24.03
7/4/2026 17:16,3.23,0,0,-3.27,1.23,32.91
7/4/2026 17:16,2.98,0,0,-3.31,1.41,33.54
7/4/2026 17:16,2.89,0,0,-3.35,1.61,32.56
7/4/2026 17:16,2.57,0,0,-3.39,1.78,32.51
7/4/2026 17:16,2.46,0,0,-3.43,1.9,31.63
7/4/2026 17:16,2.41,0,0,-3.47,2.03,31.68
7/4/2026 17:16,2.35,0,0,-3.51,2.17,31.36
7/4/2026 17:16,2.3,0,0,-3.55,2.29,31.23
7/4/2026 17:16,2.25,0,0,-3.59,2.39,100
7/4/2026 17:16,2.21,0,0,-3.63,2.49,85.53
7/4/2026 17:16,2.13,0,0,-3.67,2.59,33.31
7/4/2026 17:16,2.03,0,0,-3.71,2.71,66.49
7/4/2026 17:16,2,0,0,-3.75,2.78,33.06
7/4/2026 17:16,1.92,0,0,-3.79,2.85,100
7/4/2026 17:16,1.85,0,0,-3.83,2.91,49.84
7/4/2026 17:16,0.02,0,0,-3.87,2.91,49.77
7/4/2026 17:16,0,0,0,-3.91,2.91,49.77
7/4/2026 17:16,0.01,0,0,-3.95,2.91,49.83
7/4/2026 17:16,0.01,0,0,-3.99,2.91,49.79
7/4/2026 17:16,0.01,0,0,-4.03,2.91,58.05
7/4/2026 17:16,0.01,0,0,-4.07,2.91,80.95
7/4/2026 17:16,0,0,0,-4.11,2.91,50.58
7/4/2026 17:16,0.01,0,0,-4.15,2.91,49.77
7/4/2026 17:16,0,0,0,-4.19,2.91,49.37
7/4/2026 17:16,0,0,0,-4.23,2.91,26.09
7/4/2026 17:16,0,0,0,-4.27,2.91,49.77
7/4/2026 17:16,0,0,0,-4.31,2.91,81.08
7/4/2026 17:16,0,0,0,-4.35,2.91,49.8
7/4/2026 17:16,0,0,0,-4.39,2.91,49.76
7/4/2026 17:16,0,0,0,-4.43,2.91,49.77
7/4/2026 17:16,0,0,0,-4.47,2.91,49.77
7/4/2026 17:16,0,0,0,-4.51,2.91,79.69
7/4/2026 17:16,0,0,0,-4.55,2.91,86.34
7/4/2026 17:16,0,0,0,-4.59,2.91,26.1
7/4/2026 17:16,0,0,0,-4.63,2.91,26.08
7/4/2026 17:16,0,0.03,0,-4.67,2.91,83.04
7/4/2026 17:16,0.01,0.06,0,-4.71,2.91,85.95
7/4/2026 17:16,0.03,0.09,0,-4.75,2.91,26.09
7/4/2026 17:16,0.02,0.12,0,-4.79,2.91,45.37
7/4/2026 17:16,0.02,0.15,0,-4.83,2.91,78.73
7/4/2026 17:16,0.02,0.18,0,-4.87,2.91,49.82
7/4/2026 17:16,0.02,0.21,0,-4.85,2.91,49.77
7/4/2026 17:16,0.06,0.24,0,-4.83,2.91,49.81
7/4/2026 17:16,0.01,0.27,0,-4.81,2.91,45.22
7/4/2026 17:16,0,0.3,0,-4.79,2.91,46.85
7/4/2026 17:16,0.02,0.33,0,-4.77,2.91,43.9
7/4/2026 17:16,0,0.36,0,-4.75,2.91,49.76
7/4/2026 17:16,0,0.39,0,-4.73,2.91,49.97
7/4/2026 17:16,0,0.42,0,-4.71,2.91,49.8
7/4/2026 17:16,0,0.45,0,-4.69,2.91,49.82
7/4/2026 17:16,0,0.48,0,-4.67,2.91,49.81
7/4/2026 17:16,0,0.51,0,-4.65,2.91,42.45
7/4/2026 17:16,0.01,0.54,0,-4.63,2.91,66.17
7/4/2026 17:16,0,0.57,0,-4.61,2.91,82.91
7/4/2026 17:16,0.02,0.6,0,-4.59,2.91,77.55
7/4/2026 17:16,0.01,0.63,0,-4.57,2.91,41.02
7/4/2026 17:16,0,0.66,0,-4.55,2.91,49.78
7/4/2026 17:16,0.01,0.69,0,-4.53,2.91,49.77
7/4/2026 17:16,0,0.72,0,-4.51,2.91,49.85
7/4/2026 17:16,0.01,0.75,0,-4.49,2.91,49.78
7/4/2026 17:16,0.01,0.78,0,-4.53,2.91,95.4
7/4/2026 17:16,0,0.81,0,-4.57,2.91,49.78
7/4/2026 17:16,0.01,0.84,0,-4.61,2.91,66.91
7/4/2026 17:16,0.01,0.87,0,-4.65,2.91,70.15
7/4/2026 17:16,0.01,0.9,0,-4.69,2.91,80.83
7/4/2026 17:16,0.01,0.93,0,-4.73,2.91,49.81
7/4/2026 17:16,0.01,0.96,0,-4.77,2.91,49.92
7/4/2026 17:16,0,0.99,0,-4.81,2.91,48.67
7/4/2026 17:16,0.01,1,0,-4.85,2.91,84.37
7/4/2026 17:16,0,1,0,-4.89,2.91,81.8
7/4/2026 17:16,0.01,1,0,-4.93,2.91,49.76
7/4/2026 17:16,0.01,1,0,-0.55,2.91,66.43
7/4/2026 17:16,0,1,0,-0.55,2.91,83.24
7/4/2026 17:16,0,1,0,-0.55,2.91,49.86
7/4/2026 17:16,0.01,1,0,-0.55,2.91,49.29
7/4/2026 17:16,0.01,1,0,-0.55,2.91,49.84
7/4/2026 17:16,0,1,0,-0.55,2.91,49.76
7/4/2026 17:16,0,1,0,-0.55,2.91,86.62
7/4/2026 17:16,0.01,1,0,-0.55,2.91,49.79
7/4/2026 17:16,0,1,0,-0.55,2.91,85.24
7/4/2026 17:16,0,1,0,-0.55,2.91,49.77
7/4/2026 17:16,0.01,1,0,-0.55,2.91,49.8
7/4/2026 17:16,0.01,0,0,-0.59,2.91,49.77
7/4/2026 17:16,0,0,0,-0.63,2.91,49.88
7/4/2026 17:16,0.01,0.93,0,-0.67,2.91,49.88
7/4/2026 17:16,0.01,0.96,0,-0.71,2.91,49.76
7/4/2026 17:16,0.01,0.99,0,-0.75,2.91,49.79
7/4/2026 17:16,0.01,1,0,-0.79,2.91,45.29
7/4/2026 17:16,0,1,0,-0.83,2.91,49.8
7/4/2026 17:16,0,1,0,-0.87,2.91,49.8
7/4/2026 17:16,0.01,0,0,-0.91,2.91,49.81
7/4/2026 17:16,0.01,0,0,-0.95,2.91,46.71
7/4/2026 17:16,0,0.03,0,-0.99,2.91,67.42
7/4/2026 17:16,0.01,0.06,0,-1.03,2.91,67.21
7/4/2026 17:16,0.02,0.09,0,-1.07,2.91,49.78
7/4/2026 17:16,0.03,0.12,0,-1.11,2.91,49.87
7/4/2026 17:16,0.02,0.15,0,-1.15,2.9,50.02
7/4/2026 17:16,0.04,0.18,0,-1.13,2.9,49.82
7/4/2026 17:16,0.03,0.21,0,-1.11,2.9,43.91
7/4/2026 17:16,0.04,0.24,0,-1.09,2.9,79.11
7/4/2026 17:16,0.05,0.27,0,-1.07,2.9,50.24
7/4/2026 17:16,0.12,0.3,0,-1.05,2.9,46.73
7/4/2026 17:16,0.16,0.33,0,-1.03,2.89,46.91
7/4/2026 17:16,0.24,0.36,0,-1.01,2.89,46.88
7/4/2026 17:16,0.3,0.39,0,-0.99,2.88,64.43
7/4/2026 17:16,0.36,0.42,0,-0.97,2.87,49.98
7/4/2026 17:16,0.36,0.45,0,-0.95,2.86,68.29
7/4/2026 17:16,0.53,0.48,0,-0.93,2.84,49.89
7/4/2026 17:16,0.63,0.51,0,-0.91,2.82,49.99
7/4/2026 17:16,0.75,0.54,0,-0.89,2.79,49.99
7/4/2026 17:16,0.93,0.57,0,-0.87,2.76,33.06
7/4/2026 17:16,1,0.6,0,-0.85,2.72,33.13
7/4/2026 17:16,1.27,0.63,0,-0.83,2.67,66.11
7/4/2026 17:16,1.44,0.66,0,-0.81,2.62,65.86
7/4/2026 17:16,1.65,0.69,0,-0.79,2.54,67.26
7/4/2026 17:16,1.82,0.72,0,-0.77,2.46,84.61
7/4/2026 17:16,2.04,0.75,0,-0.75,2.36,88.14
7/4/2026 17:16,2.29,0.78,0,-0.73,2.24,100
7/4/2026 17:16,2.54,0.81,0,-0.71,2.11,100
7/4/2026 17:16,2.78,0.84,0,-0.69,1.96,31.62
7/4/2026 17:16,3.06,0.87,0,-0.73,1.78,31.76
7/4/2026 17:16,3.13,0.9,0,-0.77,1.59,31.93
7/4/2026 17:16,3.18,0.93,0,-0.81,1.41,32.06
7/4/2026 17:16,3.53,0.96,0,-0.85,1.22,31.62
7/4/2026 17:16,4.09,0.99,0,-0.89,0.88,33.22
7/4/2026 17:16,4.44,1,0,-0.93,0.59,34.74
7/4/2026 17:16,4.75,1,0,-0.97,0.31,36.97
7/4/2026 17:16,5.15,1,0,-1.01,-0.09,30.22
7/4/2026 17:16,5.42,1,0,-1.05,-0.4,22.87
7/4/2026 17:16,5.7,1,0,-1.09,-0.73,23.38
7/4/2026 17:16,5.98,0,0,-1.13,-1.07,23.9
7/4/2026 17:16,6.16,0,0,-1.17,-1.32,26.78
7/4/2026 17:16,6.22,0,0,-1.21,-1.65,21.94
7/4/2026 17:16,6,0.03,0,-1.25,1.54,55.99
7/4/2026 17:16,4.76,0.06,0,-1.29,1.29,85.95
7/4/2026 17:16,3.66,0.09,0,-1.33,1.1,48.94
7/4/2026 17:16,2.6,0.12,0,-1.37,0.96,47.97
7/4/2026 17:16,1.8,0.15,0,-1.41,0.89,25.73
7/4/2026 17:16,1.32,0.18,0,-1.45,0.84,64.47
7/4/2026 17:16,1.09,0.21,0,-1.49,0.81,24.55
7/4/2026 17:16,0.93,0.24,0,-1.53,0.8,42.11
7/4/2026 17:16,0.76,0.27,0,-1.57,0.78,38.35
7/4/2026 17:16,0.63,0.3,0,-1.61,0.76,25.22
7/4/2026 17:16,0.52,0.33,0,-1.65,0.75,39.67
7/4/2026 17:16,0.38,0.36,0,-1.69,0.75,39.73
7/4/2026 17:16,0.25,0.39,0,-1.73,0.74,38.34
7/4/2026 17:16,0.14,0.42,0,-1.77,0.74,34.69
7/4/2026 17:16,0.02,0.45,0,-1.81,0.74,30.14
7/4/2026 17:16,0.13,0.48,0,-1.85,0.74,35.94
7/4/2026 17:16,0.31,0.51,0,-1.89,0.74,27.78
7/4/2026 17:16,0.44,0.54,0,-1.93,0.74,37.18
7/4/2026 17:16,0.64,0.57,0,-1.97,0.75,28.82
7/4/2026 17:16,0.83,0.6,0,-2.01,0.76,28.68
7/4/2026 17:16,1,0.63,0,-2.05,0.77,87.58
7/4/2026 17:16,1.19,0.66,0,-2.09,0.79,43.17
7/4/2026 17:16,1.38,0.69,0,-2.13,0.81,89.58
7/4/2026 17:16,1.6,0.72,0,-2.11,0.83,48.63
7/4/2026 17:16,1.79,0.75,0,-2.09,0.86,64.14
7/4/2026 17:16,2.03,0.78,0,-2.07,0.9,59.66
7/4/2026 17:16,2.28,0.81,0,-2.05,0.95,61.15
7/4/2026 17:16,2.52,0.84,0,-2.03,1.01,61.45
7/4/2026 17:16,2.82,0.87,0,-2.01,1.1,60.78
7/4/2026 17:16,3.11,0.9,0,-1.99,1.2,50.05
7/4/2026 17:16,3.41,0.93,0,-1.97,1.32,24.02
7/4/2026 17:16,3.7,0.96,0,-1.95,1.45,92.1
7/4/2026 17:16,4.03,0.99,0,-1.93,1.62,98.01
7/4/2026 17:16,4.34,1,0,-1.91,-1.7,26.93
7/4/2026 17:16,4.7,1,0,-1.89,-1.46,24.88
7/4/2026 17:16,5.05,1,0,-1.87,-1.19,23.47
7/4/2026 17:16,5.39,1,0,-1.85,-0.9,22.9
7/4/2026 17:16,5.74,1,0,-1.83,-0.56,20.92
7/4/2026 17:16,6.05,1,0,-1.81,-0.21,30.91
7/4/2026 17:16,6.37,1,0,-1.79,0.17,37.55
7/4/2026 17:16,6.7,1,0,-0.55,0.61,25.41
7/4/2026 17:16,7.35,1,0,-0.55,1.16,32.36
7/4/2026 17:16,7.58,1,0,-0.55,1.65,31.9
7/4/2026 17:16,7.77,1,0,-0.55,2.02,31.89
7/4/2026 17:16,8.19,1,0,-0.55,2.54,31
7/4/2026 17:16,8.58,1,0,-0.55,3.08,100
7/4/2026 17:16,8.91,1,0,-0.55,3.58,32.79
7/4/2026 17:16,9.27,1,0,-0.55,4.13,100
7/4/2026 17:16,9.35,1,0,-0.55,4.62,48.78
7/4/2026 17:16,9.48,1,0,-0.59,5.13,82.52
7/4/2026 17:16,9.68,1,0,-0.57,5.58,12.78
7/4/2026 17:16,9.94,1,0,-0.55,6,50.16
7/4/2026 17:16,10.24,1,0,-0.53,6.41,24.46
7/4/2026 17:16,10.5,1,0,-0.51,6.71,43.24
7/4/2026 17:16,10.77,1,0,-0.49,6.94,5.09
7/4/2026 17:16,11.06,1,0,-0.47,7.13,37.83
7/4/2026 17:16,11.34,1,0,-0.45,7.2,17.71
7/4/2026 17:16,4.51,1,0,-0.43,7.28,29.47
7/4/2026 17:16,3.67,1,0,-0.41,7.58,100
7/4/2026 17:16,2.27,1,0,-0.39,7.79,79.21
7/4/2026 17:16,1.09,1,0,-0.37,7.89,33.02
7/4/2026 17:16,1.79,1,0,-0.35,7.88,100
7/4/2026 17:16,3.07,1,0,-0.33,7.78,48.77
7/4/2026 17:16,0.68,1,0,-0.31,7.76,47.14
7/4/2026 17:16,0.94,1,0,-0.29,7.76,60.18
7/4/2026 17:16,0.11,1,0,-0.27,7.76,76.64
7/4/2026 17:16,0.06,1,0,-0.25,7.76,36.43
7/4/2026 17:16,0.06,1,0,-0.23,7.77,30.6
7/4/2026 17:16,0.05,1,0,-0.21,7.77,57.43
7/4/2026 17:16,0.05,1,0,-0.19,7.77,87.05
7/4/2026 17:16,0.05,0,0,-0.23,7.77,36.06
7/4/2026 17:16,0.04,0,0,-0.27,7.77,57.47
7/4/2026 17:16,0.02,0,0,-0.31,7.77,30.74
7/4/2026 17:16,0.02,0.03,0,-0.35,7.77,47.31
7/4/2026 17:16,0.04,0.06,0,-0.39,7.78,57.19
7/4/2026 17:16,0.05,0.09,0,-0.43,7.78,76.45
7/4/2026 17:16,0.04,0.12,0,-0.47,7.78,70.45
7/4/2026 17:16,0.04,0.15,0,-0.51,7.78,28.22
7/4/2026 17:16,0.03,0.18,0,-0.55,7.78,100
7/4/2026 17:16,0.1,0.21,0,-0.53,7.78,57.18
7/4/2026 17:16,0.11,0.24,0,-0.51,7.79,54.33
7/4/2026 17:16,0.16,0.27,0,-0.49,7.79,28.81
7/4/2026 17:16,0.18,0.3,0,-0.47,7.8,28.36
7/4/2026 17:16,0.19,0.33,0,-0.45,7.81,47.93
7/4/2026 17:16,0.27,0.36,0,-0.43,7.82,51.56
7/4/2026 17:16,0.3,0.39,0,-0.41,7.84,37.1
7/4/2026 17:16,0.41,0.42,0,-0.39,7.85,44.32
7/4/2026 17:16,0.51,0.45,0,-0.37,7.87,85.06
7/4/2026 17:16,0.58,0.48,0,-0.35,7.9,73.92
7/4/2026 17:16,0.8,0.51,0,-0.33,7.93,99.36
7/4/2026 17:16,0.92,0.54,0,-0.31,7.97,32.72
7/4/2026 17:16,1.12,0.57,0,-0.29,8.02,82
7/4/2026 17:16,1.27,0.6,0,-0.27,8.07,75.66
7/4/2026 17:16,1.55,0.63,0,-0.25,8.13,69.35
7/4/2026 17:16,1.78,0.66,0,-0.29,8.2,79.49
7/4/2026 17:16,1.97,0.69,0,-0.33,8.27,60.47
7/4/2026 17:16,2.14,0.72,0,-0.37,8.35,60.29
7/4/2026 17:16,2.41,0.75,0,-0.41,8.45,78.24
7/4/2026 17:16,2.58,0.78,0,-0.45,8.52,36.8
7/4/2026 17:16,2.8,0.81,0,-0.49,8.59,100
7/4/2026 17:16,3.01,0.84,0,-0.53,8.67,100
7/4/2026 17:16,3.21,0.87,0,-0.57,8.73,100
7/4/2026 17:16,3.46,0.9,0,-0.61,8.82,45.06
7/4/2026 17:16,3.71,0.93,0,-0.65,8.9,4.16
7/4/2026 17:16,4,0.96,0,-0.69,8.98,4.41
7/4/2026 17:16,4.28,0.99,0,-0.73,9.06,32.42
7/4/2026 17:16,4.57,1,0,-0.77,9.13,19.8
7/4/2026 17:16,4.86,1,0,-0.81,9.18,19.64
7/4/2026 17:16,5.17,1,0,-0.85,9.23,32.82
7/4/2026 17:16,5.45,1,0,-0.89,9.25,22.63
7/4/2026 17:16,5.71,1,0,-0.93,9.25,10.05
7/4/2026 17:16,6.03,1,0,-0.97,9.22,10.31
7/4/2026 17:16,6.29,1,0,-1.01,9.16,48.15
7/4/2026 17:16,6.55,1,0,-1.05,9.06,75.49
7/4/2026 17:16,6.81,1,0,-1.09,8.9,31.21
7/4/2026 17:16,7.04,1,0,-1.13,8.69,46.9
7/4/2026 17:16,7.23,1,0,-1.17,8.45,25
7/4/2026 17:16,7.43,1,0,-1.21,8.11,25.03
7/4/2026 17:16,7.59,1,0,-1.25,7.75,22.76
7/4/2026 17:16,7.73,1,0,-1.29,7.35,22.45
7/4/2026 17:16,7.84,1,0,-1.33,6.93,20.46
7/4/2026 17:16,7.93,1,0,-1.37,6.46,17.38
7/4/2026 17:16,7.98,1,0,-1.41,6,18.04
7/4/2026 17:16,8,1,0,-1.45,5.54,23.09
7/4/2026 17:16,7.99,1,0,-1.49,5.13,50.37
7/4/2026 17:16,7.93,1,0,-1.53,4.71,28.95
7/4/2026 17:16,7.65,1,0,-1.57,4.38,34.53
7/4/2026 17:16,7.33,1,0,-1.61,4.18,24.84
7/4/2026 17:16,7.04,1,0,-1.65,4.06,22.28
7/4/2026 17:16,6.84,1,0,-1.69,4.04,18.85
7/4/2026 17:16,7.14,1,0,-1.73,4.16,22.44
7/4/2026 17:16,7.48,1,0,-1.77,4.37,11.62
7/4/2026 17:16,2.58,1,0,-1.81,4.61,17.67
7/4/2026 17:16,0.29,1,0,-1.85,4.63,13.25
7/4/2026 17:16,0.08,1,0,-1.89,4.63,11.46
7/4/2026 17:16,0.06,1,0,-1.93,4.63,10.09
7/4/2026 17:16,0.05,0,0,-1.97,4.63,10.61
7/4/2026 17:16,0.03,0,0,-2.01,4.63,12.63
7/4/2026 17:16,0.04,0,0,-2.05,4.63,10.8
7/4/2026 17:16,0.04,0.03,0,-2.09,4.64,9.52
7/4/2026 17:16,1.33,0.06,0,-2.13,4.6,13.15
7/4/2026 17:16,2.77,0.09,0,-2.17,4.47,16.55
7/4/2026 17:16,3.81,0.12,0,-2.21,4.27,14.47
7/4/2026 17:16,4.41,0.15,0,-2.25,4.05,16.1
7/4/2026 17:16,4.7,0.18,0,-2.29,3.78,13.7
7/4/2026 17:16,4.78,0.21,0,-2.33,3.57,11.8
7/4/2026 17:16,4.79,0.24,0,-2.37,3.34,16.32
7/4/2026 17:16,4.78,0.27,0,-2.41,3.14,12.99
7/4/2026 17:16,4.72,0.3,0,-2.39,2.96,12.4
7/4/2026 17:16,4.7,0.33,0,-2.37,2.78,12.42
7/4/2026 17:16,4.68,0.36,0,-2.41,2.65,12.72
7/4/2026 17:16,4.59,0.39,0,-2.45,2.5,11.49
7/4/2026 17:16,4.58,0.42,0,-2.49,2.41,19.29
7/4/2026 17:16,4.63,0.45,0,-2.53,2.32,17.02
7/4/2026 17:16,4.68,0.48,0,-2.51,2.26,33.71
7/4/2026 17:16,4.74,0.51,0,-2.49,2.23,17.09
7/4/2026 17:16,4.8,0.54,0,-2.47,2.23,28.64
7/4/2026 17:16,4.89,0.57,0,-2.45,2.25,21.45
7/4/2026 17:16,4.98,0.6,0,-2.43,2.3,16.03
7/4/2026 17:16,5.06,0.63,0,-2.41,2.37,17.32
7/4/2026 17:16,4.94,0.66,0,-2.39,2.48,32.61
7/4/2026 17:16,5.03,0.69,0,-2.37,2.62,34.47
7/4/2026 17:16,5.15,0.72,0,-2.35,2.77,6.89
7/4/2026 17:16,5.31,0.75,0,-2.33,3,22.53
7/4/2026 17:16,5.42,0.78,0,-2.31,3.19,19.67
7/4/2026 17:16,5.29,0.81,0,-2.29,3.41,19.46
7/4/2026 17:16,5.5,0.84,0,-2.27,3.69,17.55
7/4/2026 17:16,5.69,0.87,0,-2.25,3.98,24.72
7/4/2026 17:16,5.91,0.9,0,-2.23,4.34,17.5
7/4/2026 17:16,6.1,0.93,0,-2.21,4.68,34.74
7/4/2026 17:16,6.1,0.96,0,-2.19,5.08,31.05
7/4/2026 17:16,6.3,0.99,0,-2.17,5.43,29.65
7/4/2026 17:16,6.6,1,0,-2.15,5.82,28.12
7/4/2026 17:16,6.88,1,0,-2.13,6.23,27.3
7/4/2026 17:16,7.17,1,0,-2.11,6.68,26.8
7/4/2026 17:16,7.41,1,0,-2.09,7.07,26.57
7/4/2026 17:16,7.65,1,0,-2.07,7.47,26.79
7/4/2026 17:16,7.83,1,0,-2.05,7.78,30.13
7/4/2026 17:16,8.03,1,0,-2.03,8.11,36.21
7/4/2026 17:16,8.22,1,0,-2.01,8.4,29.62
7/4/2026 17:16,8.4,1,0,-1.99,8.67,28.78
7/4/2026 17:16,8.55,1,0,-1.97,8.85,12.92
7/4/2026 17:16,8.69,1,0,-1.95,8.96,23.07
7/4/2026 17:16,8.82,1,0,-1.93,8.96,8.38
7/4/2026 17:16,8.89,1,0,-1.91,8.87,48.7
7/4/2026 17:16,8.95,1,0,-1.89,8.71,5.26
7/4/2026 17:16,9,1,0,-1.87,8.43,61.51
7/4/2026 17:16,9.04,1,0,-1.85,8.07,47.93
7/4/2026 17:16,9.06,1,0,-1.83,7.66,48.37
7/4/2026 17:16,9.06,1,0,-1.81,7.21,40.02
7/4/2026 17:16,3.08,1,0,-1.79,6.91,23.29
7/4/2026 17:16,1.89,1,0,-1.77,6.9,39.89
7/4/2026 17:16,0.89,1,0,-1.75,6.88,30.17
7/4/2026 17:16,0.27,1,0,-1.73,6.87,29.89
7/4/2026 17:16,0.16,1,0,-1.71,6.86,29.85
7/4/2026 17:16,0.14,1,0,-1.69,6.85,29.67
7/4/2026 17:16,0.12,1,0,-1.67,6.85,33.32
7/4/2026 17:16,0.11,1,0,-1.65,6.84,29.64
7/4/2026 17:16,0.06,1,0,-1.63,6.84,28.53
7/4/2026 17:16,0.05,1,0,-1.61,6.84,29.86
7/4/2026 17:16,0.05,1,0,-1.59,6.84,29.85
7/4/2026 17:16,0.04,1,0,-1.63,6.84,29.59
7/4/2026 17:16,0.04,0,0,-1.67,6.84,31.77
7/4/2026 17:16,0.04,0,0,-1.71,6.84,29.6
7/4/2026 17:16,0.03,0,0,-1.75,6.84,29.63
7/4/2026 17:16,0.05,0,0,-1.79,6.84,29.86
7/4/2026 17:16,0.05,0,0,-1.83,6.84,26.09
7/4/2026 17:16,0.04,0,0,-1.87,6.85,29.67
7/4/2026 17:16,0.04,0,0,-1.91,6.85,29.05
7/4/2026 17:16,0.03,0,0,-1.95,6.85,30.54
7/4/2026 17:16,0.01,0,0,-1.99,6.85,29.66
7/4/2026 17:16,0.01,0,0,-2.03,6.85,29.79
7/4/2026 17:16,0.01,0,0,-2.07,6.85,29.83
7/4/2026 17:16,0.01,0,0,-2.11,6.85,100
7/4/2026 17:16,0.01,0,0,-2.15,6.85,29.73
7/4/2026 17:16,0.01,0,0,-2.19,6.85,29.71
7/4/2026 17:16,0,0,0,-2.23,6.85,29.87
7/4/2026 17:16,0,0,0,-2.27,6.85,29.74
7/4/2026 17:16,0,0,0,-2.31,6.85,29.83
7/4/2026 17:16,0,0,0,-2.35,6.85,29.7
7/4/2026 17:16,0,0,0,-2.39,6.85,29.82
7/4/2026 17:16,0,0,0,-2.43,6.85,25.33
7/4/2026 17:16,0,0,0,-2.47,6.85,29.75
7/4/2026 17:16,0,0,0,-2.51,6.85,37.37
7/4/2026 17:16,0,0,0,-2.55,6.85,29.7
7/4/2026 17:16,0,0,0,-2.59,6.85,29.62
7/4/2026 17:16,0,0,0,-2.63,6.85,29.75
7/4/2026 17:16,0,0,0,-2.67,6.85,31.11
7/4/2026 17:16,0,0,0,-2.71,6.85,29.68
7/4/2026 17:16,0,0,0,-2.75,6.85,29.75
7/4/2026 17:16,0,0,0,-2.79,6.85,24.54
7/4/2026 17:16,0,0,0,-2.83,6.85,100
7/4/2026 17:16,0,0,0,-2.87,6.85,29.63
7/4/2026 17:16,0,0,0,-2.91,6.85,30
7/4/2026 17:16,0,0,0,-2.95,6.85,30.46
7/4/2026 17:16,0,0,0,-2.99,6.85,29.87
7/4/2026 17:16,0,0,0,-3.03,6.85,29.83
7/4/2026 17:16,0,0,0,-3.07,6.85,29.61
7/4/2026 17:16,0,0,0,-3.11,6.85,39.03
7/4/2026 17:16,0,0,0,-3.15,6.85,29.63
7/4/2026 17:16,0,0,0,-3.19,6.85,26.32
7/4/2026 17:16,0,0,0,-3.23,6.85,29.79
7/4/2026 17:16,0,0,0,-3.27,6.85,29.77
7/4/2026 17:16,0,0,0,-3.31,6.85,27.54
7/4/2026 17:16,0,0,0,-3.35,6.85,26.58
7/4/2026 17:16,0,0,0,-3.39,6.85,24.75
7/4/2026 17:16,0,0,0,-3.43,6.85,100
7/4/2026 17:16,0,0,0,-3.47,6.85,29.83
7/4/2026 17:16,0,0,0,-3.51,6.85,29.78
7/4/2026 17:16,0,0,0,-3.55,6.85,30.02
7/4/2026 17:16,0,0,0,-3.59,6.85,29.82
7/4/2026 17:16,0,0,0,-3.63,6.85,29.68
7/4/2026 17:16,0,0,0,-3.67,6.85,29.73
7/4/2026 17:16,0,0,0,-3.71,6.85,29.66
7/4/2026 17:16,0,0,0,-3.75,6.85,29.85
7/4/2026 17:16,0,0,0,-3.79,6.85,27.25
7/4/2026 17:16,0,0,0,-3.83,6.85,29.98
7/4/2026 17:16,0,0,0,-3.87,6.85,100
7/4/2026 17:16,0,0,0,-3.91,6.85,34.49
7/4/2026 17:16,0,0,0,-3.95,6.85,29.75
7/4/2026 17:16,0,0,0,-3.99,6.85,29.72
7/4/2026 17:18,0.36,0,0,0,0,54.93
7/4/2026 17:18,1.02,0,0,0,0,25.8
7/4/2026 17:18,1.75,0,0,0,0,23.32
7/4/2026 17:18,2.39,0,0,0,0,25.96
7/4/2026 17:18,3.06,0,0,0,0,17.97
7/4/2026 17:18,1.2,0,0,0,0,25.38
7/4/2026 17:18,0.16,0,0,0,0,25.07
7/4/2026 17:18,0.21,0,0,0,0,17.89
7/4/2026 17:18,0.25,0,0,0,0,25.89
7/4/2026 17:18,0.21,0,0,0,0,21.53
7/4/2026 17:18,0.16,0,0,0,0,50.17
7/4/2026 17:18,0.11,0,0,0,0,17.86
7/4/2026 17:18,0.08,0,0,0,0,17.87
7/4/2026 17:18,0.05,0,0,0,0,54.05
7/4/2026 17:18,0.03,0,0,0,0,50.2
7/4/2026 17:18,0.02,0.03,0,0,0,23.32
7/4/2026 17:18,0.01,0.06,0,0,0,17.99
7/4/2026 17:18,0.01,0.09,0,0,0,25.86
7/4/2026 17:18,0,0.12,0,0,0,59.28
7/4/2026 17:18,0,0.15,0,0,0,25.68
7/4/2026 17:18,0,0.18,0,0,0,25.77
7/4/2026 17:18,0,0.21,0,0,0,17.86
7/4/2026 17:18,0,0.24,0,0,0,23.42
7/4/2026 17:18,0,0.27,0,0,0,24.91
7/4/2026 17:18,0,0.3,0,0,0,18.2
7/4/2026 17:18,0,0.33,0,0,0,18.34
7/4/2026 17:18,0,0.36,0,0,0,26.01
7/4/2026 17:18,0,0.39,0,0,0,23.35
7/4/2026 17:18,0,0.42,0,0,0,23.35
7/4/2026 17:18,0,0.45,0,0,0,25.65
7/4/2026 17:18,0,0.48,0,0,0,18.03
7/4/2026 17:18,0,0.51,0,0,0,17.9
7/4/2026 17:18,0,0.54,0,0,0,22.75
7/4/2026 17:18,0,0.57,0,0,0,17.87
7/4/2026 17:18,0.93,0.6,0,0,0,23.28
7/4/2026 17:18,1.78,0.63,0,0,0,23.14
7/4/2026 17:18,2.33,0.66,0,0,0,22.99
7/4/2026 17:18,2.76,0.69,0,0,0,17.85
7/4/2026 17:18,3.07,0.72,0,0,0,24.52
7/4/2026 17:18,3.34,0.75,0,0,0,24.75
7/4/2026 17:18,3.63,0.78,0,0,0,53.38
7/4/2026 17:18,3.9,0.81,0,0,0,23.91
7/4/2026 17:18,4.22,0.84,0,0,0,21.72
7/4/2026 17:18,4.52,0.87,0,0,0,16.11
7/4/2026 17:18,4.81,0.9,0,-0.02,0,16.22
7/4/2026 17:18,5.32,0.93,0,-0.04,0,23.06
7/4/2026 17:18,5.7,0.96,0,-0.06,-0.01,21.97
7/4/2026 17:18,6.08,0.99,0,-0.1,-0.02,50.59
7/4/2026 17:18,6.5,1,0,-0.14,-0.07,21.8
7/4/2026 17:18,6.97,1,0,-0.18,-0.15,19.01
7/4/2026 17:18,7.32,1,0,-0.22,-0.22,18.62
7/4/2026 17:18,7.79,1,0,-0.26,-0.16,21.09
7/4/2026 17:18,8.29,1,0,-0.3,-0.28,50.43
7/4/2026 17:18,8.66,1,0,-0.34,-0.4,27.5
7/4/2026 17:18,9.02,1,0,-0.38,-0.55,49.53
7/4/2026 17:18,9.36,1,0,-0.42,-0.65,52.61
7/4/2026 17:18,9.71,1,0,-0.46,-0.87,54.82
7/4/2026 17:18,10,1,0,-0.5,-1.12,29.23
7/4/2026 17:18,10.3,1,0,-0.54,-1.45,44.13
7/4/2026 17:18,10.56,1,0,-0.58,1.7,62.3
7/4/2026 17:18,10.78,1,0,-0.62,1.27,66.7
7/4/2026 17:18,10.95,1,0,-0.66,0.79,60.06
7/4/2026 17:18,11.07,1,0,-0.7,0.25,26.66
7/4/2026 17:18,11.15,1,0,-0.74,-0.39,35.7
7/4/2026 17:18,11.18,1,0,-0.78,-1.02,33.95
7/4/2026 17:18,11.15,1,0,-0.82,-1.66,32.45
7/4/2026 17:18,11.07,1,0,-0.86,-0.96,17.68
7/4/2026 17:18,10.95,1,0,-0.9,-0.25,17.3
7/4/2026 17:18,10.78,1,0,-0.94,0.52,18.53
7/4/2026 17:18,10.58,1,0,-0.98,1.16,39.49
7/4/2026 17:18,10.32,1,0,-1.02,-1.63,15.59
7/4/2026 17:18,10.06,1,0,-1.06,-1.06,32.28
7/4/2026 17:18,9.8,1,0,-1.1,-0.57,21.07
7/4/2026 17:18,9.55,1,0,-1.14,-0.24,15.73
7/4/2026 17:18,9.25,1,0,-1.18,0.23,50.34
7/4/2026 17:18,9.02,1,0,-1.22,0.43,94.66
7/4/2026 17:18,8.82,1,0,-1.26,0.53,54.37
7/4/2026 17:18,8.67,1,0,-1.3,0.44,26.71
7/4/2026 17:18,8.54,1,0,-1.34,0.31,33.62
7/4/2026 17:18,8.44,1,0,-1.38,0.21,38.35
7/4/2026 17:18,8.38,1,0,-1.42,-0.27,21.62
7/4/2026 17:18,8.35,1,0,-1.46,-0.68,22.19
7/4/2026 17:18,8.35,1,0,-1.5,-1.16,31.39
7/4/2026 17:18,8.37,1,0,-1.54,-1.71,30.81
7/4/2026 17:18,8.41,1,0,-1.58,1.28,27.72
7/4/2026 17:18,8.46,1,0,-1.62,0.75,27.16
7/4/2026 17:18,8.51,1,0,-1.66,0.24,11.52
7/4/2026 17:18,8.57,1,0,-1.7,-0.32,38.05
7/4/2026 17:18,8.63,1,0,-1.74,-0.79,29.28
7/4/2026 17:18,8.68,1,0,-1.78,-1.22,31.79
7/4/2026 17:18,8.74,1,0,-1.82,-1.65,36.42
7/4/2026 17:18,8.78,1,0,-1.86,-1.53,12.73
7/4/2026 17:18,8.82,1,0,-1.9,-1.28,12.79
7/4/2026 17:18,8.85,1,0,-1.94,-1.09,45.43
7/4/2026 17:18,8.87,1,0,-1.98,-1,47.09
7/4/2026 17:18,8.89,1,0,-2.02,-0.98,100
7/4/2026 17:18,8.9,1,0,-2.06,-1.03,31.47
7/4/2026 17:18,8.91,1,0,-2.1,-1.16,30.86
7/4/2026 17:18,8.91,1,0,-2.14,-1.37,30.88
7/4/2026 17:18,8.91,1,0,-2.18,-1.76,32.33
7/4/2026 17:18,8.9,1,0,-2.22,-1.34,26.57
7/4/2026 17:18,8.9,1,0,-2.26,-0.93,36.2
7/4/2026 17:18,8.89,1,0,-2.3,-0.42,8.51
7/4/2026 17:18,8.88,1,0,-2.34,0.15,30.96
7/4/2026 17:18,8.87,1,0,-2.38,0.57,18.07
7/4/2026 17:18,8.86,1,0,-2.42,1.11,15.94
7/4/2026 17:18,8.85,1,0,-2.46,1.68,15.5
7/4/2026 17:18,8.84,1,0,-2.5,-1.26,100
7/4/2026 17:18,8.83,1,0,-2.54,-0.78,13.96
7/4/2026 17:18,8.83,1,0,-2.58,-0.26,56.96
7/4/2026 17:18,8.82,0,0,-2.62,0.18,50.48
7/4/2026 17:18,8.79,0,0,-2.66,0.53,39.44
7/4/2026 17:18,8.62,0,0,-2.7,0.77,27.78
7/4/2026 17:18,8.26,0,0,-2.74,0.87,30.63
7/4/2026 17:18,7.82,0,0,-2.78,0.91,31.96
7/4/2026 17:18,7.33,0,0,-2.82,0.87,55.45
7/4/2026 17:18,6.87,0,0,-2.86,0.68,48.28
7/4/2026 17:18,6.4,0,0,-2.9,0.44,36
7/4/2026 17:18,6.03,0,0,-2.94,0.21,54.44
7/4/2026 17:18,5.75,0,0,-2.98,-0.25,22.78
7/4/2026 17:18,5.48,0,0,-3.02,-0.54,21.11
7/4/2026 17:18,5.26,0,0,-3.06,-0.86,22.67
7/4/2026 17:18,5.05,0,0,-3.1,-1.2,15.72
7/4/2026 17:18,4.84,0,0,-3.14,-1.56,30.03
7/4/2026 17:18,4.68,0,0,-3.18,1.64,28.76
7/4/2026 17:18,4.53,0,0,-3.22,1.36,20.2
7/4/2026 17:18,4.4,0,0,-3.26,1.1,24.28
7/4/2026 17:18,4.28,0,0,-3.3,0.87,11.35
7/4/2026 17:18,4.15,0,0,-3.34,0.63,11.13
7/4/2026 17:18,4.04,0,0,-3.38,0.43,32.27
7/4/2026 17:18,3.93,0,0,-3.42,0.25,15.69
7/4/2026 17:18,3.83,0,0,-3.46,0.1,29.22
7/4/2026 17:18,3.71,0,0,-3.5,-0.1,31.97
7/4/2026 17:18,3.62,0,0,-3.54,-0.21,31.7
7/4/2026 17:18,3.52,0,0,-3.58,-0.32,35.59
7/4/2026 17:18,3.44,0,0,-3.62,-0.41,35.46
7/4/2026 17:18,3.37,0,0,-3.66,-0.47,34.99
7/4/2026 17:18,3.28,0,0,-3.7,-0.54,12.41
7/4/2026 17:18,3.17,0,0,-3.74,-0.59,12.8
7/4/2026 17:18,3.09,0,0,-3.78,-0.61,39.78
7/4/2026 17:18,3.02,0,0,-3.82,-0.62,18.67
7/4/2026 17:18,2.95,0,0,-3.86,-0.61,16.18
7/4/2026 17:18,2.87,0,0,-3.9,-0.6,33.67
7/4/2026 17:18,2.81,0,0,-3.94,-0.57,19.85
7/4/2026 17:18,2.74,0,0,-3.98,-0.53,27.07
7/4/2026 17:18,2.68,0,0,-4.02,-0.48,48.56
7/4/2026 17:18,2.61,0,0,-4.06,-0.42,24.31
7/4/2026 17:18,2.56,0,0,-4.1,-0.37,29.33
7/4/2026 17:18,2.5,0,0,-4.14,-0.31,24.22
7/4/2026 17:18,2.44,0,0,-4.18,-0.22,28.05
7/4/2026 17:18,2.39,0,0,-4.22,-0.16,27.26
7/4/2026 17:18,2.31,0,0,-4.26,0.07,52.37
7/4/2026 17:18,2.24,0,0,-4.3,0.15,53.87
7/4/2026 17:18,2.19,0,0,-4.34,0.24,40.25
7/4/2026 17:18,2.11,0,0,-4.38,0.39,58.7
7/4/2026 17:18,2.05,0,0,-4.42,0.55,55.53
7/4/2026 17:18,1.99,0,0,-4.46,0.67,50.29
7/4/2026 17:18,1.94,0,0,-4.5,0.81,40.04
7/4/2026 17:18,1.9,0,0,-4.54,0.91,36.57
7/4/2026 17:18,1.86,0,0,-4.58,1.02,48.75
7/4/2026 17:18,1.82,0,0,-4.62,1.12,21.01
7/4/2026 17:18,1.78,0,0,-4.66,1.23,34.86
7/4/2026 17:18,1.74,0,0,-4.7,1.33,44.85
7/4/2026 17:18,1.7,0,0,-4.74,1.44,22.06
7/4/2026 17:18,1.67,0,0,-4.78,1.53,7.19
7/4/2026 17:18,1.63,0,0,-4.82,1.64,7.14
7/4/2026 17:18,1.6,0,0,-4.86,1.73,7.07
7/4/2026 17:18,1.57,0,0,-4.9,-1.67,6.88
7/4/2026 17:18,1.53,0,0,-4.94,-1.58,16.24
7/4/2026 17:18,1.5,0,0,-4.98,-1.48,16.09
7/4/2026 17:18,1.47,0,0,-5.02,-1.39,16.31
7/4/2026 17:18,1.43,0,0,-5.06,-1.28,29.28
7/4/2026 17:18,1.4,0,0,-5.1,-1.18,27.63
7/4/2026 17:18,1.35,0,0,-5.14,-1.06,28.93
7/4/2026 17:18,1.32,0,0,-5.18,-0.98,28.82
7/4/2026 17:18,1.3,0,0,-5.22,-0.9,22.53
7/4/2026 17:18,1.27,0,0,-5.26,-0.83,16.1
7/4/2026 17:18,1.23,0,0,-5.3,-0.72,15.32
7/4/2026 17:18,1.2,0,0,-5.34,-0.63,14.39
7/4/2026 17:18,1.16,0,0,-5.38,-0.54,14.22
7/4/2026 17:18,1.13,0,0,-5.42,-0.47,14.01
7/4/2026 17:18,1.1,0,0,-5.46,-0.39,13.95
7/4/2026 17:18,1.08,0,0,-5.5,-0.34,13.56
7/4/2026 17:18,1.06,0,0,-5.54,-0.29,14.03
7/4/2026 17:18,1.03,0,0,-5.58,-0.24,13.83
7/4/2026 17:18,1.01,0,0,-5.62,-0.2,13.93
7/4/2026 17:18,0.99,0,0,-5.66,-0.17,13.6
7/4/2026 17:18,0.96,0,0,-5.7,-0.15,13.68
7/4/2026 17:18,0.95,0,0,-5.74,-0.15,14.43
7/4/2026 17:18,0.93,0,0,-5.78,0.16,14.19
7/4/2026 17:18,0.91,0,0,-5.82,0.18,15.79
7/4/2026 17:18,0.89,0,0,-5.86,0.2,20.66
7/4/2026 17:18,0.87,0,0,-5.9,0.23,29.57
7/4/2026 17:18,0.85,0,0,-5.94,0.25,29.67
7/4/2026 17:18,0.84,0,0,-5.98,0.28,29.58
7/4/2026 17:18,0.82,0,0,-6.02,0.31,30.43
7/4/2026 17:18,0.8,0,0,-6.06,0.34,13.55
7/4/2026 17:18,0.79,0,0,-6.1,0.37,14.25
7/4/2026 17:18,0.77,0,0,-6.14,0.39,13.4
7/4/2026 17:18,0.75,0,0,-6.18,0.42,13.43
7/4/2026 17:18,0.74,0,0,-6.22,0.44,13.21
7/4/2026 17:18,0.72,0,0,-6.26,0.47,12.57
7/4/2026 17:18,0.7,0,0,-6.3,0.49,12.87
7/4/2026 17:18,0.69,0,0,-6.34,0.51,12.96
7/4/2026 17:18,0.67,0,0,-6.38,0.53,13.32
7/4/2026 17:18,0.66,0,0,-6.42,0.55,27.16
7/4/2026 17:18,0.65,0,0,-6.46,0.5,12.79
7/4/2026 17:18,0.63,0,0,-6.5,0.52,38.88
7/4/2026 17:18,0.62,0,0,-6.54,0.54,20.59
7/4/2026 17:18,0.6,0,0,-6.58,0.55,51.94
7/4/2026 17:18,0.59,0,0,-6.62,0.56,53.89
7/4/2026 17:18,0.58,0,0,-6.66,0.57,59.08
7/4/2026 17:18,0.57,0,0,-6.7,0.59,51.47
7/4/2026 17:18,0.56,0,0,-6.74,0.59,30.75
7/4/2026 17:18,0.55,0,0,-6.78,0.61,53.43
7/4/2026 17:18,0.53,0,0,-6.82,0.61,36.36
7/4/2026 17:18,0.52,0,0,-6.86,0.62,20.34
7/4/2026 17:18,0.51,0,0,-6.9,0.63,28.12
7/4/2026 17:18,0.5,0,0,-6.94,0.64,30.73
7/4/2026 17:18,0.49,0,0,-6.98,0.65,28.35
7/4/2026 17:18,0.48,0,0,-7.02,0.65,37.9
7/4/2026 17:18,0.47,0,0,-7.06,0.66,48.73
7/4/2026 17:18,0.46,0,0,-7.1,0.66,49.75
7/4/2026 17:18,0.45,0,0,-7.14,0.67,51.44
7/4/2026 17:18,0.44,0,0,-7.18,0.67,44.74
7/4/2026 17:18,0.43,0,0,-7.22,0.68,44.46
7/4/2026 17:18,0.42,0,0,-7.26,0.68,39.59
7/4/2026 17:18,0.41,0,0,-7.3,0.68,23.82
7/4/2026 17:18,0.4,0,0,-7.34,0.69,32.31
7/4/2026 17:18,0.4,0,0,-7.38,0.69,48.49
7/4/2026 17:18,0.39,0,0,-7.42,0.69,43.89
7/4/2026 17:18,0.38,0,0,-7.46,0.69,36.48
7/4/2026 17:18,0.37,0,0,-7.5,0.69,46.67
7/4/2026 17:18,0.36,0,0,-7.54,0.7,7.35
7/4/2026 17:18,0.36,0,0,-7.58,0.7,7.46
7/4/2026 17:18,0.35,0,0,-7.62,0.7,7.39
7/4/2026 17:18,0.27,0,0,-7.66,0.7,33.24
7/4/2026 17:18,0.19,0,0,-7.7,0.69,40.67
7/4/2026 17:18,0.19,0,0,-7.74,0.69,7.38
7/4/2026 17:18,0.19,0,0,-7.78,0.69,7.37
7/4/2026 17:18,0.19,0,0,-7.82,0.69,7.35
7/4/2026 17:18,0.18,0,0,-7.86,0.69,7.3
7/4/2026 17:18,0.18,0,0,-7.9,0.69,7.33
7/4/2026 17:18,0.18,0,0,-7.94,0.69,14.32
7/4/2026 17:18,0.17,0,0,-7.98,0.69,7.34
7/4/2026 17:18,0.17,0,0,-8.02,0.69,14.16
7/4/2026 17:18,0.17,0,0,-8.06,0.69,7.36
7/4/2026 17:18,0.16,0,0,-8.1,0.69,7.28
7/4/2026 17:18,0.16,0,0,-8.14,0.69,14.26
7/4/2026 17:18,0.16,0,0,-8.18,0.69,7.31
7/4/2026 17:18,0.15,0,0,-8.22,0.69,7.27
7/4/2026 17:18,0.15,0,0,-8.26,0.69,7.3
7/4/2026 17:18,0.02,0,0,-8.3,0.69,7.25
7/4/2026 17:18,0,0,0,-8.34,0.69,7.27
7/4/2026 17:18,0,0,0,-8.38,0.69,43.32
7/4/2026 17:18,0,0,0,-8.42,0.69,7.22
7/4/2026 17:18,0,0,0,-8.46,0.69,32.11
7/4/2026 17:18,0,0,0,-8.5,0.69,7.25
7/4/2026 17:18,0,0,0,-8.54,0.69,26.77
7/4/2026 17:18,0,0,0,-8.58,0.69,14.24
7/4/2026 17:18,0,0,0,-8.62,0.69,7.33
7/4/2026 17:18,0,0,0,-8.66,0.69,7.26
7/4/2026 17:18,0,0,0,-8.7,0.69,29.53
7/4/2026 17:18,0,0,0,-8.74,0.69,46.06
7/4/2026 17:18,0,0,0,-8.78,0.69,7.16
7/4/2026 17:18,0,0,0,-8.82,0.69,7.27
7/4/2026 17:18,0,0,0,-8.86,0.69,45.23
7/4/2026 17:18,0,0,0,-8.9,0.69,55.36
7/4/2026 17:18,0,0,0,-8.94,0.69,45.06
7/4/2026 17:18,0,0,0,-8.98,0.69,29.09
7/4/2026 17:18,0,0,0,-9.02,0.69,38.65
7/4/2026 17:18,0,0,0,-9.06,0.69,14.23
7/4/2026 17:18,0,0,0,-9.1,0.69,7.26
7/4/2026 17:18,0,0,0,-9.14,0.69,7.17
7/4/2026 17:18,0,0,0,-9.18,0.69,7.25
7/4/2026 17:18,0,0,0,-9.22,0.69,45.01
7/4/2026 17:18,0,0,0,-9.26,0.69,35.86
7/4/2026 17:18,0,0,0,-9.3,0.69,28.04
7/4/2026 17:18,0,0,0,-9.34,0.69,7.24
7/4/2026 17:18,0,0,0,-9.38,0.69,36.95
7/4/2026 17:18,0,0,0,-9.42,0.69,7.2
7/4/2026 17:18,0,0,0,-9.46,0.69,24.81
7/4/2026 17:18,0,0,0,-9.5,0.69,7.29
7/4/2026 17:18,0,0,0,-9.54,0.69,7.23
7/4/2026 17:18,0,0,0,-9.58,0.69,7.26
7/4/2026 17:18,0,0,0,-9.62,0.69,7.25
7/4/2026 17:18,0,0,0,-9.66,0.69,30.16
7/4/2026 17:18,0,0,0,-9.7,0.69,7.15
7/4/2026 17:18,0,0,0,-9.74,0.69,7.19
7/4/2026 17:18,0,0,0,-9.78,0.69,7.21
7/4/2026 17:18,0,0,0,-9.82,0.69,45.19
7/4/2026 17:18,0,0,0,-9.86,0.69,14.18
7/4/2026 17:18,0,0,0,-9.9,0.69,43.67
7/4/2026 17:18,0,0,0,-9.94,0.69,7.26
7/4/2026 17:18,0,0,0,-9.98,0.69,7.3
7/4/2026 17:18,0,0,0,-10.02,0.69,7.17
7/4/2026 17:18,0,0,0,-10.06,0.69,7.25
7/4/2026 17:18,0,0,0,-10.1,0.69,33.13
7/4/2026 17:18,0,0,0,-10.14,0.69,7.24
7/4/2026 17:18,0,0,0,-10.18,0.69,7.25
7/4/2026 17:18,0,0,0,-10.22,0.69,30.94
7/4/2026 17:18,0,0,0,-10.26,0.69,7.25
7/4/2026 17:18,0,0,0,-10.3,0.69,7.25
7/4/2026 17:18,0,0,0,-10.34,0.69,38.1
7/4/2026 17:18,0,0,0,-10.38,0.69,7.23
7/4/2026 17:18,0,0,0,-10.42,0.69,46.47
7/4/2026 17:18,0,0,0,-10.46,0.69,14.15
7/4/2026 17:18,0,0,0,-10.5,0.69,45.77
7/4/2026 17:18,0,0,0,-10.54,0.69,7.16
7/4/2026 17:18,0,0,0,-10.58,0.69,14.23
7/4/2026 17:18,0,0,0,-10.62,0.69,14.23
7/4/2026 17:18,0,0,0,-10.66,0.69,44.01
7/4/2026 17:18,0,0,0,-10.7,0.69,14.18
7/4/2026 17:18,0,0,0,-10.74,0.69,7.25
7/4/2026 17:18,0,0,0,-10.78,0.69,14.28
7/4/2026 17:18,0,0,0,-10.82,0.69,7.25
7/4/2026 17:18,0,0,0,-10.86,0.69,14.19
7/4/2026 17:18,0,0,0,-10.9,0.69,7.2
7/4/2026 17:18,0,0,0,-10.94,0.69,7.26
7/4/2026 17:18,0,0,0,-10.98,0.69,24.83
7/4/2026 17:18,0,0,0,-11.02,0.69,7.25
7/4/2026 17:18,0,0,0,-11.06,0.69,7.18
7/4/2026 17:18,0,0,0,-11.1,0.69,47.52
7/4/2026 17:18,0,0,0,-11.14,0.69,7.26
7/4/2026 17:18,0,0,0,-11.18,0.69,14.14
7/4/2026 17:18,0,0,0,-11.22,0.69,14.1
7/4/2026 17:18,0,0,0,-11.26,0.69,35.07
7/4/2026 17:18,0,0,0,-11.3,0.69,14.17
7/4/2026 17:18,0,0,0,-11.34,0.69,43.31
7/4/2026 17:18,0,0,0,-11.38,0.69,7.25
7/4/2026 17:18,0,0,0,-11.42,0.69,38.4
7/4/2026 17:18,0,0,0,-11.46,0.69,7.22
7/4/2026 17:18,0,0,0,-11.5,0.69,38.07
7/4/2026 17:18,0,0,0,-11.54,0.69,7.3
7/4/2026 17:18,0,0,0,-11.58,0.69,43.56
7/4/2026 17:18,0,0,0,-11.62,0.69,14.28
7/4/2026 17:18,0,0,0,-11.66,0.69,26.9
7/4/2026 17:18,0,0,0,-11.7,0.69,7.25
7/4/2026 17:18,0,0,0,-11.74,0.69,14.23
7/4/2026 17:18,0,0,0,-11.78,0.69,7.15
7/4/2026 17:18,0,0,0,-11.82,0.69,7.25
7/4/2026 17:18,0,0,0,-11.86,0.69,7.26
7/4/2026 17:18,0,0,0,-11.9,0.69,7.26
7/4/2026 17:18,0,0,0,-11.94,0.69,7.25
7/4/2026 17:18,0,0,0,-11.98,0.69,27.16
7/4/2026 17:18,0,0,0,-12.02,0.69,31.83
7/4/2026 17:18,0,0,0,-12.06,0.69,14.14
7/4/2026 17:18,0,0,0,-12.1,0.69,14.21
7/4/2026 17:18,0,0,0,-12.14,0.69,43.09
7/4/2026 17:18,0,0,0,-12.18,0.69,38.11
7/4/2026 17:18,0,0,0,-12.22,0.69,14.23
7/4/2026 17:18,0,0,0,-12.26,0.69,43.16
7/4/2026 17:18,0,0,0,-12.3,0.69,41.36
7/4/2026 17:18,0,0,0,-12.34,0.69,43.15
7/4/2026 17:18,0,0,0,-12.38,0.69,43.99
7/4/2026 17:18,0,0,0,-12.42,0.69,7.29
7/4/2026 17:18,0,0,0,-12.46,0.69,7.17
7/4/2026 17:18,0,0,0,-12.5,0.69,38.09
7/4/2026 17:18,0,0,0,-12.54,0.69,7.31
7/4/2026 17:18,0,0,0,-12.58,0.69,43.33
7/4/2026 17:18,0,0,0,-12.62,0.69,26.59
7/4/2026 17:18,0,0,0,-12.66,0.69,7.24
7/4/2026 17:18,0,0,0,-12.7,0.69,7.25
7/4/2026 17:18,0,0,0,-12.74,0.69,7.25
7/4/2026 17:18,0,0.03,0,-12.78,0.69,24.85
7/4/2026 17:18,0,0.06,0,-12.82,0.69,38.91
7/4/2026 17:18,0.05,0.09,0,-12.86,0.69,7.22
7/4/2026 17:18,0.01,0.12,0,-12.9,0.69,14.17
7/4/2026 17:18,0.02,0.15,0,-12.94,0.69,7.28
7/4/2026 17:18,0.03,0.18,0,-12.98,0.69,7.27
7/4/2026 17:18,0.05,0.21,0,-13.02,0.69,38.14
7/4/2026 17:18,0.07,0.24,0,-13.06,0.69,7.2
7/4/2026 17:18,0.15,0.27,0,-13.1,0.69,7.13
7/4/2026 17:18,0.25,0.3,0,-13.14,0.69,14.16
7/4/2026 17:18,0.3,0.33,0,-13.18,0.69,7.22
7/4/2026 17:18,0.4,0.36,0,-13.22,0.69,7.2
7/4/2026 17:18,0.51,0.39,0,-13.26,0.69,45.06
7/4/2026 17:18,0.61,0.42,0,-13.3,0.69,14
7/4/2026 17:18,0.75,0.45,0,-13.34,0.68,43.04
7/4/2026 17:18,0.89,0.48,0,-13.38,0.68,43.05
7/4/2026 17:18,1.04,0.51,0,-13.42,0.67,37.84
7/4/2026 17:18,1.19,0.54,0,-13.46,0.66,23.22
7/4/2026 17:18,1.35,0.57,0,-13.5,0.65,33.65
7/4/2026 17:18,1.53,0.6,0,-13.54,0.64,52.68
7/4/2026 17:18,1.73,0.63,0,-13.58,0.56,40.51
7/4/2026 17:18,1.94,0.66,0,-13.62,0.52,38.49
7/4/2026 17:18,2.14,0.69,0,-13.6,0.47,43.38
7/4/2026 17:18,2.34,0.72,0,-13.58,0.42,27.89
7/4/2026 17:18,2.6,0.75,0,-13.56,0.35,24.62
7/4/2026 17:18,2.81,0.78,0,-13.54,0.28,100
7/4/2026 17:18,3.06,0.81,0,-13.52,0.2,58.89
7/4/2026 17:18,3.33,0.84,0,-13.5,0.15,57.93
7/4/2026 17:18,3.58,0.87,0,-13.48,-0.2,47.98
7/4/2026 17:18,3.85,0.9,0,-13.46,-0.33,35.19
7/4/2026 17:18,4.18,0.93,0,-13.44,-0.54,28.2
7/4/2026 17:18,4.47,0.96,0,-13.42,-0.74,46.57
7/4/2026 17:18,4.8,0.99,0,-13.4,-0.98,21.46
7/4/2026 17:18,5.11,1,0,-13.38,-1.25,21.56
7/4/2026 17:18,5.46,1,0,-13.36,-1.59,27.31
7/4/2026 17:18,5.78,1,0,-13.34,1.57,15.08
7/4/2026 17:18,6.09,1,0,-13.32,1.21,29.49
7/4/2026 17:18,6.42,1,0,-13.3,0.8,29.5
7/4/2026 17:18,6.7,1,0,-13.28,0.42,28.74
7/4/2026 17:18,7.03,1,0,-13.26,-0.07,10.44
7/4/2026 17:18,7.5,1,0,-13.24,-0.8,26.08
7/4/2026 17:18,7.71,1,0,-13.22,-1.15,29.01
7/4/2026 17:18,7.93,1,0,-13.2,-1.53,30.8
7/4/2026 17:18,8.13,1,0,-13.24,-1.64,15.06
7/4/2026 17:18,8.31,1,0,-0.55,-1.35,11.31
7/4/2026 17:18,8.71,1,0,-0.55,-1.11,11.42
7/4/2026 17:18,9.29,1,0,-0.55,-0.88,43.94
7/4/2026 17:18,9.69,1,0,-0.55,-0.69,17.32
7/4/2026 17:18,10.03,1,0,-0.55,-0.54,15.93
7/4/2026 17:18,10.33,1,0,-0.55,-0.44,23.34
7/4/2026 17:18,10.61,1,0,-0.55,-0.4,22.79
7/4/2026 17:18,10.87,1,0,-0.55,-0.42,29.59
7/4/2026 17:18,11.1,1,0,-0.55,-0.51,28.89
7/4/2026 17:18,11.33,1,0,-0.55,-0.68,26.49
7/4/2026 17:18,11.51,1,0,-0.55,-0.89,26.39
7/4/2026 17:18,11.69,1,0,-0.55,-1.2,23.5
7/4/2026 17:18,11.85,1,0,-0.55,-1.6,46.03
7/4/2026 17:18,11.98,1,0,-0.55,-1.45,68.86
7/4/2026 17:18,12.08,1,0,-0.55,-0.97,85.45
7/4/2026 17:18,12.17,1,0,-0.55,-0.36,30.04
7/4/2026 17:18,12.23,1,0,-0.55,0.14,15.47
7/4/2026 17:18,12.27,1,0,-0.55,0.81,14.79
7/4/2026 17:18,12.3,1,0,-0.55,1.56,27.84
7/4/2026 17:18,12.31,1,0,-0.55,-1.22,3.76
7/4/2026 17:18,12.29,1,0,-0.55,-0.38,13.63
7/4/2026 17:18,12.26,1,0,-0.55,0.5,13.18
7/4/2026 17:18,12.2,1,0,-0.55,1.29,13.79
7/4/2026 17:18,12.12,1,0,-0.55,2.13,60.09
7/4/2026 17:18,12.09,1,0,-0.55,3.01,14.28
7/4/2026 17:18,12.08,1,0,-0.55,3.77,49.1
7/4/2026 17:18,11.87,1,0,-0.55,4.35,58.69
7/4/2026 17:19,11.64,1,0,-0.55,4.93,51.43
7/4/2026 17:19,11.38,1,0,-0.55,5.43,10.03
7/4/2026 17:19,11.06,1,0,-0.55,5.79,32.1
7/4/2026 17:19,10.7,1,0,-0.55,6,39.71
7/4/2026 17:19,10.28,1,0,-0.55,6.04,26.43
7/4/2026 17:19,9.69,1,0,-0.55,5.92,29.69
7/4/2026 17:19,9.37,1,0,-0.55,5.72,31.77
7/4/2026 17:19,8.77,1,0,-0.53,5.42,22.4
7/4/2026 17:19,8.34,1,0,-0.51,5.06,20.73
7/4/2026 17:19,7.6,1,0,-0.49,4.63,12.59
7/4/2026 17:19,7.4,1,0,-0.47,4.21,16.87
7/4/2026 17:19,7.47,1,0,-0.45,3.69,16.62
7/4/2026 17:19,7.68,1,0,-0.43,3.23,14.89
7/4/2026 17:19,7.74,1,0,-0.41,2.71,17.71
7/4/2026 17:19,7.67,1,0,-0.39,2.18,33.52
7/4/2026 17:19,7.84,1,0,-0.37,1.69,24.64
7/4/2026 17:19,8.31,1,0,-0.35,1.29,20.92
7/4/2026 17:19,8.81,1,0,-0.33,1,20.68
7/4/2026 17:19,9.4,1,0,-0.31,0.67,48.34
7/4/2026 17:19,9.96,1,0,-0.29,0.4,49.1
7/4/2026 17:19,10.49,1,0,-0.27,0.24,23.67
7/4/2026 17:19,10.98,1,0,-0.25,-0.09,50.01
7/4/2026 17:19,11.44,1,0,-0.23,-0.32,49.67
7/4/2026 17:19,11.92,1,0,-0.21,-0.41,25.87
7/4/2026 17:19,12.35,1,0,-0.19,-0.58,39.44
7/4/2026 17:19,12.76,1,0,-0.17,-0.67,33.13
7/4/2026 17:19,13.15,1,0,-0.15,-0.75,36.11
7/4/2026 17:19,13.58,1,0,-0.13,-0.86,34.83
7/4/2026 17:19,14.03,1,0,-0.11,-0.96,34.25
7/4/2026 17:19,14.42,1,0,-0.09,-1.01,33.01
7/4/2026 17:19,14.84,1,0,-0.07,-1.1,32.07
7/4/2026 17:19,15.27,1,0,-0.05,-1.16,27.83
7/4/2026 17:19,15.66,1,0,-0.03,-1.24,44.64
7/4/2026 17:19,16.09,1,0,-0.01,-1.33,31.37
7/4/2026 17:19,16.5,1,0,0.01,-1.45,28.24
7/4/2026 17:19,16.89,1,0,0.03,-1.59,28.66
7/4/2026 17:19,17.3,1,0,0.05,1.75,28.47
7/4/2026 17:19,17.71,1,0,0.07,1.52,27.13
7/4/2026 17:19,18.14,1,0,0.09,1.24,38.14
7/4/2026 17:19,18.53,1,0,0.11,0.88,22.4
7/4/2026 17:19,18.87,1,0,0.13,0.52,21.2
7/4/2026 17:19,19.23,1,0,0.11,0.04,19.83
7/4/2026 17:19,19.64,1,0,0.09,-0.62,17.89
7/4/2026 17:19,19.99,1,0,0.07,-1.25,25.76
7/4/2026 17:19,20.42,1,0,0.05,-1.39,28.89
7/4/2026 17:19,20.82,1,0,0.03,-0.51,17.27
7/4/2026 17:19,21.2,1,0,0.01,0.39,25.43
7/4/2026 17:19,21.57,1,0,-0.01,1.3,24.17
7/4/2026 17:19,21.99,1,0,-0.03,-1.15,22.45
7/4/2026 17:19,22.46,1,0,-0.05,0.16,20.82
7/4/2026 17:19,22.99,1,0,-0.07,1.62,18.87
7/4/2026 17:19,23.28,1,0,-0.09,2.87,17.44
7/4/2026 17:19,23.5,1,0,-0.11,4.2,15.78
7/4/2026 17:19,23.82,1,0,-0.13,5.28,14.45
7/4/2026 17:19,24.04,1,0,-0.15,6.47,13.17
7/4/2026 17:19,24.33,1,0,-0.17,7.63,11.85
7/4/2026 17:19,24.56,1,0,-0.19,8.69,10.66
7/4/2026 17:19,7.23,1,0,-0.21,8.76,6.68
7/4/2026 17:19,5.87,1,0,-0.23,8.85,13.2
7/4/2026 17:19,0.98,1,0,-0.25,8.81,13.72
7/4/2026 17:19,2.89,1,0,-0.27,8.84,13.68
7/4/2026 17:19,4.45,1,0,-0.29,8.9,13.67
7/4/2026 17:19,5.59,1,0,-0.31,8.97,13.49
7/4/2026 17:19,1.74,1,0,-0.33,8.98,13.08
7/4/2026 17:19,0.64,1,0,-0.35,8.91,13.45
7/4/2026 17:19,1.43,1,0,-0.37,8.9,13.14
7/4/2026 17:19,0.21,1,0,-0.39,8.89,12.83
7/4/2026 17:19,0.06,1,0,-0.41,8.89,12.75
7/4/2026 17:19,0.04,0,0,-0.43,8.89,12.81
7/4/2026 17:19,0.03,0,0,-0.45,8.88,12.71
7/4/2026 17:19,0.02,0.03,0,-0.49,8.88,12.94
7/4/2026 17:19,0.1,0.06,0,-0.53,8.88,12.96
7/4/2026 17:19,0.1,0.09,0,-0.57,8.88,13.04
7/4/2026 17:19,0.1,0.12,0,-0.61,8.88,12.87
7/4/2026 17:19,0.1,0.15,0,-0.59,8.88,12.85
7/4/2026 17:19,0.15,0.18,0,-0.57,8.88,16.69
7/4/2026 17:19,0.16,0.21,0,-0.55,8.88,12.82
7/4/2026 17:19,0.19,0.24,0,-0.53,8.88,12.87
7/4/2026 17:19,0.23,0.27,0,-0.51,8.87,13.09
7/4/2026 17:19,0.27,0.3,0,-0.49,8.87,13.23
7/4/2026 17:19,0.35,0.33,0,-0.47,8.87,13.25
7/4/2026 17:19,0.41,0.36,0,-0.45,8.87,13.14
7/4/2026 17:19,0.49,0.39,0,-0.43,8.86,13.15
7/4/2026 17:19,0.61,0.42,0,-0.41,8.86,13.46
7/4/2026 17:19,0.73,0.45,0,-0.39,8.85,16.88
7/4/2026 17:19,0.83,0.48,0,-0.37,8.84,13.3
7/4/2026 17:19,0.99,0.51,0,-0.35,8.83,17.66
7/4/2026 17:19,1.16,0.54,0,-0.33,8.81,13.35
7/4/2026 17:19,1.36,0.57,0,-0.31,8.79,13.69
7/4/2026 17:19,1.53,0.6,0,-0.29,8.76,13.72
7/4/2026 17:19,1.72,0.63,0,-0.27,8.73,17.37
7/4/2026 17:19,1.89,0.66,0,-0.25,8.7,13.64
7/4/2026 17:19,2.05,0.69,0,-0.23,8.66,13.13
7/4/2026 17:19,2.2,0.72,0,-0.21,8.62,13.3
7/4/2026 17:19,2.4,0.75,0,-0.19,8.57,13.47
7/4/2026 17:19,2.69,0.78,0,-0.17,8.47,7.57
7/4/2026 17:19,2.91,0.81,0,-0.15,8.39,13.3
7/4/2026 17:19,3.13,0.84,0,-0.13,8.31,13.95
7/4/2026 17:19,3.35,0.87,0,-0.11,8.23,14
7/4/2026 17:19,3.6,0.9,0,-0.09,8.12,14.15
7/4/2026 17:19,3.87,0.93,0,-0.07,8.01,14.16
7/4/2026 17:19,4.16,0.96,0,-0.05,7.88,13.74
7/4/2026 17:19,4.28,0.99,0,-0.03,7.82,9.11
7/4/2026 17:19,4.66,1,0,-0.01,7.6,9.46
7/4/2026 17:19,4.98,1,0,0.01,7.47,9.76
7/4/2026 17:19,5.33,1,0,0.03,7.3,14.89
7/4/2026 17:19,5.68,1,0,0.05,7.11,15.75
7/4/2026 17:19,6.02,1,0,0.07,6.91,15.93
7/4/2026 17:19,6.37,1,0,0.09,6.7,11.23
7/4/2026 17:19,6.7,1,0,0.11,6.49,11.65
7/4/2026 17:19,7.03,1,0,0.13,6.26,17.83
7/4/2026 17:19,7.38,1,0,0.15,6.02,19.31
7/4/2026 17:19,7.71,1,0,0.17,5.79,19.03
7/4/2026 17:19,8.02,1,0,0.19,5.56,8.56
7/4/2026 17:19,8.2,0,0,0.21,5.32,20.97
7/4/2026 17:19,8.2,0,0,0.23,5.11,25.83
7/4/2026 17:19,8.18,0.03,0,0.19,4.89,28.24
7/4/2026 17:19,5.95,0.06,0,0.15,4.69,8.57
7/4/2026 17:19,4.39,0.09,0,0.11,4.56,28.83
7/4/2026 17:19,2.97,0.12,0,0.09,4.5,16.15
7/4/2026 17:19,1.67,0.15,0,0.07,4.46,9.33
7/4/2026 17:19,0.9,0.18,0,0.05,4.45,9.34
7/4/2026 17:19,0.55,0.21,0,0.03,4.44,9.42
7/4/2026 17:19,0.36,0.24,0,0.01,4.44,9.39
7/4/2026 17:19,0.22,0.27,0,-0.01,4.43,30.38
7/4/2026 17:19,0.14,0.3,0,-0.03,4.43,9.47
7/4/2026 17:19,0.02,0.33,0,-0.05,4.43,9.42
7/4/2026 17:19,0.09,0.36,0,-0.07,4.43,9.5
7/4/2026 17:19,0.21,0.39,0,-0.09,4.43,9.44
7/4/2026 17:19,0.36,0.42,0,-0.11,4.43,9.41
7/4/2026 17:19,0.55,0.45,0,-0.13,4.43,9.39
7/4/2026 17:19,0.74,0.48,0,-0.15,4.44,9.37
7/4/2026 17:19,0.98,0.51,0,-0.17,4.44,9.28
7/4/2026 17:19,1.19,0.54,0,-0.19,4.44,9.16
7/4/2026 17:19,1.39,0.57,0,-0.21,4.44,9.09
7/4/2026 17:19,1.62,0.6,0,-0.23,4.44,8.97
7/4/2026 17:19,1.93,0.63,0,-0.25,4.43,30.11
7/4/2026 17:19,2.22,0.66,0,-0.27,4.42,8.65
7/4/2026 17:19,2.58,0.69,0,-0.29,4.41,8.49
7/4/2026 17:19,2.86,0.72,0,-0.31,4.39,34.48
7/4/2026 17:19,3.14,0.75,0,-0.33,4.36,36.2
7/4/2026 17:19,3.4,0.78,0,-0.35,4.32,29.92
7/4/2026 17:19,3.69,0.81,0,-0.37,4.28,30.29
7/4/2026 17:19,3.98,0.84,0,-0.41,4.23,11.66
7/4/2026 17:19,4.31,0.87,0,-0.45,4.15,25.56
7/4/2026 17:19,4.63,0.9,0,-0.49,4.06,22.61
7/4/2026 17:19,4.92,0.93,0,-0.53,3.97,25.63
7/4/2026 17:19,5.28,0.96,0,-0.57,3.82,35.51
7/4/2026 17:19,5.56,0.99,0,-0.61,3.63,21.88
7/4/2026 17:19,5.9,1,0,-0.65,3.35,18.55
7/4/2026 17:19,6.3,1,0,-0.69,3.12,15.14
7/4/2026 17:19,6.7,1,0,-0.73,2.82,15.34
7/4/2026 17:19,6.85,1,0,-0.77,2.5,17.41
7/4/2026 17:19,7.31,1,0,-0.81,2.06,34.32
7/4/2026 17:19,7.61,1,0,-0.79,1.64,21.73
7/4/2026 17:19,8.1,1,0,-0.77,0.93,17.84
7/4/2026 17:19,8.45,1,0,-0.75,0.4,21.02
7/4/2026 17:19,8.83,1,0,-0.73,-0.38,22.41
7/4/2026 17:19,9.14,1,0,-0.71,-0.93,28.6
7/4/2026 17:19,9.43,1,0,-0.69,-1.54,30.53
7/4/2026 17:19,9.69,1,0,-0.67,1.42,26.55
7/4/2026 17:19,9.97,1,0,-0.65,0.81,26.85
7/4/2026 17:19,10.24,1,0,-0.63,0.19,27.7
7/4/2026 17:19,10.51,1,0,-0.61,-0.39,43.26
7/4/2026 17:19,10.73,1,0,-0.59,-0.86,34.86
7/4/2026 17:19,10.94,1,0,-0.57,-1.25,100
7/4/2026 17:19,11.15,1,0,-0.55,-1.58,54.2
7/4/2026 17:19,11.33,1,0,-0.53,-1.69,36.79
7/4/2026 17:19,11.53,1,0,-0.51,-1.52,31.72
7/4/2026 17:19,11.71,1,0,-0.49,-1.46,26.83
7/4/2026 17:19,11.9,1,0,-0.47,-1.48,25.39
7/4/2026 17:19,12.08,1,0,-0.45,-1.61,42.53
7/4/2026 17:19,12.27,1,0,-0.43,-1.65,17.99
7/4/2026 17:19,12.46,1,0,-0.41,-1.29,40.42
7/4/2026 17:19,12.72,1,0,-0.39,-0.64,17.24
7/4/2026 17:19,12.92,1,0,-0.37,-0.09,36.18
7/4/2026 17:19,13.11,1,0,-0.35,0.64,8.21
7/4/2026 17:19,13.33,1,0,-0.33,1.44,32.02
7/4/2026 17:19,13.55,1,0,-0.31,-1.19,29.4
7/4/2026 17:19,13.78,1,0,-0.29,-0.29,27.61
7/4/2026 17:19,14,1,0,-0.27,0.58,25.96
7/4/2026 17:19,14.26,1,0,-0.25,1.57,24.36
7/4/2026 17:19,14.49,1,0,-0.23,2.49,23.47
7/4/2026 17:19,14.73,1,0,-0.21,3.51,17.89
7/4/2026 17:19,15.05,1,0,-0.19,4.55,9.04
7/4/2026 17:19,15.24,1,0,-0.17,5.42,8.18
7/4/2026 17:19,15.42,1,0,-0.15,6.31,19.77
7/4/2026 17:19,15.71,1,0,-0.13,7.14,18.93
7/4/2026 17:19,16.06,1,0,-0.11,8.1,18.3
7/4/2026 17:19,16.44,1,0,-0.09,9.12,17.81
7/4/2026 17:19,16.82,1,0,-0.07,10.09,16.83
7/4/2026 17:19,17.21,1,0,-0.05,11.04,11.51
7/4/2026 17:19,17.63,1,0,-0.03,12.03,15.23
7/4/2026 17:19,18.02,1,0,-0.01,12.97,9.2
7/4/2026 17:19,18.44,1,0,0.01,13.94,8.42
7/4/2026 17:19,18.82,1,0,0.03,14.82,7.26
7/4/2026 17:19,19.2,1,0,0.05,15.71,6.2
7/4/2026 17:19,19.79,1,0,0.07,17.17,4.32
7/4/2026 17:19,20.23,1,0,0.09,18.31,7.44
7/4/2026 17:19,20.64,1,0,0.11,19.48,6.08
7/4/2026 17:19,6.36,1,0,0.13,20.16,5.38
7/4/2026 17:19,1.86,1,0,0.15,20.07,5.55
7/4/2026 17:19,0.46,1,0,0.17,20.07,5.6
7/4/2026 17:19,2.16,1,0,0.19,20.15,5.48
7/4/2026 17:19,3.48,1,0,0.21,20.32,5.25
7/4/2026 17:19,0.67,1,0,0.23,20.42,5.21
7/4/2026 17:19,0.13,1,0,0.19,20.44,5.17
7/4/2026 17:19,0.04,1,0,0.15,20.44,5.16
7/4/2026 17:19,0.06,1,0,0.11,20.44,5.16
7/4/2026 17:19,0.05,0,0,0.07,20.45,5.16
7/4/2026 17:19,0.04,0,0,0.03,20.45,5.16
7/4/2026 17:19,0.03,0,0,0,20.45,5.16
7/4/2026 17:19,0.03,0,0,0,20.45,5.17
7/4/2026 17:19,0.03,0,0,0,20.45,5.16
7/4/2026 17:19,0.03,0,0,0,20.45,5.16
7/4/2026 17:19,0.02,0,0,0,20.45,5.16
7/4/2026 17:19,0.01,0,0,0,20.45,5.16
7/4/2026 17:19,0.01,0,0,0,20.45,5.16
7/4/2026 17:19,0.01,0,0,0,20.44,5.16
7/4/2026 17:19,0,0,0,0,20.44,5.16
7/4/2026 17:19,0,0,0,0,20.44,5.18
7/4/2026 17:19,0,0,0,0,20.44,5.16
7/4/2026 17:19,0,0,0,0,20.44,5.16
7/4/2026 17:19,0,0,0,0,20.44,5.16
7/4/2026 17:19,0,0,0,0,20.44,5.16
7/4/2026 17:19,0,0,0,0,20.44,5.16
7/4/2026 17:19,0,0,0,0,20.44,5.16
7/4/2026 17:19,0,0,0,0,20.44,5.21
7/4/2026 17:19,0,0,0,0,20.44,5.16
7/4/2026 17:19,0,0,0,0,20.44,5.17
7/4/2026 17:19,0,0,0,0,20.44,5.37
7/4/2026 17:19,0,0,0,0,20.44,5.19
7/4/2026 17:19,0,0,0,0,20.44,5.18
7/4/2026 17:19,0,0,0,0,20.44,5.17
7/4/2026 17:19,0,0,0,0,20.44,5.18
7/4/2026 17:19,0,0,0,0,20.44,5.16
7/4/2026 17:19,0,0,0,0,20.44,5.16
7/4/2026 17:19,0,0,0,0,20.44,5.16
7/4/2026 17:19,0,0,0,0,20.44,5.17
7/4/2026 17:19,0,0,0,0,20.44,5.21
7/4/2026 17:19,0,0,0,0,20.44,5.17
7/4/2026 17:19,0,0,0,0,20.44,5.16
7/4/2026 17:19,0,0,0,0,20.44,5.16
7/4/2026 17:19,0,0,0,0,20.44,5.16
7/4/2026 17:19,0,0,0,0,20.44,5.16
7/4/2026 17:19,0,0,0,0,20.44,5.17
7/4/2026 17:19,0,0,0,0,20.44,5.17
7/4/2026 17:19,0,0,0,0,20.44,5.16
7/4/2026 17:19,0,0,0,0,20.44,5.19
7/4/2026 17:19,0,0,0,0,20.44,5.17
7/4/2026 17:19,0,0,0,0,20.44,5.16
7/4/2026 17:19,0,0,0,0,20.44,5.16
7/4/2026 17:19,0,0,0,0,20.44,5.16
7/4/2026 17:19,0,0,0,0,20.44,5.17
7/4/2026 17:19,0,0,0,0,20.44,5.16
7/4/2026 17:19,0,0,0,0,20.44,5.16
7/4/2026 17:19,0,0,0,0,20.44,5.17
7/4/2026 17:19,0,0,0,0,20.44,5.16
7/4/2026 17:19,0,0,0,0,20.44,5.16
7/4/2026 17:19,0,0,0,0,20.44,5.17
7/4/2026 17:19,0,0,0,0,20.44,5.17
7/4/2026 17:19,0,0,0,0,20.44,5.16
7/4/2026 17:19,0,0,0,0,20.44,5.17
7/4/2026 17:19,0,0,0,0,20.44,5.19
7/4/2026 17:19,0,0,0,0,20.44,5.17
7/4/2026 17:19,0,0,0,0,20.44,5.16
7/4/2026 17:19,0,0,0,0,20.44,5.17
7/4/2026 17:19,0,0,0,0,20.44,5.16
7/4/2026 17:19,0,0,0,0,20.44,5.16
7/4/2026 17:19,0,0,0,0,20.44,5.28
7/4/2026 17:19,0,0,0,0,20.44,5.16
7/4/2026 17:19,0,0,0,0,20.44,5.17
7/4/2026 17:19,0,0,0,0,20.44,5.18
7/4/2026 17:19,0,0,0,0,20.44,5.16
7/4/2026 17:19,0,0,0,0,20.44,5.17
7/4/2026 17:19,0,0,0,0,20.44,5.16
7/4/2026 17:19,0,0,0,0,20.44,5.17
7/4/2026 17:19,0,0,0,0,20.44,5.16
7/4/2026 17:19,0,0,0,0,20.44,5.16
7/4/2026 17:19,0,0,0,0,20.44,5.16
7/4/2026 17:19,0,0,0,0,20.44,5.2
7/4/2026 17:19,0,0,0,0,20.44,5.16
7/4/2026 17:19,0,0,0,0,20.44,5.17
7/4/2026 17:19,0,0,0,0,20.44,5.18
7/4/2026 17:19,0,0,0,0,20.44,5.23
7/4/2026 17:19,0,0,0,0,20.44,5.17
7/4/2026 17:19,0,0,0,0,20.44,5.18
7/4/2026 17:19,0,0,0,0,20.44,5.2
7/4/2026 17:19,0,0,0,0,20.44,5.18
7/4/2026 17:19,0,0,0,0,20.44,5.17
7/4/2026 17:19,0,0,0,0,20.44,5.24
7/4/2026 17:19,0,0,0,0,20.44,5.18
7/4/2026 17:19,0,0,0,0,20.44,5.17
7/4/2026 17:19,0,0,0,0,20.44,5.16
7/4/2026 17:19,0,0,0,0,20.44,5.31
7/4/2026 17:19,0,0,0,0,20.44,5.16
7/4/2026 17:19,0,0,0,0,20.44,5.16
7/4/2026 17:19,0,0,0,0,20.44,5.16
7/4/2026 17:19,0,0,0,0,20.44,5.16
7/4/2026 17:19,0,0,0,0,20.44,5.17
7/4/2026 17:19,0,0,0,0,20.44,5.17
7/4/2026 17:19,0,0,0,0,20.44,5.16
7/4/2026 17:19,0,0,0,0,20.44,5.16
7/4/2026 17:19,0,0,0,0,20.44,5.22
7/4/2026 17:19,0,0,0,0,20.44,5.3
7/4/2026 17:19,0,0,0,0,20.44,5.16
7/4/2026 17:19,0,0,0,0,20.44,5.16
7/4/2026 17:19,0,0,0,0,20.44,5.17
7/4/2026 17:19,0,0,0,0,20.44,5.18
7/4/2026 17:19,0,0,0,0,20.44,5.16
7/4/2026 17:19,0,0,0,0,20.44,5.18
7/4/2026 17:19,0,0,0,0,20.44,5.29
7/4/2026 17:19,0,0,0,0,20.44,5.17
7/4/2026 17:19,0,0,0,0,20.44,5.16
7/4/2026 17:19,0,0,0,0,20.44,5.16
7/4/2026 17:19,0,0,0,0,20.44,5.2
7/4/2026 17:19,0,0,0,0,20.44,5.16
7/4/2026 17:19,0,0,0,0,20.44,5.17
7/4/2026 17:19,0,0,0,0,20.44,5.16
7/4/2026 17:19,0,0,0,0,20.44,5.2
7/4/2026 17:19,0,0,0,0,20.44,5.17
7/4/2026 17:19,0,0,0,0,20.44,5.18
7/4/2026 17:19,0,0,0,0,20.44,5.18
7/4/2026 17:19,0,0,0,0,20.44,5.33
7/4/2026 17:19,0,0,0,0,20.44,5.18
7/4/2026 17:19,0,0,0,0,20.44,5.16
7/4/2026 17:19,0,0,0,0,20.44,5.17
7/4/2026 17:19,0,0,0,0,20.44,5.16
7/4/2026 17:19,0,0,0,0,20.44,5.19
7/4/2026 17:19,0,0,0,0,20.44,5.16
7/4/2026 17:19,0,0,0,0,20.44,5.26
7/4/2026 17:19,0,0,0,0,20.44,5.19
7/4/2026 17:19,0,0,0,0,20.44,5.16
7/4/2026 17:19,0,0,0,0,20.44,5.16
7/4/2026 17:19,0,0,0,0,20.44,5.16
7/4/2026 17:19,0,0,0,0,20.44,5.16
7/4/2026 17:19,0,0,0,0,20.44,5.31
7/4/2026 17:19,0,0,0,0,20.44,5.16
7/4/2026 17:19,0,0,0,0,20.44,5.17
7/4/2026 17:19,0,0,0,0,20.44,5.24
7/4/2026 17:19,0,0,0,0,20.44,5.28
7/4/2026 17:19,0,0,0,0,20.44,5.17
7/4/2026 17:19,0,0,0,0,20.44,5.17
7/4/2026 17:19,0,0,0,0,20.44,5.23
7/4/2026 17:19,0,0,0,0,20.44,5.16
7/4/2026 17:19,0,0,0,0,20.44,5.19
7/4/2026 17:19,0,0,0,0,20.44,5.17
7/4/2026 17:19,0,0,0,0,20.44,5.17
7/4/2026 17:19,0,0,0,0,20.44,5.16
7/4/2026 17:19,0,0,0,0,20.44,5.17
7/4/2026 17:19,0,0,0,0,20.44,5.18
7/4/2026 17:19,0,0,0,0,20.44,5.16
7/4/2026 17:19,0,0,0,0,20.44,5.19
7/4/2026 17:19,0,0,0,0,20.44,5.18
7/4/2026 17:19,0,0,0,0,20.44,5.3
7/4/2026 17:19,0,0,0,0,20.44,5.16
7/4/2026 17:19,0,0,0,0,20.44,5.17
7/4/2026 17:19,0,0,0,0,20.44,5.17
7/4/2026 17:19,0,0,0,0,20.44,5.16
7/4/2026 17:19,0,0,0,0,20.44,5.33
7/4/2026 17:19,0,0,0,0,20.44,5.17
7/4/2026 17:19,0,0,0,0,20.44,5.26
7/4/2026 17:19,0,0,0,0,20.44,5.31
7/4/2026 17:19,0,0,0,0,20.44,5.16
7/4/2026 17:19,0,0,0,0,20.44,5.16
7/4/2026 17:19,0,0,0,0,20.44,5.16
7/4/2026 17:19,0,0,0,0,20.44,5.18
7/4/2026 17:19,0,0,0,0,20.44,5.17
7/4/2026 17:19,0,0,0,0,20.44,5.16
7/4/2026 17:19,0,0,0,0,20.44,5.16
7/4/2026 17:19,0,0,0,0,20.44,5.17
7/4/2026 17:19,0,0,0,0,20.44,5.16
7/4/2026 17:19,0,0,0,0,20.44,5.17
7/4/2026 17:19,0,0,0,0,20.44,5.16
7/4/2026 17:19,0,0,0,0,20.44,5.29
7/4/2026 17:19,0,0,0,0,20.44,5.17
7/4/2026 17:19,0,0,0,0,20.44,5.17
7/4/2026 17:19,0,0,0,0,20.44,5.19
7/4/2026 17:19,0,0,0,0,20.44,5.16
7/4/2026 17:19,0,0,0,0,20.44,5.17
7/4/2026 17:19,0,0,0,0,20.44,5.16
7/4/2026 17:19,0,0,0,0,20.44,5.19
7/4/2026 17:19,0,0,0,0,20.44,5.17
7/4/2026 17:19,0,0,0,0,20.44,5.16
7/4/2026 17:19,0,0,0,0,20.44,5.18
7/4/2026 17:19,0,0,0,0,20.44,5.17
7/4/2026 17:19,0,0,0,0,20.44,5.17
7/4/2026 17:19,0,0,0,0,20.44,5.21
7/4/2026 17:19,0,0,0,0,20.44,5.16
7/4/2026 17:19,0,0,0,0,20.44,5.18
7/4/2026 17:19,0,0,0,0,20.44,5.16
7/4/2026 17:19,0,0,0,0,20.44,5.18
7/4/2026 17:19,0,0,0,0,20.44,5.17
7/4/2026 17:19,0,0,0,0,20.44,5.17
7/4/2026 17:19,0,0,0,0,20.44,5.16
7/4/2026 17:19,0,0,0,0,20.44,5.16
7/4/2026 17:19,0,0,0,0,20.44,5.17
7/4/2026 17:19,0,0,0,0,20.44,5.25
7/4/2026 17:19,0,0,0,0,20.44,5.39
7/4/2026 17:19,0,0,0,0,20.44,5.17
7/4/2026 17:19,0,0,0,0,20.44,5.17
7/4/2026 17:19,0,0,0,0,20.44,5.16
7/4/2026 17:19,0,0,0,0,20.44,5.19
7/4/2026 17:19,0,0,0,0,20.44,5.16
7/4/2026 17:19,0,0,0,0,20.44,5.16
7/4/2026 17:19,0,0,0,0,20.44,5.16
7/4/2026 17:19,0,0,0,0,20.44,5.16
7/4/2026 17:19,0,0,0,0,20.44,5.19
7/4/2026 17:19,0,0,0,0,20.44,5.17
7/4/2026 17:19,0,0,0,0,20.44,5.21
7/4/2026 17:19,0,0,0,0,20.44,5.18
7/4/2026 17:19,0,0,0,0,20.44,5.17
7/4/2026 17:19,0,0,0,0,20.44,5.2
7/4/2026 17:19,0,0,0,0,20.44,5.16
7/4/2026 17:19,0,0,0,0,20.44,5.17
7/4/2026 17:19,0,0,0,0,20.44,5.17
7/4/2026 17:19,0,0,0,0,20.44,5.16
7/4/2026 17:19,0,0,0,0,20.44,5.16
7/4/2026 17:19,0,0,0,0,20.44,5.17
7/4/2026 17:19,0,0,0,0,20.44,5.18
7/4/2026 17:19,0,0,0,0,20.44,5.16
7/4/2026 17:19,0,0,0,0,20.44,5.16
7/4/2026 17:19,0,0,0,0,20.44,5.17
7/4/2026 17:19,0,0,0,0,20.44,5.17
7/4/2026 17:19,0,0,0,0,20.44,5.19
7/4/2026 17:19,0,0,0,0,20.44,5.16
7/4/2026 17:19,0,0,0,0,20.44,5.16
7/4/2026 17:19,0,0,0,0,20.44,5.16
7/4/2026 17:19,0,0,0,0,20.44,5.18
7/4/2026 17:19,0,0,0,0,20.44,5.19
7/4/2026 17:19,0,0,0,0,20.44,5.28
7/4/2026 17:19,0,0,0,0,20.44,5.2
7/4/2026 17:19,0,0,0,0,20.44,5.21
7/4/2026 17:19,0,0,0,0,20.44,5.16
7/4/2026 17:19,0,0,0,0,20.44,5.17
7/4/2026 17:19,0,0,0,0,20.44,5.16
7/4/2026 17:19,0,0,0,0,20.44,5.28
7/4/2026 17:19,0,0,0,0,20.44,5.19
7/4/2026 17:19,0,0,0,0,20.44,5.3
7/4/2026 17:19,0,0,0,0,20.44,5.16
7/4/2026 17:19,0,0,0,0,20.44,5.17
7/4/2026 17:19,0,0,0,0,20.44,5.16
7/4/2026 17:19,0,0,0,0,20.44,5.16
7/4/2026 17:19,0,0,0,0,20.44,5.17
7/4/2026 17:19,0,0,0,0,20.44,5.2
7/4/2026 17:19,0,0,0,0,20.44,5.16
7/4/2026 17:19,0,0,0,0,20.44,5.16
7/4/2026 17:19,0,0,0,0,20.44,5.19
7/4/2026 17:19,0,0,0,0,20.44,5.16
7/4/2026 17:19,0,0,0,0,20.44,5.19
7/4/2026 17:19,0,0,0,0,20.44,5.17
7/4/2026 17:19,0,0,0,0,20.44,5.16
7/4/2026 17:19,0,0,0,0,20.44,5.23
7/4/2026 17:19,0,0,0,0,20.44,5.2
7/4/2026 17:19,0,0,0,0,20.44,5.19
7/4/2026 17:19,0,0,0,0,20.44,5.19
7/4/2026 17:19,0,0,0,0,20.44,5.16
7/4/2026 17:19,0,0,0,0,20.44,5.2
7/4/2026 17:19,0,0,0,0,20.44,5.18
7/4/2026 17:19,0,0,0,0,20.44,5.16
7/4/2026 17:19,0,0,0,0,20.44,5.16
7/4/2026 17:19,0,0,0,0,20.44,5.16
7/4/2026 17:19,0,0,0,0,20.44,5.19
7/4/2026 17:19,0,0,0,0,20.44,5.16
7/4/2026 17:19,0,0,0,0,20.44,5.16
7/4/2026 17:19,0,0,0,0,20.44,5.17
7/4/2026 17:19,0,0,0,0,20.44,5.16
7/4/2026 17:19,0,0,0,0,20.44,5.16
7/4/2026 17:19,0,0,0,0,20.44,5.17
7/4/2026 17:19,0,0,0,0,20.44,5.16
7/4/2026 17:19,0,0,0,0,20.44,5.16
7/4/2026 17:19,0,0,0,0,20.44,5.18
7/4/2026 17:19,0,0,0,0,20.44,5.16
7/4/2026 17:19,0,0,0,0,20.44,5.2
7/4/2026 17:19,0,0,0,0,20.44,5.16
7/4/2026 17:19,0,0,0,0,20.44,5.16
7/4/2026 17:19,0,0,0,0,20.44,5.16
7/4/2026 17:19,0,0,0,0,20.44,5.18
7/4/2026 17:19,0,0,0,0,20.44,5.28
7/4/2026 17:19,0,0,0,0,20.44,5.22
7/4/2026 17:19,0,0,0,0,20.44,5.16
7/4/2026 17:19,0,0,0,0,20.44,5.18
7/4/2026 17:19,0,0,0,0,20.44,5.16
7/4/2026 17:19,0,0,0,0,20.44,5.16
7/4/2026 17:19,0,0,0,0,20.44,5.17
7/4/2026 17:19,0,0,0,0,20.44,5.18
7/4/2026 17:19,0,0,0,0,20.44,5.17
7/4/2026 17:19,0,0,0,0,20.44,5.16
7/4/2026 17:19,0,0,0,0,20.44,5.17
7/4/2026 17:19,0,0,0,0,20.44,5.18
7/4/2026 17:19,0,0,0,0,20.44,100
7/4/2026 17:19,0,0,0,0,20.44,5.2
7/4/2026 17:19,0,0,0,0,20.44,5.16
7/4/2026 17:19,0,0,0,0,20.44,5.16
7/4/2026 17:19,0,0,0,0,20.44,5.16
7/4/2026 17:19,0,0,0,0,20.44,5.34
7/4/2026 17:19,0,0,0,0,20.44,5.17
7/4/2026 17:19,0,0,0,0,20.44,5.16
7/4/2026 17:19,0,0,0,0,20.44,5.17
7/4/2026 17:19,0,0,0,0,20.44,5.24
7/4/2026 17:19,0,0,0,0,20.44,5.17
7/4/2026 17:19,0,0,0,0,20.44,5.19
7/4/2026 17:19,0,0,0,0,20.44,5.2
7/4/2026 17:19,0,0,0,0,20.44,5.16
7/4/2026 17:19,0,0,0,0,20.44,5.19
7/4/2026 17:19,0,0,0,0,20.44,5.16
7/4/2026 17:19,0,0,0,0,20.44,5.16
7/4/2026 17:19,0,0,0,0,20.44,5.2
7/4/2026 17:19,0,0,0,0,20.44,5.16
7/4/2026 17:19,0,0,0,0,20.44,5.29
7/4/2026 17:19,0,0,0,0,20.44,5.16
7/4/2026 17:19,0,0,0,0,20.44,5.16
7/4/2026 17:19,0,0,0,0,20.44,5.32
7/4/2026 17:19,0,0,0,0,20.44,5.16
7/4/2026 17:19,0,0,0,0,20.44,5.31
7/4/2026 17:19,0,0,0,0,20.44,5.18
7/4/2026 17:19,0,0,0,0,20.44,5.18
7/4/2026 17:19,0,0,0,0,20.44,5.16
7/4/2026 17:19,0,0,0,0,20.44,5.2
7/4/2026 17:19,0,0,0,0,20.44,5.21
7/4/2026 17:19,0,0,0,0,20.44,5.16
7/4/2026 17:19,0,0,0,0,20.44,5.17
7/4/2026 17:19,0,0,0,0,20.44,5.17
7/4/2026 17:19,0,0,0,0,20.44,5.16
7/4/2026 17:19,0,0,0,0,20.44,5.16
7/4/2026 17:19,0,0,0,0,20.44,5.17
7/4/2026 17:19,0,0,0,0,20.44,5.16
7/4/2026 17:19,0,0,0,0,20.44,5.24
7/4/2026 17:19,0,0,0,0,20.44,5.17
7/4/2026 17:19,0,0,0,0,20.44,5.19
7/4/2026 17:19,0,0,0,0,20.44,5.18
7/4/2026 17:19,0,0,0,0,20.44,5.18
7/4/2026 17:19,0,0,0,0,20.44,5.16
7/4/2026 17:19,0,0,0,0,20.44,5.16
7/4/2026 17:19,0,0,0,0,20.44,5.16
7/4/2026 17:19,0,0,0,0,20.44,5.16
7/4/2026 17:19,0,0,0,0,20.44,5.16
7/4/2026 17:19,0,0,0,0,20.44,5.29
7/4/2026 17:19,0,0,0,0,20.44,5.17
7/4/2026 17:19,0,0,0,0,20.44,5.18
7/4/2026 17:19,0,0,0,0,20.44,5.16
7/4/2026 17:19,0,0,0,0,20.44,5.16
7/4/2026 17:19,0,0,0,0,20.44,5.16
7/4/2026 17:19,0,0,0,0,20.44,5.16
7/4/2026 17:19,0,0,0,0,20.44,5.16
7/4/2026 17:19,0,0,0,0,20.44,5.16
7/4/2026 17:19,0,0,0,0,20.44,5.17
7/4/2026 17:19,0,0,0,0,20.44,5.18
7/4/2026 17:19,0,0,0,0,20.44,5.34
7/4/2026 17:19,0,0,0,0,20.44,5.18
7/4/2026 17:19,0,0,0,0,20.44,5.16
7/4/2026 17:19,0,0,0,0,20.44,5.16
7/4/2026 17:19,0,0,0,0,20.44,5.16
7/4/2026 17:19,0,0,0,0,20.44,5.17
7/4/2026 17:19,0,0,0,0,20.44,5.21
7/4/2026 17:19,0,0,0,0,20.44,5.16
7/4/2026 17:19,0,0,0,0,20.44,5.29
7/4/2026 17:19,0,0,0,0,20.44,5.18
7/4/2026 17:19,0,0,0,0,20.44,5.16
7/4/2026 17:19,0,0,0,0,20.44,5.16
7/4/2026 17:19,0,0,0,0,20.44,5.16
7/4/2026 17:19,0,0,0,0,20.44,5.16
7/4/2026 17:19,0,0,0,0,20.44,5.16
7/4/2026 17:19,0,0,0,0,20.44,5.19
7/4/2026 17:19,0,0,0,0,20.44,5.16
7/4/2026 17:19,0,0,0,0,20.44,5.16
7/4/2026 17:19,0,0,0,0,20.44,5.17
7/4/2026 17:19,0,0,0,0,20.44,5.17
7/4/2026 17:19,0,0,0,0,20.44,5.16
7/4/2026 17:19,0,0,0,0,20.44,5.16
7/4/2026 17:19,0,0,0,0,20.44,5.17
7/4/2026 17:19,0,0,0,0,20.44,100
7/4/2026 17:19,0,0,0,0,20.44,5.27
7/4/2026 17:19,0,0,0,0,20.44,5.28
7/4/2026 17:19,0,0,0,0,20.44,5.17
7/4/2026 17:19,0,0,0,0,20.44,5.17
7/4/2026 17:19,0,0,0,0,20.44,100
7/4/2026 17:19,0,0,0,0,20.44,5.17
7/4/2026 17:19,0,0,0,0,20.44,5.16
7/4/2026 17:19,0,0,0,0,20.44,5.28
7/4/2026 17:19,0,0,0,0,20.44,5.23
7/4/2026 17:19,0,0,0,0,20.44,5.16
7/4/2026 17:19,0,0,0,0,20.44,5.16
7/4/2026 17:19,0,0,0,0,20.44,5.18
7/4/2026 17:19,0,0,0,0,20.44,5.17
7/4/2026 17:19,0,0,0,0,20.44,5.16
7/4/2026 17:19,0,0,0,0,20.44,5.17
7/4/2026 17:19,0,0,0,0,20.44,5.24
7/4/2026 17:19,0,0,0,0,20.44,5.16
7/4/2026 17:19,0,0,0,0,20.44,5.16
7/4/2026 17:19,0,0,0,0,20.44,5.19
7/4/2026 17:19,0,0,0,0,20.44,5.39
7/4/2026 17:19,0,0,0,0,20.44,5.16
7/4/2026 17:19,0,0,0,0,20.44,5.16
7/4/2026 17:19,0,0,0,0,20.44,5.18
7/4/2026 17:19,0,0,0,0,20.44,5.18
7/4/2026 17:19,0,0,0,0,20.44,5.16
7/4/2026 17:19,0,0,0,0,20.44,5.21
7/4/2026 17:19,0,0,0,0,20.44,5.16
7/4/2026 17:19,0,0,0,0,20.44,5.16
7/4/2026 17:19,0,0,0,0,20.44,5.22
7/4/2026 17:19,0,0,0,0,20.44,5.17
7/4/2026 17:19,0,0,0,0,20.44,5.18
7/4/2026 17:19,0,0,0,0,20.44,5.29
7/4/2026 17:19,0,0,0,0,20.44,5.19
7/4/2026 17:19,0,0,0,0,20.44,5.22
7/4/2026 17:19,0,0,0,0,20.44,5.18
7/4/2026 17:19,0,0,0,0,20.44,5.17
7/4/2026 17:19,0,0,0,0,20.44,5.16
7/4/2026 17:19,0,0,0,0,20.44,5.25
7/4/2026 17:19,0,0,0,0,20.44,5.28
7/4/2026 17:19,0,0,0,0,20.44,5.19
7/4/2026 17:19,0,0,0,0,20.44,5.16
7/4/2026 17:19,0,0,0,0,20.44,5.16
7/4/2026 17:19,0,0,0,0,20.44,5.16
7/4/2026 17:19,0,0,0,0,20.44,5.21
7/4/2026 17:19,0,0,0,0,20.44,5.16
7/4/2026 17:19,0,0,0,0,20.44,5.17
7/4/2026 17:19,0,0,0,0,20.44,5.17
7/4/2026 17:19,0,0,0,0,20.44,5.17
7/4/2026 17:19,0,0,0,0,20.44,5.16
7/4/2026 17:19,0,0,0,0,20.44,5.17
7/4/2026 17:19,0,0,0,0,20.44,5.19
7/4/2026 17:19,0,0,0,0,20.44,5.17
7/4/2026 17:19,0,0,0,0,20.44,100
7/4/2026 17:19,0,0,0,0,20.44,5.18
7/4/2026 17:19,0,0,0,0,20.44,5.16
7/4/2026 17:19,0,0,0,0,20.44,5.29
7/4/2026 17:19,0,0,0,0,20.44,5.16
7/4/2026 17:19,0,0,0,0,20.44,5.16
7/4/2026 17:19,0,0,0,0,20.44,5.17
7/4/2026 17:19,0,0,0,0,20.44,5.21
7/4/2026 17:19,0,0,0,0,20.44,5.17
7/4/2026 17:19,0,0,0,0,20.44,5.16
7/4/2026 17:19,0,0,0,0,20.44,5.18
7/4/2026 17:19,0,0,0,0,20.44,5.18
7/4/2026 17:19,0,0,0,0,20.44,5.16
7/4/2026 17:19,0,0,0,0,20.44,5.17
7/4/2026 17:19,0,0,0,0,20.44,5.17
7/4/2026 17:19,0,0,0,0,20.44,5.28
7/4/2026 17:19,0,0,0,0,20.44,5.24
7/4/2026 17:19,0,0,0,0,20.44,5.18
7/4/2026 17:19,0,0,0,0,20.44,5.18
7/4/2026 17:19,0,0,0,0,20.44,5.16
7/4/2026 17:19,0,0,0,0,20.44,5.18
7/4/2026 17:19,0,0,0,0,20.44,5.16
7/4/2026 17:19,0,0,0,0,20.44,5.18
7/4/2026 17:19,0,0,0,0,20.44,5.27
7/4/2026 17:19,0,0,0,0,20.44,5.19
7/4/2026 17:19,0,0,0,0,20.44,5.21
7/4/2026 17:19,0,0,0,0,20.44,5.16
7/4/2026 17:19,0,0,0,0,20.44,5.17
7/4/2026 17:19,0,0,0,0,20.44,5.18
7/4/2026 17:19,0,0,0,0,20.44,5.18
7/4/2026 17:19,0,0,0,0,20.44,5.2
7/4/2026 17:19,0,0,0,0,20.44,5.18
7/4/2026 17:19,0,0,0,0,20.44,5.16
7/4/2026 17:19,0,0,0,0,20.44,5.16
7/4/2026 17:19,0,0,0,0,20.44,5.16
7/4/2026 17:19,0,0,0,0,20.44,5.16
7/4/2026 17:19,0,0,0,0,20.44,5.16
7/4/2026 17:19,0,0,0,0,20.44,5.17
7/4/2026 17:19,0,0,0,0,20.44,5.17
7/4/2026 17:19,0,0,0,0,20.44,5.17
7/4/2026 17:19,0,0,0,0,20.44,5.17
7/4/2026 17:19,0,0,0,0,20.44,5.21
7/4/2026 17:19,0,0,0,0,20.44,5.33
7/4/2026 17:19,0,0,0,0,20.44,5.18
7/4/2026 17:19,0,0,0,0,20.44,5.16
7/4/2026 17:19,0,0,0,0,20.44,5.16
7/4/2026 17:19,0,0,0,0,20.44,5.17
7/4/2026 17:19,0,0,0,0,20.44,5.16
7/4/2026 17:19,0,0,0,0,20.44,5.16
7/4/2026 17:19,0,0,0,0,20.44,5.16
7/4/2026 17:19,0,0,0,0,20.44,5.16
7/4/2026 17:19,0,0,0,0,20.44,5.3
7/4/2026 17:19,0,0,0,0,20.44,5.17
7/4/2026 17:19,0,0,0,0,20.44,5.18
7/4/2026 17:19,0,0,0,0,20.44,5.16
7/4/2026 17:19,0,0,0,0,20.44,5.16
7/4/2026 17:19,0,0,0,0,20.44,5.2
7/4/2026 17:19,0,0,0,0,20.44,5.16
7/4/2026 17:19,0,0,0,0,20.44,5.17
7/4/2026 17:19,0,0,0,0,20.44,5.17
7/4/2026 17:19,0,0,0,0,20.44,5.19
7/4/2026 17:19,0,0,0,0,20.44,5.18
7/4/2026 17:19,0,0,0,0,20.44,5.16
7/4/2026 17:19,0,0,0,0,20.44,5.2
7/4/2026 17:19,0,0,0,0,20.44,5.19
7/4/2026 17:19,0,0,0,0,20.44,5.17
7/4/2026 17:19,0,0,0,0,20.44,5.16
7/4/2026 17:19,0,0,0,0,20.44,5.16
7/4/2026 17:19,0,0,0,0,20.44,5.16
7/4/2026 17:19,0,0,0,0,20.44,5.16
7/4/2026 17:19,0,0,0,0,20.44,5.16
7/4/2026 17:19,0,0,0,0,20.44,5.21
7/4/2026 17:19,0,0,0,0,20.44,5.17
7/4/2026 17:19,0,0,0,0,20.44,5.18
7/4/2026 17:19,0,0,0,0,20.44,5.19
7/4/2026 17:19,0,0,0,0,20.44,5.17
7/4/2026 17:19,0,0,0,0,20.44,5.16
7/4/2026 17:19,0,0,0,0,20.44,5.3
7/4/2026 17:19,0,0,0,0,20.44,5.19
7/4/2026 17:19,0,0,0,0,20.44,5.16
7/4/2026 17:19,0,0,0,0,20.44,5.16
7/4/2026 17:19,0,0,0,0,20.44,5.16
7/4/2026 17:19,0,0,0,0,20.44,5.16
7/4/2026 17:19,0,0,0,0,20.44,5.19
7/4/2026 17:19,0,0,0,0,20.44,5.17
7/4/2026 17:19,0,0,0,0,20.44,5.16
7/4/2026 17:19,0,0,0,0,20.44,5.16
7/4/2026 17:19,0,0,0,0,20.44,5.19
7/4/2026 17:19,0,0,0,0,20.44,5.16
7/4/2026 17:19,0,0,0,0,20.44,5.18
7/4/2026 17:19,0,0,0,0,20.44,5.17
7/4/2026 17:19,0,0,0,0,20.44,5.28
7/4/2026 17:19,0,0,0,0,20.44,5.16
7/4/2026 17:19,0,0,0,0,20.44,5.19
7/4/2026 17:19,0,0,0,0,20.44,5.24
7/4/2026 17:19,0,0,0,0,20.44,5.2
7/4/2026 17:19,0,0,0,0,20.44,5.19
7/4/2026 17:19,0,0,0,0,20.44,5.16
7/4/2026 17:19,0,0,0,0,20.44,5.24
7/4/2026 17:19,0,0,0,0,20.44,5.16
7/4/2026 17:19,0,0,0,0,20.44,5.17
7/4/2026 17:19,0,0,0,0,20.44,5.16
7/4/2026 17:19,0,0,0,0,20.44,5.17
7/4/2026 17:19,0,0,0,0,20.44,5.19
7/4/2026 17:19,0,0,0,0,20.44,5.16
7/4/2026 17:19,0,0,0,0,20.44,100
7/4/2026 17:19,0,0,0,0,20.44,5.16
7/4/2026 17:19,0,0,0,0,20.44,5.3
7/4/2026 17:19,0,0,0,0,20.44,5.16
7/4/2026 17:19,0,0,0,0,20.44,5.16
7/4/2026 17:19,0,0,0,0,20.44,5.17
7/4/2026 17:19,0,0,0,0,20.44,5.16
7/4/2026 17:19,0,0,0,0,20.44,5.18
7/4/2026 17:19,0,0,0,0,20.44,5.16
7/4/2026 17:19,0,0,0,0,20.44,5.19
7/4/2026 17:19,0,0,0,0,20.44,5.16
7/4/2026 17:19,0,0,0,0,20.44,5.16
7/4/2026 17:19,0,0,0,0,20.44,5.16
7/4/2026 17:19,0,0,0,0,20.44,5.18
7/4/2026 17:19,0,0,0,0,20.44,5.16
7/4/2026 17:19,0,0,0,0,20.44,5.28
7/4/2026 17:19,0,0,0,0,20.44,5.18
7/4/2026 17:19,0,0,0,0,20.44,5.16
7/4/2026 17:19,0,0,0,0,20.44,5.17
7/4/2026 17:19,0,0,0,0,20.44,5.16
7/4/2026 17:19,0,0,0,0,20.44,5.16
7/4/2026 17:19,0,0,0,0,20.44,5.16
7/4/2026 17:19,0,0,0,0,20.44,5.24
7/4/2026 17:19,0,0,0,0,20.44,5.17
7/4/2026 17:19,0,0,0,0,20.44,5.16
7/4/2026 17:19,0,0,0,0,20.44,5.16
7/4/2026 17:19,0,0,0,0,20.44,5.16
7/4/2026 17:19,0,0,0,0,20.44,5.16
7/4/2026 17:19,0,0,0,0,20.44,5.19
7/4/2026 17:19,0,0,0,0,20.44,5.16
7/4/2026 17:19,0,0,0,0,20.44,5.17
7/4/2026 17:19,0,0,0,0,20.44,5.17
7/4/2026 17:19,0,0,0,0,20.44,5.16
7/4/2026 17:19,0,0,0,0,20.44,5.16
7/4/2026 17:19,0,0,0,0,20.44,5.17
7/4/2026 17:19,0,0,0,0,20.44,5.16
7/4/2026 17:19,0,0,0,0,20.44,5.2
7/4/2026 17:19,0,0,0,0,20.44,5.17
7/4/2026 17:19,0,0,0,0,20.44,5.16
7/4/2026 17:19,0,0,0,0,20.44,5.19
7/4/2026 17:19,0,0,0,0,20.44,5.16
7/4/2026 17:19,0,0,0,0,20.44,5.18
7/4/2026 17:19,0,0,0,0,20.44,5.21
7/4/2026 17:19,0,0,0,0,20.44,5.16
7/4/2026 17:19,0,0,0,0,20.44,5.18
7/4/2026 17:19,0,0,0,0,20.44,5.17
7/4/2026 17:19,0,0,0,0,20.44,5.21
7/4/2026 17:19,0,0,0,0,20.44,5.16
7/4/2026 17:19,0,0,0,0,20.44,5.16
7/4/2026 17:19,0,0,0,0,20.44,5.16
7/4/2026 17:19,0,0,0,0,20.44,5.16
7/4/2026 17:19,0,0,0,0,20.44,5.18
7/4/2026 17:19,0,0,0,0,20.44,5.2
7/4/2026 17:19,0,0,0,0,20.44,5.19
7/4/2026 17:19,0,0,0,0,20.44,5.17
7/4/2026 17:19,0,0,0,0,20.44,5.19
7/4/2026 17:19,0,0,0,0,20.44,5.17
7/4/2026 17:19,0,0,0,0,20.44,5.19
7/4/2026 17:19,0,0,0,0,20.44,5.17
7/4/2026 17:19,0,0,0,0,20.44,5.17
7/4/2026 17:19,0,0,0,0,20.44,5.17
7/4/2026 17:19,0,0,0,0,20.44,5.25
7/4/2026 17:19,0,0,0,0,20.44,5.21
7/4/2026 17:19,0,0,0,0,20.44,5.21
7/4/2026 17:19,0,0,0,0,20.44,5.16
7/4/2026 17:19,0,0,0,0,20.44,5.3
7/4/2026 17:19,0,0,0,0,20.44,5.35
7/4/2026 17:19,0,0,0,0,20.44,5.17
7/4/2026 17:19,0,0,0,0,20.44,5.19
7/4/2026 17:19,0,0,0,0,20.44,5.2
7/4/2026 17:19,0,0,0,0,20.44,5.16
7/4/2026 17:19,0,0,0,0,20.44,5.17
7/4/2026 17:19,0,0,0,0,20.44,5.19
7/4/2026 17:19,0,0,0,0,20.44,5.16
7/4/2026 17:19,0,0,0,0,20.44,5.18
7/4/2026 17:19,0,0,0,0,20.44,5.16
7/4/2026 17:19,0,0,0,0,20.44,5.17
7/4/2026 17:19,0,0,0,0,20.44,5.16
7/4/2026 17:19,0,0,0,0,20.44,5.16
7/4/2026 17:19,0,0,0,0,20.44,5.17
7/4/2026 17:19,0,0,0,0,20.44,5.16
7/4/2026 17:19,0,0,0,0,20.44,5.16
7/4/2026 17:19,0,0,0,0,20.44,5.16
7/4/2026 17:19,0,0,0,0,20.44,5.17
7/4/2026 17:19,0,0,0,0,20.44,5.22
7/4/2026 17:19,0,0,0,0,20.44,5.16
7/4/2026 17:19,0,0,0,0,20.44,5.17
7/4/2026 17:19,0,0,0,0,20.44,5.18
7/4/2026 17:19,0,0,0,0,20.44,5.37
7/4/2026 17:19,0,0,0,0,20.44,5.2
7/4/2026 17:19,0,0,0,0,20.44,5.21
7/4/2026 17:19,0,0,0,0,20.44,100
7/4/2026 17:19,0,0,0,0,20.44,5.18
7/4/2026 17:19,0,0,0,0,20.44,5.16
7/4/2026 17:19,0,0,0,0,20.44,5.17
7/4/2026 17:19,0,0,0,0,20.44,5.16
7/4/2026 17:19,0,0,0,0,20.44,5.18
7/4/2026 17:19,0,0,0,0,20.44,5.33
7/4/2026 17:19,0,0,0,0,20.44,5.17
7/4/2026 17:19,0,0,0,0,20.44,5.16
7/4/2026 17:19,0,0,0,0,20.44,5.21
7/4/2026 17:19,0,0,0,0,20.44,5.17
7/4/2026 17:19,0,0,0,0,20.44,5.17
7/4/2026 17:19,0,0,0,0,20.44,5.17
7/4/2026 17:19,0,0,0,0,20.44,5.17
7/4/2026 17:19,0,0,0,0,20.44,5.16
7/4/2026 17:19,0,0,0,0,20.44,5.21
7/4/2026 17:19,0,0,0,0,20.44,5.16
7/4/2026 17:19,0,0,0,0,20.44,5.16
7/4/2026 17:19,0,0,0,0,20.44,5.19
7/4/2026 17:19,0,0,0,0,20.44,5.18
7/4/2026 17:19,0,0,0,0,20.44,5.16
7/4/2026 17:19,0,0,0,0,20.44,5.16
7/4/2026 17:19,0,0,0,0,20.44,5.18
7/4/2026 17:19,0,0,0,0,20.44,5.21
7/4/2026 17:19,0,0,0,0,20.44,5.16
7/4/2026 17:19,0,0,0,0,20.44,5.16
7/4/2026 17:19,0,0,0,0,20.44,5.16
7/4/2026 17:19,0,0,0,0,20.44,5.2
7/4/2026 17:19,0,0,0,0,20.44,5.17
7/4/2026 17:19,0,0,0,0,20.44,5.16
7/4/2026 17:19,0,0,0,0,20.44,5.16
7/4/2026 17:19,0,0,0,0,20.44,5.16
7/4/2026 17:19,0,0,0,0,20.44,5.19
7/4/2026 17:19,0,0,0,0,20.44,5.16
7/4/2026 17:20,0,0,0,0,20.44,5.24
7/4/2026 17:20,0,0,0,0,20.44,5.16
7/4/2026 17:20,0,0,0,0,20.44,5.19
7/4/2026 17:20,0,0,0,0,20.44,5.16
7/4/2026 17:20,0,0,0,0,20.44,5.16
7/4/2026 17:20,0,0,0,0,20.44,5.16
7/4/2026 17:20,0,0,0,0,20.44,5.16
7/4/2026 17:20,0,0,0,0,20.44,5.18
7/4/2026 17:20,0,0,0,0,20.44,5.17
7/4/2026 17:20,0,0,0,0,20.44,5.16
7/4/2026 17:20,0,0,0,0,20.44,5.17
7/4/2026 17:20,0,0,0,0,20.44,5.16
7/4/2026 17:20,0,0,0,0,20.44,5.16
7/4/2026 17:20,0,0,0,0,20.44,5.16
7/4/2026 17:20,0,0,0,0,20.44,5.17
7/4/2026 17:20,0,0,0,0,20.44,5.16
7/4/2026 17:20,0,0,0,0,20.44,5.17
7/4/2026 17:20,0,0,0,0,20.44,5.16
7/4/2026 17:20,0,0,0,0,20.44,5.18
7/4/2026 17:20,0,0,0,0,20.44,5.18
7/4/2026 17:20,0,0,0,0,20.44,5.16
7/4/2026 17:20,0,0,0,0,20.44,5.16
7/4/2026 17:20,0,0,0,0,20.44,5.16
7/4/2026 17:20,0,0,0,0,20.44,5.22
7/4/2026 17:20,0,0,0,0,20.44,5.16
7/4/2026 17:20,0,0,0,0,20.44,5.16
7/4/2026 17:20,0,0,0,0,20.44,5.16
7/4/2026 17:20,0,0,0,0,20.44,5.17
7/4/2026 17:20,0,0,0,0,20.44,5.16
7/4/2026 17:20,0,0,0,0,20.44,5.23
7/4/2026 17:20,0,0,0,0,20.44,5.2
7/4/2026 17:20,0,0,0,0,20.44,5.16
7/4/2026 17:20,0,0,0,0,20.44,5.24
7/4/2026 17:20,0,0,0,0,20.44,5.29
7/4/2026 17:20,0,0,0,0,20.44,5.18
7/4/2026 17:20,0,0,0,0,20.44,5.16
7/4/2026 17:20,0,0,0,0,20.44,5.18
7/4/2026 17:20,0,0,0,0,20.44,5.2
7/4/2026 17:20,0,0,0,0,20.44,5.16
7/4/2026 17:20,0,0,0,0,20.44,5.24
7/4/2026 17:20,0,0,0,0,20.44,5.16
7/4/2026 17:20,0,0,0,0,20.44,5.18
7/4/2026 17:20,0,0,0,0,20.44,5.19
7/4/2026 17:20,0,0,0,0,20.44,5.17
7/4/2026 17:20,0,0,0,0,20.44,5.31
7/4/2026 17:20,0,0,0,0,20.44,5.18
7/4/2026 17:20,0,0,0,0,20.44,100
7/4/2026 17:20,0,0,0,0,20.44,5.16
7/4/2026 17:20,0,0,0,0,20.44,5.16
7/4/2026 17:20,0,0,0,0,20.44,5.16
7/4/2026 17:20,0,0,0,0,20.44,5.18
7/4/2026 17:20,0,0,0,0,20.44,5.16
7/4/2026 17:20,0,0,0,0,20.44,5.21
7/4/2026 17:20,0,0,0,0,20.44,5.16
7/4/2026 17:20,0,0,0,0,20.44,5.18
7/4/2026 17:20,0,0,0,0,20.44,5.17
7/4/2026 17:20,0,0,0,0,20.44,5.16
7/4/2026 17:20,0,0,0,0,20.44,5.18
7/4/2026 17:20,0,0,0,0,20.44,5.17
7/4/2026 17:20,0,0,0,0,20.44,5.16
7/4/2026 17:20,0,0,0,0,20.44,5.16
7/4/2026 17:20,0,0,0,0,20.44,5.16
7/4/2026 17:20,0,0,0,0,20.44,5.16
7/4/2026 17:20,0,0,0,0,20.44,5.16
7/4/2026 17:20,0,0,0,0,20.44,5.16
7/4/2026 17:20,0,0,0,0,20.44,5.16
7/4/2026 17:20,0,0,0,0,20.44,5.16
7/4/2026 17:20,0,0,0,0,20.44,5.19
7/4/2026 17:20,0,0,0,0,20.44,5.29
7/4/2026 17:20,0,0,0,0,20.44,5.19
7/4/2026 17:20,0,0,0,0,20.44,5.17
7/4/2026 17:20,0,0,0,0,20.44,5.16
7/4/2026 17:20,0,0,0,0,20.44,5.16
7/4/2026 17:20,0,0,0,0,20.44,5.16
7/4/2026 17:20,0,0,0,0,20.44,5.2
7/4/2026 17:20,0,0,0,0,20.44,5.19
7/4/2026 17:20,0,0,0,0,20.44,5.3
7/4/2026 17:20,0,0,0,0,20.44,5.16
7/4/2026 17:20,0,0,0,0,20.44,5.19
7/4/2026 17:20,0,0,0,0,20.44,5.28
7/4/2026 17:20,0,0,0,0,20.44,5.19
7/4/2026 17:20,0,0,0,0,20.44,5.27
7/4/2026 17:20,0,0,0,0,20.44,5.16
7/4/2026 17:20,0,0,0,0,20.44,5.21
7/4/2026 17:20,0,0,0,0,20.44,5.16
7/4/2026 17:20,0,0,0,0,20.44,5.16
7/4/2026 17:20,0,0,0,0,20.44,5.18
7/4/2026 17:20,0,0,0,0,20.44,5.16
7/4/2026 17:20,0,0,0,0,20.44,5.16
7/4/2026 17:20,0,0,0,0,20.44,5.18
7/4/2026 17:20,0,0,0,0,20.44,5.16
7/4/2026 17:20,0,0,0,0,20.44,5.16
7/4/2026 17:20,0,0,0,0,20.44,5.18
7/4/2026 17:20,0,0,0,0,20.44,5.34
7/4/2026 17:20,0,0,0,0,20.44,5.18
7/4/2026 17:20,0,0,0,0,20.44,5.16
7/4/2026 17:20,0,0,0,0,20.44,5.23
7/4/2026 17:20,0,0,0,0,20.44,5.16
7/4/2026 17:20,0,0,0,0,20.44,5.19
7/4/2026 17:20,0,0,0,0,20.44,5.16
7/4/2026 17:20,0,0,0,0,20.44,5.17
7/4/2026 17:20,0,0,0,0,20.44,5.19
7/4/2026 17:20,0,0,0,0,20.44,5.16
7/4/2026 17:20,0,0,0,0,20.44,5.16
7/4/2026 17:20,0,0,0,0,20.44,5.18
7/4/2026 17:20,0,0,0,0,20.44,5.16
7/4/2026 17:20,0,0,0,0,20.44,5.16
7/4/2026 17:20,0,0,0,0,20.44,5.16
7/4/2026 17:20,0,0,0,0,20.44,5.17
7/4/2026 17:20,0,0,0,0,20.44,5.17
7/4/2026 17:20,0,0,0,0,20.44,5.17
7/4/2026 17:20,0,0,0,0,20.44,5.16
7/4/2026 17:20,0,0,0,0,20.44,5.16
7/4/2026 17:20,0,0,0,0,20.44,5.17
7/4/2026 17:20,0,0,0,0,20.44,5.17
7/4/2026 17:20,0,0,0,0,20.44,5.16
7/4/2026 17:20,0,0,0,0,20.44,5.16
7/4/2026 17:20,0,0,0,0,20.44,5.2
7/4/2026 17:20,0,0,0,0,20.44,5.3
7/4/2026 17:20,0,0,0,0,20.44,5.16
7/4/2026 17:20,0,0,0,0,20.44,5.18
7/4/2026 17:20,0,0,0,0,20.44,5.18
7/4/2026 17:20,0,0,0,0,20.44,5.23
7/4/2026 17:20,0,0,0,0,20.44,5.17
7/4/2026 17:20,0,0,0,0,20.44,5.17
7/4/2026 17:20,0,0,0,0,20.44,5.2
7/4/2026 17:20,0,0,0,0,20.44,5.21
7/4/2026 17:20,0,0,0,0,20.44,100
7/4/2026 17:21,0.28,0,0,0,-0.01,100
7/4/2026 17:21,0.99,0,0,0,-0.01,77.56
7/4/2026 17:21,1.97,0,0,0,-0.01,100
7/4/2026 17:21,2.64,0,0,0,-0.01,97.29
7/4/2026 17:21,3,0,0,0,-0.01,100
7/4/2026 17:21,0.8,0,0,0,-0.01,32.57
7/4/2026 17:21,0.02,0,0,0,-0.01,70.29
7/4/2026 17:21,0.22,0,0,0,-0.01,100
7/4/2026 17:21,0.24,0,0,0,-0.01,87.18
7/4/2026 17:21,0.2,0,0,0,-0.01,24.51
7/4/2026 17:21,0.14,0,0,0,-0.01,79.26
7/4/2026 17:21,0.1,0,0,0,-0.01,85.67
7/4/2026 17:21,0.06,0.03,0,0,-0.01,71.99
7/4/2026 17:21,0.04,0.06,0,0,-0.01,41.53
7/4/2026 17:21,0.02,0.09,0,0,-0.01,95.47
7/4/2026 17:21,0.01,0.12,0,0,-0.01,65.51
7/4/2026 17:21,0.01,0.15,0,0,-0.01,78.61
7/4/2026 17:21,0.01,0.18,0,0,-0.01,34.32
7/4/2026 17:21,0,0.21,0,0,-0.01,27.47
7/4/2026 17:21,0,0.24,0,0,-0.01,96.86
7/4/2026 17:21,0,0.27,0,0,-0.01,56.45
7/4/2026 17:21,0,0.3,0,0,-0.01,100
7/4/2026 17:21,0,0.33,0,0,-0.01,60.74
7/4/2026 17:21,0,0.36,0,0,-0.01,42.66
7/4/2026 17:21,0,0.39,0,0,-0.01,96.35
7/4/2026 17:21,0,0.42,0,0,-0.01,91.38
7/4/2026 17:21,0,0.45,0,0,-0.01,56.61
7/4/2026 17:21,0,0.48,0,0,-0.01,23.66
7/4/2026 17:21,0,0.51,0,0,-0.01,49.04
7/4/2026 17:21,0,0.54,0,0,-0.01,84.67
7/4/2026 17:21,0.15,0.57,0,0,-0.01,33.15
7/4/2026 17:21,1.43,0.6,0,0,-0.01,26.01
7/4/2026 17:21,2.05,0.63,0,0,-0.01,100
7/4/2026 17:21,2.47,0.66,0,0,-0.01,30.76
7/4/2026 17:21,2.76,0.69,0,0,-0.01,24.83
7/4/2026 17:21,3.05,0.72,0,0,-0.01,51.31
7/4/2026 17:21,3.32,0.75,0,0,-0.01,33.41
7/4/2026 17:21,3.62,0.78,0,0,-0.01,40.37
7/4/2026 17:21,3.93,0.81,0,0,-0.01,39.46
7/4/2026 17:21,4.29,0.84,0,0,-0.01,31.12
7/4/2026 17:21,4.72,0.87,0,0,-0.01,40.33
7/4/2026 17:21,5.09,0.9,0,0,-0.01,36.73
7/4/2026 17:21,5.45,0.93,0,0,-0.01,100
7/4/2026 17:21,5.82,0.96,0,0,-0.01,95.45
7/4/2026 17:21,6.27,0.99,0,0,-0.01,67.95
7/4/2026 17:21,6.71,1,0,0,-0.01,73.55
7/4/2026 17:21,7.14,1,0,0,-0.01,55.25
7/4/2026 17:21,7.74,1,0,0,-0.01,36.12
7/4/2026 17:21,8.22,1,0,0,-0.01,78.68
7/4/2026 17:21,8.66,1,0,0,-0.01,80.72
7/4/2026 17:21,9.08,1,0,0,-0.01,44.15
7/4/2026 17:21,9.53,1,0,0,-0.01,33.24
7/4/2026 17:21,9.96,1,0,0,-0.01,52.41
7/4/2026 17:21,10.4,1,0,0,-0.01,41.51
7/4/2026 17:21,10.84,1,0,0,-0.01,40.5
7/4/2026 17:21,11.29,1,0,0,-0.01,28.69
7/4/2026 17:21,11.69,1,0,0,-0.01,100
7/4/2026 17:21,12.25,1,0,0,-0.01,100
7/4/2026 17:21,12.88,1,0,0,-0.01,86.93
7/4/2026 17:21,13.28,1,0,0,-0.01,85.15
7/4/2026 17:21,13.73,1,0,0,-0.01,79.65
7/4/2026 17:21,14.24,1,0,0,-0.01,27
7/4/2026 17:21,14.69,1,0,0,-0.01,61.08
7/4/2026 17:21,15.3,1,0,0,-0.01,30.59
7/4/2026 17:21,15.76,1,0,0,-0.01,26.24
7/4/2026 17:21,16.14,1,0,0,-0.01,73.83
7/4/2026 17:21,16.55,1,0,-0.02,-0.01,53.33
7/4/2026 17:21,16.96,1,0,-0.04,-0.01,25
7/4/2026 17:21,17.37,1,0,-0.06,-0.02,63.93
7/4/2026 17:21,17.77,1,0,-0.08,-0.04,25.83
7/4/2026 17:21,18.13,1,0,-0.1,-0.07,68.48
7/4/2026 17:21,18.5,1,0,-0.12,-0.13,41.54
7/4/2026 17:21,18.85,1,0,-0.14,-0.21,93.21
7/4/2026 17:21,19.19,1,0,-0.16,-0.24,25.38
7/4/2026 17:21,19.52,1,0,-0.18,-0.2,91.57
7/4/2026 17:21,19.82,1,0,-0.2,-0.15,78.67
7/4/2026 17:21,20.13,1,0,-0.22,0.22,37.9
7/4/2026 17:21,20.32,1,0,-0.24,0.45,25.32
7/4/2026 17:21,20.51,0,0,-0.26,0.76,30.58
7/4/2026 17:21,20.63,0,0,-0.28,-1.04,43.35
7/4/2026 17:21,20.48,0,0,-0.3,-0.43,15.73
7/4/2026 17:21,20.04,0,0,-0.32,0.29,22.19
7/4/2026 17:21,19.39,0,0,-0.34,0.86,42.09
7/4/2026 17:21,18.26,0,0,-0.36,0.47,34.67
7/4/2026 17:21,17.45,0,0,-0.38,-0.34,32.37
7/4/2026 17:21,16.64,0,0,-0.34,0.45,29.19
7/4/2026 17:21,15.75,0.63,0,-0.3,1.34,29.67
7/4/2026 17:21,14.97,0.66,0,-0.26,2.18,20.29
7/4/2026 17:21,14.2,0.69,0,-0.22,3.13,33.96
7/4/2026 17:21,13.7,0.72,0,-0.18,-2.57,90.3
7/4/2026 17:21,13.39,0.75,0,-0.14,-1.99,100
7/4/2026 17:21,13.25,0.78,0,-0.1,-1.56,24.98
7/4/2026 17:21,13.25,0.81,0,-0.06,-1.21,55.1
7/4/2026 17:21,13.37,0.84,0,-0.02,-1.03,41.77
7/4/2026 17:21,13.62,0.87,0,0,-0.97,32.48
7/4/2026 17:21,13.97,0.9,0,0,-1.08,24.72
7/4/2026 17:21,14.3,0.93,0,0,-1.32,35.3
7/4/2026 17:21,14.63,0.96,0,0,-1.59,85.29
7/4/2026 17:21,14.98,0.99,0,0,1.61,24.08
7/4/2026 17:21,15.48,1,0,0,1.21,83.43
7/4/2026 17:21,15.9,1,0,0,0.87,63.49
7/4/2026 17:21,16.46,1,0,0,0.42,26.04
7/4/2026 17:21,16.89,1,0,0,0.07,78.73
7/4/2026 17:21,17.3,1,0,0.02,-0.27,26.67
7/4/2026 17:21,17.83,1,0,0,-0.72,31.7
7/4/2026 17:21,18.23,1,0,0,-1.07,28.65
7/4/2026 17:21,18.61,1,0,0,-1.39,46.14
7/4/2026 17:21,19.05,1,0,0,-1.71,71.6
7/4/2026 17:21,19.47,1,0,0,-1.33,29.55
7/4/2026 17:21,19.88,1,0,0,-0.96,52.62
7/4/2026 17:21,20.27,1,0,0.02,-0.58,68.47
7/4/2026 17:21,20.67,1,0,0.04,-0.2,56.78
7/4/2026 17:21,21.07,0,0,0.06,0.19,28.58
7/4/2026 17:21,21.43,0,0,0.08,0.59,46.5
7/4/2026 17:21,21.55,0,0,0.1,0.96,58.08
7/4/2026 17:21,21.4,0,0,0.12,1.3,61.42
7/4/2026 17:21,21.08,0,0,0.14,1.61,32.01
7/4/2026 17:21,20.66,0,0,0.16,-1.63,28.74
7/4/2026 17:21,20.29,0,0,0.18,-1.46,31.11
7/4/2026 17:21,19.77,0.68,0,0.14,-1.29,100
7/4/2026 17:21,19.23,0.71,0,0.1,-1.18,49.14
7/4/2026 17:21,18.7,0.74,0,0.06,-1.13,100
7/4/2026 17:21,18.53,0.77,0,0.02,-1.16,28.21
7/4/2026 17:21,18.47,0.8,0,0,-1.28,51.6
7/4/2026 17:21,18.55,0.83,0,0,-1.47,39.35
7/4/2026 17:21,18.72,0.86,0,0,-1.72,34.13
7/4/2026 17:21,18.94,0.89,0,0,1.51,41.75
7/4/2026 17:21,19.28,0.92,0,0,1.16,33.18
7/4/2026 17:21,19.54,0.95,0,0.02,0.9,58.32
7/4/2026 17:21,19.82,0.98,0,0.04,0.63,32.14
7/4/2026 17:21,20.12,1,0,0.06,0.36,28.46
7/4/2026 17:21,20.42,1,0,0.08,0.09,40.33
7/4/2026 17:21,20.73,1,0,0.1,-0.21,43.9
7/4/2026 17:21,21.06,1,0,0.12,-0.56,39.57
7/4/2026 17:21,21.4,1,0,0.14,-0.95,42.42
7/4/2026 17:21,21.71,1,0,0.16,-1.39,36.7
7/4/2026 17:21,21.99,1,0,0.18,-1.05,33.89
7/4/2026 17:21,22.25,1,0,0.2,-0.26,28.24
7/4/2026 17:21,22.47,1,0,0.22,-0.43,30.87
7/4/2026 17:21,22.67,1,0,0.24,0.36,31.24
7/4/2026 17:21,22.81,1,0,0.26,1.4,25.02
7/4/2026 17:21,22.86,1,0,0.28,0.89,32.15
7/4/2026 17:21,22.85,1,0,0.3,-0.17,10.32
7/4/2026 17:21,22.77,1,0,0.32,0.93,8.52
7/4/2026 17:21,22.6,1,0,0.34,1.05,83.73
7/4/2026 17:21,22.33,1,0,0.3,-0.05,26.15
7/4/2026 17:21,22.02,1,0,0.28,0.25,35.32
7/4/2026 17:21,21.69,1,0,0.26,-0.92,31.37
7/4/2026 17:21,21.39,1,0,0.24,-1.74,78.36
7/4/2026 17:21,21.2,1,0,0.22,-2.37,86.28
7/4/2026 17:21,6.85,1,0,0.2,-2.15,57.94
7/4/2026 17:21,7.04,1,0,0.18,-2,75.14
7/4/2026 17:21,7.05,1,0,0.16,-1.92,100
7/4/2026 17:21,6.95,1,0,0.14,-1.9,24.47
7/4/2026 17:21,7.24,1,0,0.12,-1.96,19.22
7/4/2026 17:21,7.62,1,0,0.1,-2.12,21.92
7/4/2026 17:21,8.09,1,0,0.06,-2.36,17
7/4/2026 17:21,8.69,1,0,0.02,-2.72,16.37
7/4/2026 17:21,9.45,1,0,0,-3.22,15.89
7/4/2026 17:21,10.05,1,0,0,-3.77,14.96
7/4/2026 17:21,10.53,1,0,0,-3.65,13.92
7/4/2026 17:21,10.78,0,0,-0.02,-3.13,13.25
7/4/2026 17:21,11.5,0,0,-0.04,-2.11,12.11
7/4/2026 17:21,12.03,0,0,-0.06,-1.4,11.19
7/4/2026 17:21,12.07,0,0,-0.08,-0.64,10.29
7/4/2026 17:21,12.04,0,0,-0.1,0.15,9.48
7/4/2026 17:21,11.73,0,0,-0.12,1.24,8.81
7/4/2026 17:21,11.46,0,0,-0.14,-1.47,7.87
7/4/2026 17:21,11.07,0,0,-0.16,-0.49,6.87
7/4/2026 17:21,10.71,0,0,-0.18,0.36,6.04
7/4/2026 17:21,10.4,0,0,-0.2,1.05,5.18
7/4/2026 17:21,10.02,0,0,-0.22,1.9,4.31
7/4/2026 17:21,9.73,0,0,-0.24,2.53,3.67
7/4/2026 17:21,9.26,0,0,-0.26,3.15,3.11
7/4/2026 17:21,8.82,0,0,-0.28,3.88,2.5
7/4/2026 17:21,8.53,0.03,0,-0.3,4.46,1.81
7/4/2026 17:21,7.29,0.06,0,-0.26,4.98,1.4
7/4/2026 17:21,6.01,0.09,0,-0.24,5.39,1.06
7/4/2026 17:21,1.11,0.12,0,-0.22,5.49,0.99
7/4/2026 17:21,0.85,0.15,0,-0.2,5.43,1.1
7/4/2026 17:21,0.73,0.18,0,-0.18,5.38,1.1
7/4/2026 17:21,0.61,0.21,0,-0.16,5.32,1.22
7/4/2026 17:21,0.54,0.24,0,-0.14,5.29,1.26
7/4/2026 17:21,0.51,0.27,0,-0.12,5.26,1.29
7/4/2026 17:21,0.54,0.3,0,-0.1,5.23,1.24
7/4/2026 17:21,0.51,0.33,0,-0.08,5.19,1.32
7/4/2026 17:21,0.5,0.36,0,-0.06,5.15,1.27
7/4/2026 17:21,0.51,0.39,0,-0.04,5.11,1.39
7/4/2026 17:21,0.59,0.42,0,-0.02,5.08,1.4
7/4/2026 17:21,0.85,0.45,0,0,5.03,1.54
7/4/2026 17:21,1.02,0.48,0,0.02,4.97,1.5
7/4/2026 17:21,1.15,0.51,0,0.04,4.91,1.65
7/4/2026 17:21,1.39,0.54,0,0.06,4.83,1.69
7/4/2026 17:21,1.53,0.57,0,0.08,4.73,1.79
7/4/2026 17:21,1.7,0.6,0,0.1,4.63,1.87
7/4/2026 17:21,1.87,0.63,0,0.12,4.51,1.96
7/4/2026 17:21,2.04,0.66,0,0.14,4.38,2.14
7/4/2026 17:21,2.22,0.69,0,0.16,4.24,2.3
7/4/2026 17:21,2.39,0.72,0,0.18,4.09,2.45
7/4/2026 17:21,2.57,0.75,0,0.2,3.94,2.52
7/4/2026 17:21,2.77,0.78,0,0.22,3.76,2.77
7/4/2026 17:21,2.99,0.81,0,0.24,3.57,3.02
7/4/2026 17:21,3.09,0.84,0,0.26,3.38,3.04
7/4/2026 17:21,3.13,0.87,0,0.28,3.18,3.39
7/4/2026 17:21,3.45,0.9,0,0.3,2.95,3.59
7/4/2026 17:21,3.52,0.93,0,0.32,2.75,3.86
7/4/2026 17:21,3.96,0.96,0,0.34,2.48,4.18
7/4/2026 17:21,4.39,0.99,0,0.36,2.2,4.73
7/4/2026 17:21,4.77,1,0,0.38,1.89,5.22
7/4/2026 17:21,5.26,1,0,0.4,1.45,5.98
7/4/2026 17:21,5.59,0,0,0.42,1.13,3.13
7/4/2026 17:21,5.86,0.98,0,0.44,0.79,7.33
7/4/2026 17:21,5.86,1,0,0.46,0.41,60.38
7/4/2026 17:21,5.88,0,0,0.48,0.02,62
7/4/2026 17:21,5.95,0,0,0.44,-0.37,51.53
7/4/2026 17:21,5.85,0.03,0,0.4,-0.72,40.61
7/4/2026 17:21,4.17,0.06,0,0.36,-0.98,56.52
7/4/2026 17:21,2.48,0.09,0,0.32,-1.14,35.21
7/4/2026 17:21,1.21,0.12,0,0.3,-1.23,32.07
7/4/2026 17:21,0.6,0.15,0,0.28,-1.27,45.88
7/4/2026 17:21,0.28,0.18,0,0.26,-1.28,44.25
7/4/2026 17:21,0.09,0.21,0,0.22,-1.29,39.62
7/4/2026 17:21,0.01,0.24,0,0.18,-1.3,43.66
7/4/2026 17:21,0.06,0.27,0,0.14,-1.3,43.68
7/4/2026 17:21,0.12,0.3,0,0.1,-1.29,38.9
7/4/2026 17:21,0.25,0.33,0,0.08,-1.29,24.23
7/4/2026 17:21,0.34,0.36,0,0.06,-1.28,33.69
7/4/2026 17:21,0.45,0.39,0,0.04,-1.26,33.92
7/4/2026 17:21,0.61,0.42,0,0.02,-1.24,39.01
7/4/2026 17:21,0.79,0.45,0,0,-1.22,34.17
7/4/2026 17:21,0.93,0.48,0,-0.02,-1.18,37.14
7/4/2026 17:21,1.17,0.51,0,-0.04,-1.14,41.85
7/4/2026 17:21,1.37,0.54,0,-0.06,-1.1,35.3
7/4/2026 17:21,1.63,0.57,0,-0.08,-1.03,41.46
7/4/2026 17:21,1.89,0.6,0,-0.1,-0.97,26.82
7/4/2026 17:21,2.12,0.63,0,-0.12,-0.9,41.62
7/4/2026 17:21,2.37,0.66,0,-0.14,-0.84,30.45
7/4/2026 17:21,2.68,0.69,0,-0.16,-0.74,33.97
7/4/2026 17:21,2.93,0.72,0,-0.18,-0.67,25.91
7/4/2026 17:21,3.23,0.75,0,-0.2,-0.57,40.21
7/4/2026 17:21,3.52,0.78,0,-0.22,-0.49,26.28
7/4/2026 17:21,3.84,0.81,0,-0.24,-0.39,34.52
7/4/2026 17:21,4.12,0.84,0,-0.2,-0.31,38.36
7/4/2026 17:21,4.43,0.87,0,-0.16,-0.22,32.55
7/4/2026 17:21,4.79,0.9,0,-0.18,-0.12,38.36
7/4/2026 17:21,5.14,0.93,0,-0.2,-0.01,33.7
7/4/2026 17:21,5.48,0.96,0,-0.16,0.08,29.95
7/4/2026 17:21,5.89,0.99,0,-0.12,0.19,32.92
7/4/2026 17:21,6.34,1,0,-0.1,0.31,36.07
7/4/2026 17:21,6.74,1,0,-0.08,0.41,37.15
7/4/2026 17:21,7.16,1,0,-0.06,0.53,35.28
7/4/2026 17:21,7.58,1,0,-0.04,0.65,33.95
7/4/2026 17:21,8.07,1,0,0,0.79,34.04
7/4/2026 17:21,8.56,1,0,0,0.94,34.79
7/4/2026 17:21,9.03,1,0,0,1.1,32.87
7/4/2026 17:21,9.45,1,0,0,1.25,26.79
7/4/2026 17:21,9.9,1,0,0.02,1.42,31.67
7/4/2026 17:21,10.31,1,0,0.04,1.58,24.18
7/4/2026 17:21,10.76,1,0,0.06,1.74,23.22
7/4/2026 17:21,11.32,1,0,0.08,1.84,30.74
7/4/2026 17:21,11.75,1,0,0.1,1.85,28.91
7/4/2026 17:21,12.13,1,0,0.12,1.78,27.58
7/4/2026 17:21,12.56,1,0,0.14,1.63,26.85
7/4/2026 17:21,13.06,1,0,0.16,1.36,25.83
7/4/2026 17:21,13.55,1,0,0.18,0.96,24.7
7/4/2026 17:21,14.02,1,0,0.2,0.49,20.17
7/4/2026 17:21,14.49,1,0,0.22,-0.12,24.08
7/4/2026 17:21,14.8,1,0,0.24,-0.5,23.98
7/4/2026 17:21,15.11,1,0,0.26,-0.08,18.36
7/4/2026 17:21,15.4,1,0,0.28,-0.84,17.31
7/4/2026 17:21,15.66,1,0,0.3,-1.56,48.7
7/4/2026 17:21,15.89,1,0,0.26,1.26,28.43
7/4/2026 17:21,16.17,1,0,0.22,0.6,43.67
7/4/2026 17:21,16.44,1,0,0.24,0.04,48.77
7/4/2026 17:21,16.69,1,0,0.26,-0.53,43.77
7/4/2026 17:21,16.88,1,0,0.22,-0.97,46.24
7/4/2026 17:21,17.11,1,0,0.18,-1.35,28.88
7/4/2026 17:21,17.35,1,0,0.14,-1.64,25.56
7/4/2026 17:21,17.66,1,0,0.12,-1.59,100
7/4/2026 17:21,18,1,0,0.1,-1.42,100
7/4/2026 17:21,18.38,1,0,0.08,-1.35,26.03
7/4/2026 17:21,18.73,1,0,0.06,-1.38,65.56
7/4/2026 17:21,19.07,1,0,0.02,-1.48,48.04
7/4/2026 17:21,19.47,1,0,0,-1.64,39.41
7/4/2026 17:21,19.94,1,0,0,-1.6,34.92
7/4/2026 17:21,20.35,1,0,0,-1.34,30.98
7/4/2026 17:21,20.88,0,0,-0.02,-0.94,35.01
7/4/2026 17:21,21.33,0,0,-0.04,-0.54,34.73
7/4/2026 17:21,21.47,0,0,-0.06,-0.2,23.53
7/4/2026 17:21,21.36,0,0,-0.08,0.14,35.29
7/4/2026 17:21,21.07,0,0,-0.1,0.49,29.61
7/4/2026 17:21,20.71,0,0,-0.12,0.8,34.74
7/4/2026 17:21,20.25,0,0,-0.14,1.09,85.01
7/4/2026 17:21,19.72,0,0,-0.16,1.35,26.05
7/4/2026 17:21,19.23,0,0,-0.18,1.54,63.86
7/4/2026 17:21,18.7,0,0,-0.2,1.67,25.69
7/4/2026 17:21,18.1,0,0,-0.22,-1.74,31.04
7/4/2026 17:21,17.52,0,0,-0.24,-1.72,79.65
7/4/2026 17:21,16.89,0,0,-0.26,1.73,79.25
7/4/2026 17:21,16.12,0,0,-0.28,1.56,78.33
7/4/2026 17:21,15.4,0,0,-0.3,1.32,77.13
7/4/2026 17:21,14.73,0,0,-0.32,1.02,22.02
7/4/2026 17:21,14.07,0,0,-0.34,0.65,38.21
7/4/2026 17:21,13.41,0,0,-0.36,0.2,25.68
7/4/2026 17:21,12.72,0,0,-0.38,-0.34,21.41
7/4/2026 17:21,12.14,0,0,-0.4,-0.85,20.02
7/4/2026 17:21,11.47,0,0,-0.42,-1.53,12.16
7/4/2026 17:21,10.88,0,0,-0.44,-1.3,11.27
7/4/2026 17:21,10.42,0,0,-0.46,-0.74,13.9
7/4/2026 17:21,9.95,0,0,-0.48,-0.14,13.36
7/4/2026 17:21,9.52,0,0,-0.5,0.46,12.13
7/4/2026 17:21,9.11,0,0,-0.52,1.06,19.05
7/4/2026 17:21,8.73,0.03,0,-0.54,1.63,18.43
7/4/2026 17:21,8.37,0.06,0,-0.55,-1.3,27.55
7/4/2026 17:21,8.04,0.09,0,-0.55,-0.75,19.01
7/4/2026 17:21,7.79,0.12,0,-0.55,-0.28,12.38
7/4/2026 17:21,7.54,0.15,0,-0.55,0.13,10.55
7/4/2026 17:21,7.35,0.18,0,-0.51,0.49,9.16
7/4/2026 17:21,7.22,0.21,0,-0.49,0.83,100
7/4/2026 17:21,7.1,0.24,0,-0.47,1.16,28.9
7/4/2026 17:21,7.01,0.27,0,-0.43,1.41,33.07
7/4/2026 17:21,6.96,0.3,0,-0.39,1.63,24.78
7/4/2026 17:21,6.92,0.33,0,-0.37,1.8,26.67
7/4/2026 17:21,6.9,0.36,0,-0.35,1.92,22.55
7/4/2026 17:21,6.89,0.39,0,-0.33,2,21.27
7/4/2026 17:21,6.91,0.42,0,-0.31,2.03,24.52
7/4/2026 17:21,6.95,0.45,0,-0.29,1.98,16.13
7/4/2026 17:21,7,0.48,0,-0.27,1.88,21.44
7/4/2026 17:21,7.07,0.51,0,-0.25,1.75,19.84
7/4/2026 17:21,7.15,0.54,0,-0.23,1.55,13.84
7/4/2026 17:21,7.25,0.57,0,-0.21,1.29,13.34
7/4/2026 17:21,7.39,0.6,0,-0.19,0.98,12.7
7/4/2026 17:21,7.55,0.63,0,-0.17,0.6,12.14
7/4/2026 17:21,7.75,0.66,0,-0.15,0.24,14.98
7/4/2026 17:21,7.97,0,0,-0.13,-0.2,14.44
7/4/2026 17:21,8.12,0,0,-0.11,-0.56,16.79
7/4/2026 17:21,8.12,0,0,-0.09,-1,21.03
7/4/2026 17:21,8.02,0,0,-0.07,-1.39,18.93
7/4/2026 17:21,7.87,0,0,-0.05,-1.8,18.68
7/4/2026 17:21,7.68,0,0,-0.03,-2.23,20.39
7/4/2026 17:21,7.49,0,0,-0.01,-2.64,18.87
7/4/2026 17:21,7.29,0,0,0.01,-2.99,18.42
7/4/2026 17:21,7.1,0,0,0.03,-2.55,16.65
7/4/2026 17:21,6.9,0,0,0.05,-2.08,15.54
7/4/2026 17:21,6.66,0,0,0.07,-1.51,15.82
7/4/2026 17:21,6.42,0,0,0.09,-0.96,14.69
7/4/2026 17:21,6.26,0,0,0.11,-0.59,13.85
7/4/2026 17:21,6.09,0,0,0.13,-0.19,13.87
7/4/2026 17:21,5.9,0,0,0.15,0.26,12.53
7/4/2026 17:21,5.7,0,0,0.17,0.68,13.64
7/4/2026 17:21,5.53,0,0,0.19,1.06,10.24
7/4/2026 17:21,5.34,0.03,0,0.15,1.49,10.28
7/4/2026 17:21,3.98,0.06,0,0.11,1.83,8.93
7/4/2026 17:21,2.73,0,0,0.07,2.04,9.17
7/4/2026 17:21,1.54,0,0,0.03,2.17,8.74
7/4/2026 17:21,0.79,0,0,0,2.24,8.52
7/4/2026 17:21,0.38,0,0,0,2.28,8.59
7/4/2026 17:21,0.18,0,0,0,2.3,8.45
7/4/2026 17:21,0.08,0,0,0,2.31,8.53
7/4/2026 17:21,0.04,0,0,0,2.31,8.67
7/4/2026 17:21,0.01,0,0,0,2.31,8.57
7/4/2026 17:21,0.01,0.03,0,0,2.31,8.44
7/4/2026 17:21,0.01,0,0,0,2.31,8.43
7/4/2026 17:21,0,0,0,0,2.31,8.43
7/4/2026 17:21,0.01,0.03,0,0,2.31,8.47
7/4/2026 17:21,0,0.06,0,0,2.31,8.44
7/4/2026 17:21,0.01,0.09,0,0,2.31,8.52
7/4/2026 17:21,0.01,0.12,0,-0.02,2.31,8.5
7/4/2026 17:21,0.01,0.15,0,-0.04,2.31,8.44
7/4/2026 17:21,0.01,0.18,0,-0.06,2.31,8.47
7/4/2026 17:21,0.01,0.21,0,-0.08,2.31,8.58
7/4/2026 17:21,0.01,0.24,0,-0.1,2.31,8.61
7/4/2026 17:21,0.01,0.27,0,-0.12,2.31,8.45
7/4/2026 17:21,0.02,0.3,0,-0.14,2.31,8.47
7/4/2026 17:21,0.04,0.33,0,-0.16,2.3,8.45
7/4/2026 17:21,0.04,0.36,0,-0.18,2.3,8.73
7/4/2026 17:21,0.13,0.39,0,-0.2,2.3,8.8
7/4/2026 17:21,0.4,0.42,0,-0.22,2.28,8.47
7/4/2026 17:21,0.52,0.45,0,-0.24,2.25,8.62
7/4/2026 17:21,0.69,0.48,0,-0.26,2.21,8.55
7/4/2026 17:21,0.85,0.51,0,-0.28,2.16,8.62
7/4/2026 17:21,0.95,0.54,0,-0.3,2.1,8.84
7/4/2026 17:21,1.11,0.57,0,-0.32,2.04,8.82
7/4/2026 17:21,1.38,0.6,0,-0.34,1.95,8.88
7/4/2026 17:21,1.53,0.63,0,-0.36,1.84,6.2
7/4/2026 17:21,1.76,0.66,0,-0.38,1.73,9.22
7/4/2026 17:21,2,0.69,0,-0.4,1.61,6.42
7/4/2026 17:21,2.18,0.72,0,-0.42,1.48,6.39
7/4/2026 17:21,2.38,0.75,0,-0.44,1.33,6.46
7/4/2026 17:21,2.57,0.78,0,-0.46,1.17,6.6
7/4/2026 17:21,2.78,0.81,0,-0.48,1,6.75
7/4/2026 17:21,3.01,0.84,0,-0.5,0.81,11.09
7/4/2026 17:21,3.33,0.87,0,-0.52,0.53,4.12
7/4/2026 17:21,3.6,0.9,0,-0.54,0.28,4.32
7/4/2026 17:21,3.85,0.93,0,-0.55,0.05,11.84
7/4/2026 17:21,4.1,0.96,0,-0.55,-0.2,15.17
7/4/2026 17:21,4.39,0.99,0,-0.55,-0.47,12.77
7/4/2026 17:21,4.69,1,0,-0.55,-0.75,5.1
7/4/2026 17:21,5.03,0,0,-0.51,-1.08,7.26
7/4/2026 17:21,5.31,0,0,-0.47,-1.41,7.54
7/4/2026 17:21,5.32,0.03,0,-0.43,-1.72,8.06
7/4/2026 17:21,3.82,0.06,0,-0.39,-1.98,13.62
7/4/2026 17:21,2.13,0.09,0,-0.35,-2.16,13.64
7/4/2026 17:21,0.97,0.12,0,-0.31,-2.25,13.66
7/4/2026 17:21,0.46,0.15,0,-0.29,-2.29,13.79
7/4/2026 17:21,0.23,0.18,0,-0.27,-2.31,13.87
7/4/2026 17:21,0.12,0.21,0,-0.25,-2.32,13.72
7/4/2026 17:21,0.06,0.24,0,-0.23,-2.33,13.94
7/4/2026 17:21,0.01,0.27,0,-0.21,-2.33,13.63
7/4/2026 17:21,0.12,0.3,0,-0.19,-2.32,13.79
7/4/2026 17:21,0.24,0.33,0,-0.17,-2.31,13.79
7/4/2026 17:21,0.36,0.36,0,-0.15,-2.3,13.77
7/4/2026 17:21,0.51,0.39,0,-0.13,-2.27,13.89
7/4/2026 17:21,0.66,0.42,0,-0.11,-2.24,20.92
7/4/2026 17:21,0.82,0.45,0,-0.09,-2.2,13.65
7/4/2026 17:21,1,0.48,0,-0.07,-2.15,13.43
7/4/2026 17:21,1.17,0.51,0,-0.05,-2.1,13.58
7/4/2026 17:21,1.38,0.54,0,-0.03,-2.03,13.43
7/4/2026 17:21,1.57,0.57,0,-0.01,-1.96,13.3
7/4/2026 17:21,1.79,0.6,0,0.01,-1.87,13.15
7/4/2026 17:21,2.02,0.63,0,0.03,-1.78,13.15
7/4/2026 17:21,2.28,0.66,0,0.05,-1.67,12.87
7/4/2026 17:21,2.54,0.69,0,0.07,-1.55,12.72
7/4/2026 17:21,2.79,0.72,0,0.09,-1.43,12.42
7/4/2026 17:21,3.06,0.75,0,0.11,-1.29,12.36
7/4/2026 17:21,3.35,0.78,0,0.13,-1.15,12.22
7/4/2026 17:21,3.65,0.81,0,0.15,-1,11.98
7/4/2026 17:21,3.97,0.84,0,0.17,-0.83,11.72
7/4/2026 17:21,4.29,0.87,0,0.19,-0.66,11.58
7/4/2026 17:21,4.63,0.9,0,0.21,-0.49,11.35
7/4/2026 17:21,4.98,0.93,0,0.23,-0.33,14.48
7/4/2026 17:21,5.33,0.96,0,0.25,-0.16,11.62
7/4/2026 17:21,5.72,0.99,0,0.27,0.03,31.61
7/4/2026 17:21,6.11,1,0,0.29,0.19,31.27
7/4/2026 17:21,6.4,1,0,0.31,0.3,18.65
7/4/2026 17:21,6.92,1,0,0.27,0.47,17.68
7/4/2026 17:21,7.35,1,0,0.23,0.57,16.01
7/4/2026 17:21,7.76,1,0,0.19,0.66,16.97
7/4/2026 17:21,8.23,1,0,0.15,0.72,30.54
7/4/2026 17:21,8.69,1,0,0.11,0.76,48.16
7/4/2026 17:21,9.14,1,0,0.07,0.77,67.33
7/4/2026 17:21,9.57,1,0,0.03,0.75,33.65
7/4/2026 17:21,10.02,1,0,0,0.69,60.46
7/4/2026 17:21,10.44,1,0,0,0.63,30.31
7/4/2026 17:21,10.87,1,0,0,0.56,49.51
7/4/2026 17:21,11.34,1,0,0,0.49,57.76
7/4/2026 17:21,11.73,1,0,0,0.42,50.51
7/4/2026 17:21,12.17,1,0,0,0.34,29.38
7/4/2026 17:21,12.6,1,0,0,0.26,75.06
7/4/2026 17:21,13.04,1,0,0,0.17,58.53
7/4/2026 17:21,13.45,1,0,0,0.09,80.92
7/4/2026 17:21,13.88,1,0,0,0,62.83
7/4/2026 17:21,14.3,1,0,0,-0.09,43.02
7/4/2026 17:21,14.73,1,0,0,-0.19,70.68
7/4/2026 17:21,15.17,1,0,0,-0.29,68.66
7/4/2026 17:21,15.57,1,0,0,-0.39,76.92
7/4/2026 17:21,15.97,1,0,0,-0.49,36.65
7/4/2026 17:21,16.41,1,0,0,-0.6,65.53
7/4/2026 17:21,16.82,1,0,0,-0.7,75.08
7/4/2026 17:21,17.23,1,0,0,-0.82,42.57
7/4/2026 17:21,17.65,1,0,0,-0.93,67.96
7/4/2026 17:21,18.07,1,0,-0.02,-1.05,39.67
7/4/2026 17:21,18.48,1,0,-0.04,-1.17,35.98
7/4/2026 17:21,18.88,1,0,0,-1.28,49.87
7/4/2026 17:21,19.29,1,0,0,-1.39,28.59
7/4/2026 17:21,19.69,1,0,0,-1.5,26.66
7/4/2026 17:21,20.09,1,0,0,-1.6,79.28
7/4/2026 17:21,20.52,1,0,-0.02,-1.72,49.09
7/4/2026 17:21,20.93,1,0,0,-1.68,100
7/4/2026 17:21,21.34,1,0,0,-1.57,65.84
7/4/2026 17:21,21.71,1,0,0,-1.48,70.31
7/4/2026 17:21,22.13,1,0,0,-1.37,69.65
7/4/2026 17:21,22.51,1,0,0,-1.27,68.27
7/4/2026 17:21,22.83,1,0,0,-1.19,35.35
7/4/2026 17:21,23.4,0,0,0,-1.04,100
7/4/2026 17:21,23.78,0,0,0,-0.94,59.59
7/4/2026 17:21,23.9,0,0,0,-0.84,70.87
7/4/2026 17:21,23.76,0,0,-0.02,-0.73,37.77
7/4/2026 17:21,23.42,0,0,-0.04,-0.63,33.31
7/4/2026 17:21,23,0,0,0,-0.54,28.01
7/4/2026 17:21,22.42,0,0,0,-0.44,36.95
7/4/2026 17:21,21.83,0,0,0,-0.35,32.32
7/4/2026 17:21,21.29,0,0,0,-0.28,31.76
7/4/2026 17:21,20.79,0,0,-0.02,-0.22,24.19
7/4/2026 17:21,20.27,0,0,-0.04,-0.17,26.6
7/4/2026 17:21,19.76,0,0,-0.06,-0.12,43.72
7/4/2026 17:21,19.25,0,0,-0.08,-0.1,53.45
7/4/2026 17:21,18.74,0,0,-0.1,-0.09,83.71
7/4/2026 17:21,18.18,0,0,-0.12,-0.1,88.02
7/4/2026 17:21,17.68,0,0,-0.14,-0.13,24.28
7/4/2026 17:21,17.18,0,0,-0.16,-0.11,47
7/4/2026 17:21,16.73,0,0,-0.18,-0.05,41.82
7/4/2026 17:21,16.25,0,0,-0.2,0.15,29.35
7/4/2026 17:21,15.63,0,0,-0.22,0.21,25.2
7/4/2026 17:21,15.2,0,0,-0.24,0.34,23.67
7/4/2026 17:21,14.67,0,0,-0.26,0.48,21.93
7/4/2026 17:21,14.09,0,0,-0.28,0.63,16.95
7/4/2026 17:21,13.58,0,0,-0.3,0.75,20.86
7/4/2026 17:21,13.14,0,0,-0.32,0.86,20.15
7/4/2026 17:21,12.63,0,0,-0.34,-0.63,20.8
7/4/2026 17:21,12.15,0.03,0,-0.36,-0.14,20.41
7/4/2026 17:21,11.45,0.06,0,-0.38,0.67,21.71
7/4/2026 17:21,10.98,0.09,0,-0.4,0.96,24.1
7/4/2026 17:21,10.57,0.12,0,-0.42,0.73,14.42
7/4/2026 17:21,10.18,0.15,0,-0.44,0.16,14.05
7/4/2026 17:21,9.73,0.18,0,-0.4,-0.51,29.6
7/4/2026 17:21,9.49,0.21,0,-0.36,0.44,42.13
7/4/2026 17:21,9.28,0.24,0,-0.32,0.26,23.88
7/4/2026 17:21,9.12,0.27,0,-0.28,0.04,24.98
7/4/2026 17:21,9,0.3,0,-0.24,-0.25,39.3
7/4/2026 17:21,8.92,0.33,0,-0.2,-0.45,37.15
7/4/2026 17:21,8.86,0.36,0,-0.16,-0.68,37.73
7/4/2026 17:21,8.82,0.39,0,-0.12,-0.89,27.16
7/4/2026 17:21,8.8,0.42,0,-0.08,-1.1,23.47
7/4/2026 17:21,8.8,0.45,0,-0.06,-1.3,34.65
7/4/2026 17:21,8.82,0.48,0,-0.04,-1.48,63.42
7/4/2026 17:21,8.85,0.51,0,-0.02,-1.63,56.93
7/4/2026 17:21,8.91,0.54,0,0,-1.72,31.88
7/4/2026 17:21,8.98,0.57,0,0,-1.63,31.12
7/4/2026 17:21,9.08,0.6,0,0,-1.52,29.73
7/4/2026 17:21,9.21,0.63,0,0,-1.41,27.89
7/4/2026 17:21,9.36,0.66,0,0,-1.3,45.3
7/4/2026 17:21,9.5,0.69,0,0,-1.2,44.67
7/4/2026 17:21,9.68,0.72,0,0,-1.09,57.17
7/4/2026 17:21,9.81,0.75,0,0,-1.02,30.53
7/4/2026 17:21,10.09,0.78,0,0.02,-0.87,29.46
7/4/2026 17:21,10.33,0.81,0,0.04,-0.76,42.21
7/4/2026 17:21,10.61,0.84,0,0.06,-0.64,37.25
7/4/2026 17:21,10.93,0.87,0,0.02,-0.51,40.22
7/4/2026 17:21,11.22,0.9,0,0,-0.42,37.33
7/4/2026 17:21,11.51,0.93,0,0,-0.33,39.17
7/4/2026 17:21,11.84,0.96,0,0,-0.23,37.53
7/4/2026 17:21,12.19,0.99,0,0.02,-0.13,24.24
7/4/2026 17:21,12.57,1,0,0.04,-0.03,51.5
7/4/2026 17:21,12.93,1,0,0.06,0.06,20.84
7/4/2026 17:21,13.34,1,0,0.08,0.16,33.8
7/4/2026 17:21,13.73,1,0,0.1,0.24,19.13
7/4/2026 17:21,14.14,1,0,0.12,0.3,25.35
7/4/2026 17:21,14.54,1,0,0.14,0.34,17.34
7/4/2026 17:21,14.92,0,0,0.16,0.34,38.09
7/4/2026 17:21,15.23,0,0,0.18,0.23,28.53
7/4/2026 17:21,15.35,0,0,0.2,-0.14,36.15
7/4/2026 17:21,15.15,0,0,0.22,-0.56,34.79
7/4/2026 17:21,14.76,0,0,0.24,-1.19,25.2
7/4/2026 17:21,14.38,0,0,0.26,-1.78,24.34
7/4/2026 17:21,13.83,0,0,0.28,-2.61,12.12
7/4/2026 17:21,13.34,0,0,0.3,-3.37,36.04
7/4/2026 17:21,12.8,0,0,0.32,2.63,23.6
7/4/2026 17:21,12.19,0.58,0,0.34,1.73,9.49
7/4/2026 17:21,11.78,0.61,0,0.36,1.15,35.14
7/4/2026 17:21,11.46,0.64,0,0.38,0.64,100
7/4/2026 17:21,11.22,0.67,0,0.4,0.05,65.77
7/4/2026 17:21,11.11,0.7,0,0.42,-0.41,85.43
7/4/2026 17:21,11.06,0.73,0,0.44,-0.82,10.21
7/4/2026 17:21,11.05,0.76,0,0.46,-1.09,12.18
7/4/2026 17:21,11.06,0.79,0,0.48,-1.35,17.75
7/4/2026 17:21,11.09,0.82,0,0.44,-1.53,13.88
7/4/2026 17:21,11.21,0.85,0,0.4,-1.65,21.31
7/4/2026 17:21,11.37,0.88,0,0.38,-1.69,23.09
7/4/2026 17:21,11.54,0.91,0,0.36,-1.66,30.34
7/4/2026 17:21,11.83,0.94,0,0.34,-1.52,29.81
7/4/2026 17:21,12.06,0.97,0,0.32,-1.33,28.21
7/4/2026 17:21,12.31,1,0,0.3,-1.09,19.74
7/4/2026 17:21,12.59,1,0,0.28,-0.77,100
7/4/2026 17:21,12.84,1,0,0.26,-0.47,18.97
7/4/2026 17:21,13.22,1,0,0.24,0.11,6.34
7/4/2026 17:21,13.59,1,0,0.22,0.63,14.12
7/4/2026 17:21,13.98,1,0,0.2,1.29,11.92
7/4/2026 17:21,14.36,0,0,0.18,2,10.18
7/4/2026 17:21,14.7,0,0,0.16,2.73,8.67
7/4/2026 17:21,14.73,0,0,0.14,3.6,7.44
7/4/2026 17:21,14.53,0,0,0.12,4.42,6.28
7/4/2026 17:21,14.34,0,0,0.1,5.12,5.55
7/4/2026 17:21,14.07,0,0,0.08,5.93,4.51
7/4/2026 17:21,13.7,0,0,0.06,6.73,3.44
7/4/2026 17:21,13.37,0,0,0.04,7.51,2.56
7/4/2026 17:21,12.9,0,0,0.02,8.56,1.41
7/4/2026 17:21,3.33,0,0,0,8.98,1
7/4/2026 17:21,1.11,0,0,-0.02,8.86,1.1
7/4/2026 17:21,0.48,0,0,-0.04,8.81,1.13
7/4/2026 17:21,0.27,0,0,-0.06,8.78,1.14
7/4/2026 17:21,0.17,0,0,-0.08,8.77,1.15
7/4/2026 17:21,0.12,0,0,-0.04,8.76,1.19
7/4/2026 17:21,0.09,0,0,0,8.76,1.16
7/4/2026 17:21,0.06,0,0,0,8.75,1.18
7/4/2026 17:21,0.05,0,0,0,8.75,1.19
7/4/2026 17:21,0.04,0,0,0,8.75,1.15
7/4/2026 17:21,0.03,0,0,0,8.75,1.21
7/4/2026 17:21,0.03,0,0,0,8.74,1.16
7/4/2026 17:21,0.02,0.03,0,0,8.74,1.16
7/4/2026 17:21,0,0.06,0,0,8.74,1.17
7/4/2026 17:21,0,0.09,0,0,8.74,1.16
7/4/2026 17:21,0.01,0.12,0,0,8.74,1.17
7/4/2026 17:21,0.03,0.15,0,0,8.74,1.17
7/4/2026 17:21,0.05,0.18,0,0,8.74,1.16
7/4/2026 17:21,0.04,0.21,0,0,8.74,1.19
7/4/2026 17:21,0.06,0.24,0,0,8.73,1.17
7/4/2026 17:21,0.06,0.27,0,0,8.73,1.19
7/4/2026 17:21,0.11,0.3,0,0,8.72,1.19
7/4/2026 17:21,0.22,0.33,0,0,8.71,1.19
7/4/2026 17:21,0.24,0.36,0,0,8.7,1.22
7/4/2026 17:21,0.34,0.39,0,0,8.68,1.23
7/4/2026 17:21,0.49,0.42,0,0,8.65,1.26
7/4/2026 17:21,0.58,0.45,0,0,8.62,1.3
7/4/2026 17:21,0.65,0.48,0,0,8.57,1.4
7/4/2026 17:21,0.73,0.51,0,0,8.53,1.45
7/4/2026 17:21,0.9,0.54,0,0,8.46,1.47
7/4/2026 17:21,1.13,0.57,0,0,8.39,1.55
7/4/2026 17:21,1.45,0.6,0,0,8.3,1.62
7/4/2026 17:21,1.71,0.63,0,0,8.2,1.76
7/4/2026 17:21,1.9,0.66,0,0,8.09,1.83
7/4/2026 17:21,2.09,0.69,0,0,7.96,2
7/4/2026 17:21,2.27,0.72,0,0,7.83,2.12
7/4/2026 17:21,2.46,0.75,0,0,7.68,2.34
7/4/2026 17:21,2.66,0.78,0,0,7.52,2.45
7/4/2026 17:21,2.86,0.81,0,0,7.35,2.6
7/4/2026 17:21,3.08,0.84,0,0.02,7.17,2.8
7/4/2026 17:21,3.3,0.87,0,0.04,6.99,3.09
7/4/2026 17:21,3.53,0.9,0,0.06,6.79,3.23
7/4/2026 17:21,3.8,0.93,0,0.08,6.55,3.53
7/4/2026 17:21,4.07,0.96,0,0.1,6.31,3.56
7/4/2026 17:21,4.1,0.99,0,0.12,6.05,4.11
7/4/2026 17:21,4.12,1,0,0.14,5.78,4.34
7/4/2026 17:21,4.24,1,0,0.16,5.54,4.65
7/4/2026 17:21,4.84,1,0,0.18,5.23,5.1
7/4/2026 17:21,4.31,1,0,0.2,4.98,5.41
7/4/2026 17:21,4.23,1,0,0.22,4.7,5.61
7/4/2026 17:21,4.17,1,0,0.24,4.44,5.86
7/4/2026 17:21,4.12,1,0,0.26,4.19,6.2
7/4/2026 17:21,4.07,1,0,0.28,3.88,6.32
7/4/2026 17:21,4.99,1,0,0.3,3.51,6.87
7/4/2026 17:21,5.31,1,0,0.32,3.16,7.24
7/4/2026 17:21,5.66,1,0,0.34,2.83,7.67
7/4/2026 17:21,6.22,1,0,0.36,2.36,8.32
7/4/2026 17:21,7.01,1,0,0.38,1.92,1.96
7/4/2026 17:21,7.72,1,0,0.4,1.38,2.48
7/4/2026 17:21,8.31,1,0,0.42,0.79,11.44
7/4/2026 17:21,8.71,1,0,0.44,0.3,13.52
7/4/2026 17:21,9.07,0,0,0.46,-0.21,14.64
7/4/2026 17:21,9.33,0,0,0.42,-0.7,17.45
7/4/2026 17:21,9.31,0.03,0,0.38,-1.15,22.18
7/4/2026 17:21,7.65,0.06,0,0.34,-1.57,15.74
7/4/2026 17:21,5.89,0.09,0,0.3,1.61,66.53
7/4/2026 17:21,4.18,0.12,0,0.26,1.38,57.56
7/4/2026 17:21,2.48,0.15,0,0.22,1.21,65.35
7/4/2026 17:21,1.38,0.18,0,0.18,1.14,48.68
7/4/2026 17:21,0.81,0.21,0,0.14,1.11,64.41
7/4/2026 17:21,0.45,0.24,0,0.1,1.09,29.59
7/4/2026 17:21,0.29,0.27,0,0.06,1.08,24.09
7/4/2026 17:21,0.15,0.3,0,0.02,1.07,33.87
7/4/2026 17:21,0.03,0.33,0,0,1.07,64.55
7/4/2026 17:21,0.07,0.36,0,0,1.07,56.19
7/4/2026 17:21,0.2,0.39,0,0,1.07,65.05
7/4/2026 17:21,0.34,0.42,0,0,1.08,48.74
7/4/2026 17:21,0.56,0.45,0,0,1.09,24.18
7/4/2026 17:21,0.77,0.48,0,0,1.11,47.36
7/4/2026 17:21,0.95,0.51,0,0,1.13,32.93
7/4/2026 17:21,1.16,0.54,0,0,1.15,21.96
7/4/2026 17:21,1.34,0.57,0,0,1.17,23.79
7/4/2026 17:21,1.52,0.6,0,-0.02,1.19,25.46
7/4/2026 17:21,1.82,0.63,0,-0.04,1.24,66.7
7/4/2026 17:21,2.06,0.66,0,-0.06,1.27,66.58
7/4/2026 17:21,2.31,0.69,0,-0.02,1.31,56.18
7/4/2026 17:21,2.59,0.72,0,0,1.36,65
7/4/2026 17:21,2.88,0.75,0,0,1.42,64.61
7/4/2026 17:21,3.17,0.78,0,-0.02,1.48,82.27
7/4/2026 17:21,3.46,0.81,0,-0.04,1.55,63.29
7/4/2026 17:21,3.71,0.84,0,-0.06,1.6,22.58
7/4/2026 17:21,4.17,0.87,0,-0.02,1.7,45.08
7/4/2026 17:21,4.55,0.9,0,-0.04,-1.71,21.75
7/4/2026 17:21,4.89,0.93,0,-0.06,-1.63,21.48
7/4/2026 17:21,5.28,0.96,0,-0.08,-1.53,21.17
7/4/2026 17:21,5.69,0.99,0,-0.04,-1.44,20.76
7/4/2026 17:21,6.22,1,0,-0.06,-1.31,20.29
7/4/2026 17:21,6.66,1,0,-0.08,-1.21,49.55
7/4/2026 17:21,7.17,1,0,-0.04,-1.08,63.55
7/4/2026 17:21,7.59,1,0,-0.06,-0.98,18.77
7/4/2026 17:21,8.01,1,0,-0.02,-0.87,33.83
7/4/2026 17:21,8.45,1,0,-0.04,-0.76,79.13
7/4/2026 17:21,8.9,1,0,0,-0.64,66.87
7/4/2026 17:21,9.32,1,0,0,-0.52,68.09
7/4/2026 17:21,9.81,1,0,-0.02,-0.37,50.22
7/4/2026 17:21,10.19,1,0,0,-0.26,55.56
7/4/2026 17:21,10.61,1,0,-0.02,-0.12,38.47
7/4/2026 17:21,11.04,1,0,0,0.02,31.8
7/4/2026 17:21,11.5,1,0,0,0.18,25.95
7/4/2026 17:21,11.91,1,0,-0.02,0.32,54.12
7/4/2026 17:21,12.43,1,0,-0.04,0.51,53.31
7/4/2026 17:21,12.95,1,0,-0.06,0.7,29.38
7/4/2026 17:21,13.32,1,0,-0.08,0.84,100
7/4/2026 17:21,13.73,1,0,-0.1,0.98,40.47
7/4/2026 17:21,14.19,1,0,-0.12,1.12,26.63
7/4/2026 17:21,14.62,1,0,-0.08,1.23,26.56
7/4/2026 17:21,15.04,1,0,-0.04,1.32,30.54
7/4/2026 17:21,15.61,1,0,0,1.4,53.63
7/4/2026 17:21,16.03,1,0,0,1.44,44.57
7/4/2026 17:21,16.43,1,0,0,1.48,49.25
7/4/2026 17:21,16.82,1,0,-0.02,1.5,43.02
7/4/2026 17:21,17.23,1,0,-0.04,1.52,41.49
7/4/2026 17:21,17.65,1,0,-0.06,1.53,38.11
7/4/2026 17:21,18.03,1,0,-0.08,1.52,39.16
7/4/2026 17:21,18.42,1,0,-0.1,1.5,56.25
7/4/2026 17:21,18.81,0,0,-0.12,1.44,36.73
7/4/2026 17:21,19.14,0,0,-0.14,1.36,56.97
7/4/2026 17:21,19.24,0,0,-0.16,1.22,74.15
7/4/2026 17:21,19.09,0,0,-0.18,1.04,100
7/4/2026 17:21,18.76,0,0,-0.2,0.7,23.79
7/4/2026 17:21,18.31,0,0,-0.22,0.25,23.3
7/4/2026 17:21,17.79,0,0,-0.24,-0.23,23.36
7/4/2026 17:21,17.21,0,0,-0.26,-0.94,36.39
7/4/2026 17:21,16.64,0,0,-0.28,-1.66,32.02
7/4/2026 17:21,16.02,0,0,-0.3,-2.42,22.96
7/4/2026 17:21,15.36,0,0,-0.32,2.29,37
7/4/2026 17:21,14.73,0,0,-0.34,1.95,32.82
7/4/2026 17:21,14.09,0.43,0,-0.36,1.6,31.59
7/4/2026 17:21,13.48,0.46,0,-0.38,1.21,35.41
7/4/2026 17:21,12.96,0.49,0,-0.34,0.78,33.24
7/4/2026 17:21,12.58,0.52,0,-0.3,0.32,42.37
7/4/2026 17:21,12.35,0.55,0,-0.26,0.04,23.77
7/4/2026 17:21,12.21,0.58,0,-0.22,0.07,100
7/4/2026 17:21,12.17,0.61,0,-0.18,-0.16,100
7/4/2026 17:21,12.18,0.64,0,-0.14,-0.14,63.07
7/4/2026 17:21,12.25,0.67,0,-0.1,-0.47,57.67
7/4/2026 17:21,12.39,0.7,0,-0.06,-0.57,83.1
7/4/2026 17:21,12.55,0.73,0,-0.02,-0.62,26.13
7/4/2026 17:21,12.69,0.76,0,0,-0.39,38.73
7/4/2026 17:21,12.87,0.79,0,0,0.33,38.62
7/4/2026 17:21,13.11,0.82,0,0,-0.69,48.43
7/4/2026 17:21,13.36,0.85,0,0,-0.7,100
7/4/2026 17:21,13.74,0.88,0,0,-0.71,38.26
7/4/2026 17:21,14.04,0.91,0,0,-0.72,100
7/4/2026 17:21,14.33,0.94,0,0,-0.72,70.15
7/4/2026 17:21,14.65,0.97,0,0,-0.73,66.05
7/4/2026 17:21,14.97,1,0,0,-0.73,36.99
7/4/2026 17:21,15.34,1,0,0,-0.73,27.64
7/4/2026 17:21,15.69,1,0,0,-0.74,47.2
7/4/2026 17:21,16.1,1,0,0,-0.74,66.58
7/4/2026 17:21,16.5,1,0,0,-0.75,39.65
7/4/2026 17:21,16.88,1,0,0,-0.75,85.11
7/4/2026 17:21,17.31,1,0,0,-0.76,43.49
7/4/2026 17:21,17.82,1,0,0,-0.77,89.97
7/4/2026 17:21,18.22,1,0,0,-0.77,63.9
7/4/2026 17:21,18.63,1,0,0,-0.78,59.28
7/4/2026 17:21,19.04,1,0,0,-0.78,26.49
7/4/2026 17:21,19.45,1,0,0,-0.79,54.23
7/4/2026 17:21,19.91,1,0,0,-0.8,29.65
7/4/2026 17:21,20.29,1,0,0,-0.8,82.42
7/4/2026 17:21,20.72,1,0,0,-0.81,78.21
7/4/2026 17:21,21.2,1,0,0,-0.82,37.29
7/4/2026 17:21,21.59,1,0,0,-0.82,45.51
7/4/2026 17:21,22,1,0,0,-0.84,43.53
7/4/2026 17:21,22.39,1,0,0,-0.85,27.32
7/4/2026 17:21,22.78,1,0,0,-0.87,100
7/4/2026 17:21,23.16,1,0,0,-0.89,72.1
7/4/2026 17:21,23.56,1,0,0,-0.91,70.53
7/4/2026 17:21,23.95,1,0,-0.02,-0.92,68.9
7/4/2026 17:21,24.35,1,0,-0.04,-0.92,36.08
7/4/2026 17:21,24.74,1,0,-0.06,-0.91,65.73
7/4/2026 17:21,25.12,1,0,-0.08,-0.93,64.22
7/4/2026 17:21,25.49,1,0,-0.1,-1,62.49
7/4/2026 17:21,25.79,1,0,-0.12,-1.11,31.52
7/4/2026 17:21,26.09,1,0,-0.14,-1.26,51.76
7/4/2026 17:21,26.47,1,0,-0.16,-1.53,27.87
7/4/2026 17:21,26.69,1,0,-0.18,1.76,56.02
7/4/2026 17:21,26.9,1,0,-0.2,1.5,62.61
7/4/2026 17:21,27.05,1,0,-0.22,1.22,27.12
7/4/2026 17:21,27.14,1,0,-0.24,0.9,30.48
7/4/2026 17:21,27.12,1,0,-0.26,0.62,27.34
7/4/2026 17:21,26.99,1,0,-0.28,0.34,40.13
7/4/2026 17:21,26.82,1,0,-0.24,0.15,37.26
7/4/2026 17:21,26.58,1,0,-0.2,-0.09,52.79
7/4/2026 17:21,26.39,1,0,-0.16,-0.12,29.16
7/4/2026 17:21,26.1,1,0,-0.14,-0.21,51.61
7/4/2026 17:21,25.84,1,0,-0.12,-0.25,51.63
7/4/2026 17:21,25.51,1,0,-0.1,-0.25,100
7/4/2026 17:21,25.18,1,0,-0.08,-0.22,36.64
7/4/2026 17:21,24.75,1,0,-0.06,-0.13,37.56
7/4/2026 17:21,24.33,1,0,-0.04,0.08,21.02
7/4/2026 17:21,23.88,1,0,-0.02,0.19,14.76
7/4/2026 17:21,23.42,1,0,0,0.42,13.24
7/4/2026 17:21,22.91,1,0,0.02,0.7,33.23
7/4/2026 17:21,22.39,1,0,0.04,1.02,33.09
7/4/2026 17:21,21.82,1,0,0.06,1.41,22.36
7/4/2026 17:21,21.26,1,0,0.08,-1.68,19.08
7/4/2026 17:21,20.69,1,0,0.1,-1.24,18.21
7/4/2026 17:21,20.06,0,0,0.12,-0.71,16.3
7/4/2026 17:21,19.45,0,0,0.14,-0.27,14.59
7/4/2026 17:21,18.7,0,0,0.16,0.49,13.85
7/4/2026 17:21,17.64,0,0,0.18,1.3,11.79
7/4/2026 17:21,16.49,0,0,0.2,2.14,11.22
7/4/2026 17:21,6.8,0,0,0.22,2.03,10.03
7/4/2026 17:21,5.85,0,0,0.24,1.68,9.53
7/4/2026 17:21,4.92,0,0,0.26,1.4,10.24
7/4/2026 17:21,3.94,0,0,0.28,1.16,10.62
7/4/2026 17:21,3.29,0,0,0.3,0.92,10.91
7/4/2026 17:21,2.67,0,0,0.32,0.7,11.28
7/4/2026 17:21,2.25,0,0,0.34,0.6,11.55
7/4/2026 17:21,1.94,0,0,0.36,0.49,11.68
7/4/2026 17:21,1.66,0,0,0.38,0.4,12.05
7/4/2026 17:21,1.4,0,0,0.4,0.32,12.3
7/4/2026 17:21,1.19,0.28,0,0.36,0.27,12.75
7/4/2026 17:21,0.98,0.31,0,0.32,0.23,12.46
7/4/2026 17:21,0.82,0.34,0,0.3,0.2,12.58
7/4/2026 17:21,0.66,0.37,0,0.28,0.19,12.74
7/4/2026 17:21,0.49,0.4,0,0.26,-0.19,12.69
7/4/2026 17:21,0.36,0.43,0,0.24,-0.19,12.99
7/4/2026 17:21,0.22,0.46,0,0.22,-0.19,12.66
7/4/2026 17:21,0.03,0.49,0,0.2,-0.2,13.04
7/4/2026 17:21,0.16,0.52,0,0.18,-0.2,12.79
7/4/2026 17:21,0.36,0.55,0,0.16,-0.19,12.88
7/4/2026 17:21,0.57,0.58,0,0.14,-0.19,12.71
7/4/2026 17:21,0.82,0.61,0,0.12,0.19,12.56
7/4/2026 17:21,1.05,0.64,0,0.1,0.21,12.47
7/4/2026 17:21,1.33,0.67,0,0.08,0.24,12.43
7/4/2026 17:21,1.64,0.7,0,0.06,0.31,12.71
7/4/2026 17:21,1.97,0.73,0,0.04,0.4,12.13
7/4/2026 17:21,2.25,0.76,0,0.02,0.44,12.29
7/4/2026 17:21,2.56,0.79,0,0,0.56,11.78
7/4/2026 17:21,2.87,0.82,0,-0.02,0.71,11.69
7/4/2026 17:21,3.25,0.85,0,-0.04,0.89,11.72
7/4/2026 17:21,3.6,0.88,0,-0.06,1.07,11.2
7/4/2026 17:21,4.03,0.91,0,-0.08,1.31,11.13
7/4/2026 17:21,4.5,0.94,0,-0.1,1.58,10.92
7/4/2026 17:21,4.87,0.97,0,-0.12,1.8,10.53
7/4/2026 17:21,5.28,1,0,-0.14,2.05,10.63
7/4/2026 17:21,5.68,1,0,-0.16,2.3,10.27
7/4/2026 17:21,5.97,1,0,-0.18,2.57,9.94
7/4/2026 17:21,6.4,1,0,-0.2,2.83,10.29
7/4/2026 17:21,6.82,1,0,-0.22,3.1,10.32
7/4/2026 17:21,1.99,0,0,-0.24,3.28,0.72
7/4/2026 17:21,0.29,0,0,-0.2,3.22,0.8
7/4/2026 17:21,0.52,0.03,0,-0.16,3.23,0.81
7/4/2026 17:21,0.08,0.06,0,-0.12,3.24,0.76
7/4/2026 17:21,0.24,0.09,0,-0.1,3.23,0.78
7/4/2026 17:21,0.2,0.12,0,-0.08,3.22,10.19
7/4/2026 17:21,0.16,0.15,0,-0.06,3.21,0.8
7/4/2026 17:21,0.18,0.18,0,-0.04,3.21,0.85
7/4/2026 17:22,0.13,0.21,0,-0.02,3.2,0.85
7/4/2026 17:22,0.17,0.24,0,0,3.19,0.84
7/4/2026 17:22,0.3,0.27,0,0.02,3.18,0.87
7/4/2026 17:22,0.4,0.3,0,0.04,3.17,0.88
7/4/2026 17:22,0.45,0.33,0,0.06,3.15,10.73
7/4/2026 17:22,0.5,0.36,0,0.08,3.13,0.94
7/4/2026 17:22,0.59,0.39,0,0.1,3.1,0.98
7/4/2026 17:22,0.65,0.42,0,0.12,3.07,1.06
7/4/2026 17:22,0.78,0.45,0,0.14,3.04,1.06
7/4/2026 17:22,0.94,0.48,0,0.16,3.01,1.12
7/4/2026 17:22,1.05,0.51,0,0.18,2.96,1.19
7/4/2026 17:22,1.24,0.54,0,0.2,2.91,1.26
7/4/2026 17:22,1.43,0.57,0,0.22,2.84,1.34
7/4/2026 17:22,1.59,0.6,0,0.24,2.78,1.46
7/4/2026 17:22,1.76,0.63,0,0.26,2.7,12.09
7/4/2026 17:22,1.94,0.66,0,0.28,2.61,12.21
7/4/2026 17:22,1.95,0.69,0,0.3,2.52,12.38
7/4/2026 17:22,2.23,0.72,0,0.32,2.4,12.64
7/4/2026 17:22,2.46,0.75,0,0.34,2.29,14.87
7/4/2026 17:22,2.64,0.78,0,0.36,2.2,23.18
7/4/2026 17:22,2.85,0.81,0,0.38,2.08,60.54
7/4/2026 17:22,3.11,0.84,0,0.4,1.92,24.52
7/4/2026 17:22,3.36,0,0,0.42,1.76,23.41
7/4/2026 17:22,3.58,0,0,0.44,1.57,25.69
7/4/2026 17:22,3.41,0.03,0,0.46,1.38,27.68
7/4/2026 17:22,1.78,0.06,0,0.42,1.26,26.27
7/4/2026 17:22,0.81,0.09,0,0.4,1.2,25.5
7/4/2026 17:22,0.44,0.12,0,0.38,1.18,27.66
7/4/2026 17:22,0.21,0.15,0,0.36,1.17,27.18
7/4/2026 17:22,0.14,0.18,0,0.34,1.16,54.44
7/4/2026 17:22,0.08,0.21,0,0.32,1.16,43.65
7/4/2026 17:22,0.01,0.24,0,0.3,1.16,50.64
7/4/2026 17:22,0.07,0.27,0,0.28,1.16,54.44
7/4/2026 17:22,0.18,0.3,0,0.26,1.16,55.02
7/4/2026 17:22,0.27,0.33,0,0.24,1.17,53.69
7/4/2026 17:22,0.39,0.36,0,0.22,1.18,44.34
7/4/2026 17:22,0.54,0.39,0,0.2,1.2,54.63
7/4/2026 17:22,0.67,0.42,0,0.18,1.22,55.98
7/4/2026 17:22,0.81,0.45,0,0.16,1.24,38.59
7/4/2026 17:22,0.95,0.48,0,0.14,1.26,44.04
7/4/2026 17:22,1.14,0.51,0,0.12,1.3,53.63
7/4/2026 17:22,1.33,0.54,0,0.1,1.33,33.91
7/4/2026 17:22,1.54,0.57,0,0.08,1.38,54.51
7/4/2026 17:22,1.88,0.6,0,0.06,1.46,34.87
7/4/2026 17:22,2.12,0.63,0,0.04,1.52,33.22
7/4/2026 17:22,2.37,0.66,0,0.02,1.59,57.73
7/4/2026 17:22,2.63,0.69,0,0,1.66,26
7/4/2026 17:22,2.86,0.72,0,-0.02,1.73,51.41
7/4/2026 17:22,3.23,0.75,0,-0.04,1.82,51.68
7/4/2026 17:22,3.57,0.78,0,-0.06,1.92,34.68
7/4/2026 17:22,3.96,0.81,0,-0.08,2.03,42.49
7/4/2026 17:22,4.29,0.84,0,-0.1,2.13,53.54
7/4/2026 17:22,4.67,0.87,0,-0.12,2.24,55.72
7/4/2026 17:22,4.98,0.9,0,-0.14,2.33,43.74
7/4/2026 17:22,5.34,0.93,0,-0.16,2.4,50.93
7/4/2026 17:22,5.72,0.96,0,-0.18,2.48,38.31
7/4/2026 17:22,6.09,0.99,0,-0.2,2.55,49.02
7/4/2026 17:22,6.48,1,0,-0.22,2.62,47.12
7/4/2026 17:22,6.87,1,0,-0.18,2.64,100
7/4/2026 17:22,7.28,1,0,-0.14,2.67,40.85
7/4/2026 17:22,7.66,1,0,-0.1,2.68,35.21
7/4/2026 17:22,8.1,1,0,-0.08,2.67,42.13
7/4/2026 17:22,8.53,1,0,-0.06,2.66,41
7/4/2026 17:22,8.98,1,0,-0.04,2.63,41.08
7/4/2026 17:22,9.41,1,0,-0.02,2.58,33.35
7/4/2026 17:22,9.86,1,0,0,2.52,84.42
7/4/2026 17:22,10.41,1,0,0.02,2.41,36.62
7/4/2026 17:22,10.88,1,0,0,2.3,39.17
7/4/2026 17:22,11.36,1,0,0,2.16,31.93
7/4/2026 17:22,11.8,1,0,0,2.01,29.67
7/4/2026 17:22,12.27,1,0,0,1.81,25.84
7/4/2026 17:22,12.76,1,0,0.02,1.59,33.44
7/4/2026 17:22,13.2,1,0,0.04,1.34,27.08
7/4/2026 17:22,13.74,1,0,0.06,1.03,32.3
7/4/2026 17:22,14.24,1,0,0.08,0.68,31.5
7/4/2026 17:22,14.65,1,0,0.1,0.42,30.17
7/4/2026 17:22,15.06,1,0,0.12,0.11,29.44
7/4/2026 17:22,15.48,1,0,0.14,-0.31,31.16
7/4/2026 17:22,15.83,1,0,0.16,-0.63,30.56
7/4/2026 17:22,16.19,1,0,0.12,-0.95,23.96
7/4/2026 17:22,16.67,1,0,0.14,-1.38,31.93
7/4/2026 17:22,17.04,1,0,0.16,-1.71,56.82
7/4/2026 17:22,17.37,1,0,0.18,1.48,28.9
7/4/2026 17:22,17.69,1,0,0.2,1.16,30.38
7/4/2026 17:22,17.99,1,0,0.22,0.87,29.52
7/4/2026 17:22,18.31,1,0,0.18,0.55,31.47
7/4/2026 17:22,18.67,1,0,0.14,0.26,28.78
7/4/2026 17:22,19,1,0,0.1,0.05,28.11
7/4/2026 17:22,19.32,1,0,0.06,-0.15,39.64
7/4/2026 17:22,19.67,1,0,0.08,-0.32,42.31
7/4/2026 17:22,20.05,1,0,0.1,-0.47,31.07
7/4/2026 17:22,20.38,1,0,0.12,-0.6,28.2
7/4/2026 17:22,20.75,1,0,0.08,-0.71,38.73
7/4/2026 17:22,21.15,1,0,0.04,-0.81,63.32
7/4/2026 17:22,21.51,1,0,0,-0.88,29.15
7/4/2026 17:22,21.88,1,0,0,-0.96,76.85
7/4/2026 17:22,22.23,1,0,0,-1.04,38.59
7/4/2026 17:22,22.64,1,0,0,-1.15,38.25
7/4/2026 17:22,23.02,1,0,0,-1.29,33.61
7/4/2026 17:22,23.45,1,0,0,-1.47,71.26
7/4/2026 17:22,23.85,1,0,0,-1.68,79.64
7/4/2026 17:22,24.23,1,0,0,-1.57,53.3
7/4/2026 17:22,24.67,1,0,0,-1.23,66.6
7/4/2026 17:22,25.04,1,0,0,-0.95,32.09
7/4/2026 17:22,25.44,1,0,0,-0.66,64.53
7/4/2026 17:22,25.82,1,0,0,-0.38,26.32
7/4/2026 17:22,26.23,1,0,0.02,-0.09,39.86
7/4/2026 17:22,26.72,1,0,0.04,0.27,44.62
7/4/2026 17:22,27.2,1,0,0.06,0.63,39.19
7/4/2026 17:22,27.58,1,0,0.08,0.92,27.99
7/4/2026 17:22,27.92,1,0,0.1,1.16,27.22
7/4/2026 17:22,28.31,1,0,0.06,1.43,71.9
7/4/2026 17:22,28.68,1,0,0.02,1.64,46.83
7/4/2026 17:22,29.05,1,0,0,-1.7,59.58
7/4/2026 17:22,29.48,1,0,0,-1.56,35.2
7/4/2026 17:22,29.84,1,0,0,-1.49,69.61
7/4/2026 17:22,30.2,1,0,0,-1.41,100
7/4/2026 17:22,30.56,1,0,0,-1.18,50.92
7/4/2026 17:22,30.93,1,0,0,-0.8,67.97
7/4/2026 17:22,31.28,1,0,0,-0.3,35.93
7/4/2026 17:22,31.64,1,0,0,0.37,100
7/4/2026 17:22,32.03,1,0,0,1.21,85.82
7/4/2026 17:22,32.44,1,0,0,1.65,100
7/4/2026 17:22,32.83,1,0,0,1.52,100
7/4/2026 17:22,33.18,1,0,0,1.38,81.48
7/4/2026 17:22,33.53,1,0,0,1.25,100
7/4/2026 17:22,33.91,1,0,0,1.09,100
7/4/2026 17:22,34.26,1,0,0,0.94,35.85
7/4/2026 17:22,34.62,1,0,0,0.78,100
7/4/2026 17:22,34.99,1,0,0,0.59,37.31
7/4/2026 17:22,35.32,1,0,0,0.43,81.23
7/4/2026 17:22,35.66,1,0,0,0.25,78.06
7/4/2026 17:22,36,1,0,0,0.07,100
7/4/2026 17:22,36.37,1,0,0,-0.14,31.36
7/4/2026 17:22,36.8,1,0,0,-0.39,100
7/4/2026 17:22,37.11,1,0,0,-0.57,48.98
7/4/2026 17:22,37.41,1,0,0,-0.76,100
7/4/2026 17:22,37.74,1,0,0,-0.97,75.27
7/4/2026 17:22,38.1,1,0,0,-1.2,72.34
7/4/2026 17:22,38.41,1,0,0,-1.41,52.63
7/4/2026 17:22,38.75,1,0,0,-1.63,69.01
7/4/2026 17:22,39.08,1,0,0,-1.64,40.95
7/4/2026 17:22,39.4,1,0,0,-1.41,100
7/4/2026 17:22,39.68,1,0,0,-1.21,35.46
7/4/2026 17:22,39.93,1,0,0,-1.02,44.06
7/4/2026 17:22,40.19,1,0,0,-0.83,38.03
7/4/2026 17:22,40.45,1,0,0,-0.63,50.88
7/4/2026 17:22,40.71,1,0,0,-0.43,100
7/4/2026 17:22,40.98,1,0,0,-0.21,100
7/4/2026 17:22,41.25,1,0,0,0,46.04
7/4/2026 17:22,41.5,1,0,0.02,0.21,97.99
7/4/2026 17:22,41.76,1,0,0.04,0.42,25.17
7/4/2026 17:22,42.02,0,0,0.06,0.6,32.47
7/4/2026 17:22,42.22,0,0,0.08,0.63,34.12
7/4/2026 17:22,42.2,0,0,0.1,0.52,29.13
7/4/2026 17:22,41.91,0,0,0.12,0.29,28.53
7/4/2026 17:22,41.37,0,0,0.14,-0.09,76.33
7/4/2026 17:22,40.69,0,0,0.16,-0.52,91.23
7/4/2026 17:22,39.86,0,0,0.18,-1.06,56.88
7/4/2026 17:22,38.74,0,0,0.2,-1.74,31.9
7/4/2026 17:22,37.36,0,0,0.22,-0.91,65.45
7/4/2026 17:22,36.27,0,0,0.24,-0.3,32.11
7/4/2026 17:22,35,0,0,0.26,0.39,22.56
7/4/2026 17:22,33.47,0,0,0.28,1.15,23.88
7/4/2026 17:22,32.14,0,0,0.3,-1.74,22.28
7/4/2026 17:22,30.39,0,0,0.32,-0.97,48.89
7/4/2026 17:22,28.64,0,0,0.34,-0.26,36.31
7/4/2026 17:22,27.3,0,0,0.36,0.37,26.74
7/4/2026 17:22,25.75,0.23,0,0.32,0.88,32.63
7/4/2026 17:22,23.84,0.26,0,0.28,1.49,24.63
7/4/2026 17:22,22.33,0.29,0,0.24,1.96,52.69
7/4/2026 17:22,20.87,0.32,0,0.2,2.37,65.55
7/4/2026 17:22,19.23,0.35,0,0.16,2.74,24.24
7/4/2026 17:22,17.87,0.38,0,0.14,3.04,15.37
7/4/2026 17:22,16.63,0.41,0,0.12,3.24,27.76
7/4/2026 17:22,15.3,0.44,0,0.1,3.4,18.47
7/4/2026 17:22,13.95,0.47,0,0.08,3.5,21.46
7/4/2026 17:22,12.57,0.5,0,0.06,3.53,23.61
7/4/2026 17:22,11.4,0.53,0,0.04,3.5,24.4
7/4/2026 17:22,10.14,0.56,0,0.02,3.38,24.36
7/4/2026 17:22,9.04,0.59,0,0,3.19,24.47
7/4/2026 17:22,8.23,0.62,0,-0.02,2.97,18.06
7/4/2026 17:22,7.58,0.65,0,-0.04,2.66,15.92
7/4/2026 17:22,7.31,0.68,0,-0.06,2.33,46.22
7/4/2026 17:22,7.19,0,0,-0.08,1.95,16.08
7/4/2026 17:22,7.27,0,0,-0.1,1.38,17.84
7/4/2026 17:22,7.26,0,0,-0.12,0.79,46.15
7/4/2026 17:22,7.14,0,0,-0.14,0.34,22.34
7/4/2026 17:22,6.99,0,0,-0.16,-0.2,33.93
7/4/2026 17:22,6.78,0,0,-0.18,-0.64,25.97
7/4/2026 17:22,6.57,0,0,-0.2,-1.1,34.53
7/4/2026 17:22,6.31,0.36,0,-0.22,-1.59,44.21
7/4/2026 17:22,6.08,0.39,0,-0.24,1.36,21.65
7/4/2026 17:22,6.01,0.42,0,-0.26,1.05,49.05
7/4/2026 17:22,5.99,0.45,0,-0.28,0.71,21.14
7/4/2026 17:22,6.04,0.48,0,-0.3,0.4,49.25
7/4/2026 17:22,6.1,0.51,0,-0.32,0.11,51.62
7/4/2026 17:22,6.17,0.54,0,-0.34,-0.25,16.29
7/4/2026 17:22,6.29,0.57,0,-0.36,-0.52,15.38
7/4/2026 17:22,6.4,0.6,0,-0.38,-0.83,16.19
7/4/2026 17:22,6.49,0.63,0,-0.4,-1.11,17
7/4/2026 17:22,6.65,0.66,0,-0.42,-1.35,16.59
7/4/2026 17:22,6.82,0.69,0,-0.44,-1.57,32.55
7/4/2026 17:22,6.99,0.72,0,-0.46,-1.75,27.72
7/4/2026 17:22,7.19,0.75,0,-0.48,-1.59,52.51
7/4/2026 17:22,7.38,0.78,0,-0.5,-1.46,62.81
7/4/2026 17:22,7.58,0.81,0,-0.46,-1.37,32.36
7/4/2026 17:22,7.84,0.84,0,-0.42,-1.33,31.12
7/4/2026 17:22,8.14,0.87,0,-0.38,-1.32,29
7/4/2026 17:22,8.43,0.9,0,-0.34,-1.35,60.98
7/4/2026 17:22,8.77,0.93,0,-0.3,-1.42,45.88
7/4/2026 17:22,9.12,0.96,0,-0.28,-1.54,34.73
7/4/2026 17:22,9.47,0.99,0,-0.26,-1.7,31.01
7/4/2026 17:22,9.92,1,0,-0.24,-1.55,28.9
7/4/2026 17:22,10.34,1,0,-0.22,-1.27,30.22
7/4/2026 17:22,10.74,1,0,-0.2,-0.95,28.8
7/4/2026 17:22,11.22,1,0,-0.18,-0.52,38.3
7/4/2026 17:22,11.63,1,0,-0.16,-0.11,39.34
7/4/2026 17:22,12.07,1,0,-0.14,0.37,38.02
7/4/2026 17:22,12.53,1,0,-0.12,0.92,10.12
7/4/2026 17:22,12.97,1,0,-0.1,1.49,9.22
7/4/2026 17:22,13.44,1,0,-0.08,-1.36,8.26
7/4/2026 17:22,13.85,1,0,-0.06,-0.75,38.6
7/4/2026 17:22,14.25,1,0,-0.04,-0.13,5.03
7/4/2026 17:22,14.67,1,0,-0.02,0.55,4.08
7/4/2026 17:22,15.09,0,0,0,1.26,3.14
7/4/2026 17:22,15.49,0,0,0.02,2.03,79.92
7/4/2026 17:22,3.64,0,0,0.04,2.12,1.82
7/4/2026 17:22,1.86,0,0,0.06,2.05,1.97
7/4/2026 17:22,1.88,0,0,0.08,2.09,1.66
7/4/2026 17:22,0.6,0,0,0.1,2.17,1.68
7/4/2026 17:22,0.14,0,0,0.12,2.16,1.53
7/4/2026 17:22,0.07,0,0,0.14,2.16,1.61
7/4/2026 17:22,0.03,0.03,0,0.1,2.16,1.57
7/4/2026 17:22,0.02,0.06,0,0.06,2.16,1.86
7/4/2026 17:22,0.03,0.09,0,0.02,2.16,1.55
7/4/2026 17:22,0.03,0.12,0,0,2.16,1.94
7/4/2026 17:22,0.03,0.15,0,-0.02,2.16,1.52
7/4/2026 17:22,0.08,0.18,0,-0.04,2.15,1.58
7/4/2026 17:22,0.07,0.21,0,-0.06,2.15,1.58
7/4/2026 17:22,0.16,0.24,0,-0.08,2.14,1.55
7/4/2026 17:22,0.2,0.27,0,-0.1,2.13,1.56
7/4/2026 17:22,0.22,0.3,0,-0.12,2.11,1.66
7/4/2026 17:22,0.27,0.33,0,-0.14,2.1,1.59
7/4/2026 17:22,0.3,0.36,0,-0.16,2.08,1.64
7/4/2026 17:22,0.39,0.39,0,-0.18,2.06,1.66
7/4/2026 17:22,0.56,0.42,0,-0.2,2.02,1.72
7/4/2026 17:22,0.71,0.45,0,-0.22,1.98,1.75
7/4/2026 17:22,0.9,0.48,0,-0.24,1.93,1.77
7/4/2026 17:22,1.1,0.51,0,-0.26,1.88,1.88
7/4/2026 17:22,1.26,0.54,0,-0.28,1.81,100
7/4/2026 17:22,1.42,0.57,0,-0.3,1.73,2.04
7/4/2026 17:22,1.57,0.6,0,-0.32,1.64,100
7/4/2026 17:22,1.71,0.63,0,-0.34,1.54,39.96
7/4/2026 17:22,1.86,0.66,0,-0.36,1.44,2.36
7/4/2026 17:22,2.02,0.69,0,-0.38,1.33,56.84
7/4/2026 17:22,2.21,0.72,0,-0.4,1.2,30.76
7/4/2026 17:22,2.38,0,0,-0.42,1.08,100
7/4/2026 17:22,2.51,0,0,-0.38,0.93,4.15
7/4/2026 17:22,2.44,0,0,-0.34,0.79,25.86
7/4/2026 17:22,2.28,0.03,0,-0.3,0.67,4.45
7/4/2026 17:22,1.19,0.06,0,-0.26,0.59,4.52
7/4/2026 17:22,0.53,0.09,0,-0.22,0.54,4.58
7/4/2026 17:22,0.26,0.12,0,-0.2,0.52,4.71
7/4/2026 17:22,0.12,0.15,0,-0.18,0.51,4.66
7/4/2026 17:22,0.05,0.18,0,-0.16,0.51,37.25
7/4/2026 17:22,0.04,0.21,0,-0.14,0.51,4.61
7/4/2026 17:22,0.02,0.24,0,-0.12,0.51,4.82
7/4/2026 17:22,0.16,0.27,0,-0.1,0.52,4.64
7/4/2026 17:22,0.26,0.3,0,-0.08,0.53,4.6
7/4/2026 17:22,0.37,0.33,0,-0.06,0.54,4.59
7/4/2026 17:22,0.49,0.36,0,-0.04,0.57,4.6
7/4/2026 17:22,0.61,0.39,0,-0.02,0.6,4.49
7/4/2026 17:22,0.77,0.42,0,0,0.63,4.48
7/4/2026 17:22,0.97,0.45,0,0.02,0.69,4.38
7/4/2026 17:22,1.16,0.48,0,0.04,0.74,4.3
7/4/2026 17:22,1.34,0.51,0,0.06,0.8,4.29
7/4/2026 17:22,1.54,0.54,0,0.08,0.87,4.13
7/4/2026 17:22,1.75,0.57,0,0.1,0.95,4.03
7/4/2026 17:22,1.97,0.6,0,0.12,1.03,3.9
7/4/2026 17:22,2.19,0.63,0,0.14,1.13,3.77
7/4/2026 17:22,2.44,0.66,0,0.16,1.24,3.71
7/4/2026 17:22,2.67,0,0,0.18,1.35,3.57
7/4/2026 17:22,2.85,0,0,0.2,1.44,3.34
7/4/2026 17:22,2.93,0,0,0.16,1.56,3.27
7/4/2026 17:22,2.93,0,0,0.14,1.68,34.15
7/4/2026 17:22,2.89,0.03,0,0.12,1.8,77.46
7/4/2026 17:22,1.54,0.06,0,0.1,1.89,34.08
7/4/2026 17:22,0.38,0.09,0,0.08,1.93,34.96
7/4/2026 17:22,0.11,0.12,0,0.06,1.94,32.53
7/4/2026 17:22,0,0.15,0,0.04,1.94,29.32
7/4/2026 17:22,0.03,0.18,0,0.02,1.94,33.87
7/4/2026 17:22,0.06,0.21,0,0,1.94,32.7
7/4/2026 17:22,0.05,0.24,0,-0.02,1.94,33.84
7/4/2026 17:22,0.09,0.27,0,-0.04,1.93,25.79
7/4/2026 17:22,0.17,0.3,0,-0.06,1.93,34.36
7/4/2026 17:22,0.2,0.33,0,-0.08,1.92,32.77
7/4/2026 17:22,0.28,0.36,0,-0.1,1.91,35.56
7/4/2026 17:22,0.36,0.39,0,-0.12,1.89,77.8
7/4/2026 17:22,0.47,0.42,0,-0.14,1.87,33.36
7/4/2026 17:22,0.53,0.45,0,-0.16,1.84,32.44
7/4/2026 17:22,0.7,0.48,0,-0.18,1.81,20.37
7/4/2026 17:22,0.96,0.51,0,-0.2,1.77,33.04
7/4/2026 17:22,1.16,0.54,0,-0.22,1.72,34.44
7/4/2026 17:22,1.37,0.57,0,-0.24,1.66,32.71
7/4/2026 17:22,1.52,0.6,0,-0.26,1.58,34.3
7/4/2026 17:22,1.68,0.63,0,-0.28,1.51,32.42
7/4/2026 17:22,1.86,0.66,0,-0.3,1.42,33.21
7/4/2026 17:22,2,0.69,0,-0.32,1.34,33.55
7/4/2026 17:22,2.17,0.72,0,-0.34,1.24,33.81
7/4/2026 17:22,2.35,0.75,0,-0.36,1.14,33.16
7/4/2026 17:22,2.56,0.78,0,-0.38,1.02,20.29
7/4/2026 17:22,2.8,0.81,0,-0.4,0.88,31.88
7/4/2026 17:22,3,0.84,0,-0.42,0.75,20.3
7/4/2026 17:22,3.22,0.87,0,-0.44,0.61,29.93
7/4/2026 17:22,3.47,0.9,0,-0.46,0.46,7.06
7/4/2026 17:22,3.74,0.93,0,-0.48,0.3,30.96
7/4/2026 17:22,4,0.96,0,-0.5,0.14,20.34
7/4/2026 17:22,4.28,0.99,0,-0.52,-0.02,21.19
7/4/2026 17:22,4.6,1,0,-0.54,-0.2,21.2
7/4/2026 17:22,4.98,1,0,-0.55,-0.41,20.04
7/4/2026 17:22,5.32,1,0,-0.55,-0.59,30.4
7/4/2026 17:22,5.68,0,0,-0.55,-0.76,36.43
7/4/2026 17:22,5.93,0,0,-0.51,-0.9,36.84
7/4/2026 17:22,5.87,0,0,-0.47,-1.05,62.18
7/4/2026 17:22,5.59,0,0,-0.43,-1.15,33.49
7/4/2026 17:22,5.19,0.03,0,-0.39,-1.2,36.13
7/4/2026 17:22,3.06,0.06,0,-0.35,-1.25,50.5
7/4/2026 17:22,1.56,0.09,0,-0.31,-1.26,31.27
7/4/2026 17:22,0.99,0.12,0,-0.27,-1.26,71.82
7/4/2026 17:22,0.72,0.15,0,-0.23,-1.26,55.78
7/4/2026 17:22,0.55,0.18,0,-0.19,-1.26,65.35
7/4/2026 17:22,0.41,0.21,0,-0.15,-1.25,48.18
7/4/2026 17:22,0.28,0.24,0,-0.11,-1.25,27.91
7/4/2026 17:22,0.19,0.27,0,-0.07,-1.25,43.84
7/4/2026 17:22,0.13,0.3,0,-0.03,-1.24,43.12
7/4/2026 17:22,0.04,0.33,0,0,-1.24,71.63
7/4/2026 17:22,0.04,0.36,0,0,-1.24,27.41
7/4/2026 17:22,0.17,0.39,0,0,-1.24,45.58
7/4/2026 17:22,0.33,0.42,0,0,-1.25,43.7
7/4/2026 17:22,0.47,0.45,0,0,-1.25,70.57
7/4/2026 17:22,0.65,0.48,0,0,-1.26,23.74
7/4/2026 17:22,0.83,0.51,0,0,-1.27,71.67
7/4/2026 17:22,1.03,0.54,0,0,-1.29,84.03
7/4/2026 17:22,1.25,0.57,0,0,-1.31,58.4
7/4/2026 17:22,1.53,0.6,0,0,-1.33,54.67
7/4/2026 17:22,1.83,0.63,0,0,-1.37,54.24
7/4/2026 17:22,2.1,0.66,0,0,-1.4,42.62
7/4/2026 17:22,2.36,0.69,0,0,-1.43,24.87
7/4/2026 17:22,2.66,0.72,0,0,-1.48,24.47
7/4/2026 17:22,2.97,0.75,0,0,-1.53,58.9
7/4/2026 17:22,3.28,0.78,0,0,-1.58,28.63
7/4/2026 17:22,3.72,0.81,0,0,-1.66,33.17
7/4/2026 17:22,4.03,0.84,0,0,-1.72,56.54
7/4/2026 17:22,4.46,0.87,0,0,1.69,27.45
7/4/2026 17:22,4.8,0.9,0,0,1.62,68.83
7/4/2026 17:22,5.15,0.93,0,0,1.54,56.18
7/4/2026 17:22,5.53,0.96,0,0,1.46,26.46
7/4/2026 17:22,5.94,0.99,0,0,1.36,54.98
7/4/2026 17:22,6.37,1,0,0,1.26,27.41
7/4/2026 17:22,6.77,1,0,0,1.16,40.25
7/4/2026 17:22,7.26,1,0,0,1.04,64.6
7/4/2026 17:22,7.65,1,0,0,0.93,30.62
7/4/2026 17:22,8.06,1,0,0,0.81,26.86
7/4/2026 17:22,8.52,1,0,0,0.68,28.85
7/4/2026 17:22,8.94,1,0,0,0.54,64.49
7/4/2026 17:22,9.39,1,0,0,0.39,25.54
7/4/2026 17:22,9.82,1,0,0,0.24,47.63
7/4/2026 17:22,10.24,1,0,0,0.09,50.29
7/4/2026 17:22,10.7,1,0,0,-0.09,60.05
7/4/2026 17:22,11.13,1,0,-0.02,-0.26,50.89
7/4/2026 17:22,11.54,1,0,-0.04,-0.43,33.07
7/4/2026 17:22,11.97,1,0,-0.06,-0.6,46.67
7/4/2026 17:22,12.49,1,0,-0.08,-0.82,25.43
7/4/2026 17:22,13.05,1,0,-0.04,-1.04,44.57
7/4/2026 17:22,13.46,1,0,0,-1.19,40.21
7/4/2026 17:22,13.9,1,0,-0.02,-1.36,42.68
7/4/2026 17:22,14.41,1,0,-0.04,-1.54,41.57
7/4/2026 17:22,14.93,1,0,0,-1.73,42.53
7/4/2026 17:22,15.38,1,0,0,-1.62,39.38
7/4/2026 17:22,15.83,1,0,0,-1.46,38.78
7/4/2026 17:22,16.24,1,0,0,-1.32,46.19
7/4/2026 17:22,16.62,1,0,0,-1.18,46.24
7/4/2026 17:22,17.01,1,0,0,-1.04,25.23
7/4/2026 17:22,17.44,1,0,0,-0.88,28.39
7/4/2026 17:22,17.84,1,0,0,-0.73,40.53
7/4/2026 17:22,18.25,1,0,0,-0.57,30.81
7/4/2026 17:22,18.65,1,0,0,-0.41,33.15
7/4/2026 17:22,18.97,1,0,0,-0.28,25.14
7/4/2026 17:22,19.36,1,0,0,-0.12,28.18
7/4/2026 17:22,19.78,1,0,0,0.05,27.3
7/4/2026 17:22,20.17,1,0,0,0.22,25.91
7/4/2026 17:22,20.59,1,0,0,0.4,26.75
7/4/2026 17:22,20.99,1,0,0,0.58,24.72
7/4/2026 17:22,21.39,1,0,0,0.77,32.27
7/4/2026 17:22,21.81,1,0,0,0.96,22.13
7/4/2026 17:22,22.2,1,0,-0.02,1.15,19.5
7/4/2026 17:22,22.61,0,0,-0.04,1.35,29.77
7/4/2026 17:22,22.95,0,0,-0.06,1.53,26.3
7/4/2026 17:22,23.09,0,0,-0.08,1.71,24.75
7/4/2026 17:22,22.89,0,0,-0.1,-1.6,100
7/4/2026 17:22,22.5,0.83,0,-0.06,-1.47,27.65
7/4/2026 17:22,22.1,0.86,0,-0.02,-1.39,100
7/4/2026 17:22,21.74,0.89,0,0,-1.35,32.41
7/4/2026 17:22,21.57,0.92,0,0,-1.34,89.27
7/4/2026 17:22,21.58,0.95,0,0,-1.35,39.07
7/4/2026 17:22,21.7,0.98,0,0,-1.38,40.43
7/4/2026 17:22,21.93,1,0,0,-1.43,33.43
7/4/2026 17:22,22.22,1,0,0,-1.49,28.68
7/4/2026 17:22,22.54,1,0,0,-1.55,29.55
7/4/2026 17:22,22.9,1,0,0,-1.61,51.4
7/4/2026 17:22,23.23,1,0,0,-1.68,53.38
7/4/2026 17:22,23.6,1,0,0,1.75,100
7/4/2026 17:22,23.99,1,0,0,1.67,40.08
7/4/2026 17:22,24.35,1,0,0,1.59,100
7/4/2026 17:22,24.74,1,0,0,1.51,92.13
7/4/2026 17:22,25.13,1,0,0,1.43,27.01
7/4/2026 17:22,25.5,1,0,0,1.35,35.78
7/4/2026 17:22,25.9,1,0,0,1.26,87.07
7/4/2026 17:22,26.27,1,0,0,1.17,62.06
7/4/2026 17:22,26.64,1,0,0,1.09,67.52
7/4/2026 17:22,27.05,1,0,0,0.99,54.91
7/4/2026 17:22,27.43,1,0,0,0.9,69.72
7/4/2026 17:22,27.83,1,0,0,0.8,53.66
7/4/2026 17:22,28.2,1,0,0,0.71,100
7/4/2026 17:22,28.59,0,0,0,0.61,81.31
7/4/2026 17:22,28.97,0,0,0,0.5,64.34
7/4/2026 17:22,29.04,0,0,0,0.39,100
7/4/2026 17:22,28.82,0.88,0,0,0.3,29.99
7/4/2026 17:22,28.45,0.91,0,0,0.2,32.19
7/4/2026 17:22,28.08,0.94,0,0,0.1,25.98
7/4/2026 17:22,27.81,0.97,0,0,-0.02,40.33
7/4/2026 17:22,27.78,1,0,0,-0.11,57.91
7/4/2026 17:22,27.88,1,0,0,-0.21,56.21
7/4/2026 17:22,28.08,1,0,0,-0.32,46.13
7/4/2026 17:22,28.34,1,0,0,-0.42,54.71
7/4/2026 17:22,28.63,1,0,0,-0.52,30.55
7/4/2026 17:22,28.92,1,0,0.02,-0.61,26.26
7/4/2026 17:22,29.26,1,0,0.04,-0.71,48.44
7/4/2026 17:22,29.59,1,0,0.06,-0.8,44.64
7/4/2026 17:22,29.93,1,0,0.08,-0.88,34.57
7/4/2026 17:22,30.25,1,0,0.1,-0.94,76.85
7/4/2026 17:22,30.57,1,0,0.12,-0.97,23.85
7/4/2026 17:22,30.89,1,0,0.14,-0.96,25.09
7/4/2026 17:22,31.1,1,0,0.16,-0.9,34.76
7/4/2026 17:22,31.29,1,0,0.12,-0.86,42.96
7/4/2026 17:22,31.48,1,0,0.08,-0.84,43.05
7/4/2026 17:22,31.67,1,0,0.04,-0.85,34.66
7/4/2026 17:22,31.86,1,0,0,-0.88,39.73
7/4/2026 17:22,32.06,1,0,0,-0.94,32.3
7/4/2026 17:22,32.26,1,0,0,-1.02,38.44
7/4/2026 17:22,32.47,1,0,0,-1.13,32.26
7/4/2026 17:22,32.69,1,0,0,-1.28,30.83
7/4/2026 17:22,33,1,0,0.02,-1.5,31.71
7/4/2026 17:22,33.35,1,0,0.04,-1.68,45.1
7/4/2026 17:22,33.59,1,0,0.06,-1.41,25.92
7/4/2026 17:22,33.88,1,0,0.08,-1.04,36.03
7/4/2026 17:22,34.18,0,0,0.1,-0.56,35.61
7/4/2026 17:22,34.37,0,0,0.12,-0.13,30.42
7/4/2026 17:22,34.31,0,0,0.14,0.47,29.88
7/4/2026 17:22,33.82,0,0,0.16,1.15,29.62
7/4/2026 17:22,33.25,0,0,0.18,1.69,29.62
7/4/2026 17:22,32.55,0,0,0.2,-1.27,24.59
7/4/2026 17:22,31.78,0,0,0.22,-0.78,21.68
7/4/2026 17:22,30.85,0,0,0.24,-0.26,26.26
7/4/2026 17:22,29.82,0.63,0,0.2,0.25,27.72
7/4/2026 17:22,28.84,0.66,0,0.16,0.59,25.64
7/4/2026 17:22,27.83,0.69,0,0.12,0.94,57.38
7/4/2026 17:22,26.94,0.72,0,0.08,1.23,29.16
7/4/2026 17:22,26.16,0.75,0,0.04,1.41,36.88
7/4/2026 17:22,25.43,0.78,0,0,1.55,79.99
7/4/2026 17:22,24.78,0.81,0,0,1.59,60.04
7/4/2026 17:22,24.25,0.84,0,0,1.57,100
7/4/2026 17:22,23.72,0.87,0,0,1.46,52.53
7/4/2026 17:22,23.27,0.9,0,0,1.3,46.07
7/4/2026 17:22,22.84,0.93,0,-0.02,1,28.57
7/4/2026 17:22,22.53,0.96,0,-0.04,0.69,35.93
7/4/2026 17:22,22.34,0.99,0,-0.06,0.27,31.78
7/4/2026 17:22,22.25,1,0,-0.08,-0.26,34.52
7/4/2026 17:22,22.3,1,0,-0.1,-0.94,25.7
7/4/2026 17:22,22.5,1,0,-0.12,-1.63,26.15
7/4/2026 17:22,22.91,1,0,-0.14,0.95,26.2
7/4/2026 17:22,23.32,1,0,-0.16,0.18,24.52
7/4/2026 17:22,23.75,1,0,-0.18,-0.6,28.88
7/4/2026 17:22,24.2,1,0,-0.2,-1.45,32.62
7/4/2026 17:22,24.57,1,0,-0.16,-1.23,27.79
7/4/2026 17:22,24.86,1,0,-0.12,-0.61,88.11
7/4/2026 17:22,25.14,1,0,-0.08,-0.1,28.29
7/4/2026 17:22,25.36,1,0,-0.04,0.23,80.16
7/4/2026 17:22,25.58,1,0,-0.02,0.45,29.6
7/4/2026 17:22,25.83,1,0,0,0.56,28.86
7/4/2026 17:22,26.07,1,0,0.02,0.59,72.25
7/4/2026 17:22,26.38,1,0,0.04,0.54,51.36
7/4/2026 17:22,26.71,1,0,0.06,0.42,63.52
7/4/2026 17:22,27.07,1,0,0.08,0.25,56.75
7/4/2026 17:22,27.44,1,0,0.04,0.05,34.92
7/4/2026 17:22,27.82,1,0,0,-0.19,68.21
7/4/2026 17:22,28.21,1,0,0,-0.46,56.78
7/4/2026 17:22,28.6,1,0,0,-0.75,54.51
7/4/2026 17:22,29.01,1,0,0,-1.06,80.94
7/4/2026 17:22,29.38,1,0,0,-1.36,51.13
7/4/2026 17:22,29.8,1,0,0,-1.69,34.02
7/4/2026 17:22,30.19,1,0,0.02,-1.49,27.48
7/4/2026 17:22,30.58,0,0,0.04,-1.16,51.54
7/4/2026 17:22,30.91,0,0,0.06,-0.86,51.64
7/4/2026 17:22,31.02,0,0,0.08,-0.57,48.2
7/4/2026 17:22,30.76,0,0,0.1,-0.22,25.97
7/4/2026 17:22,30.28,0,0,0.12,0.04,79.08
7/4/2026 17:22,29.81,0,0,0.14,0.2,80.61
7/4/2026 17:22,29.17,0,0,0.16,0.34,100
7/4/2026 17:22,28.44,0,0,0.18,0.42,35.84
7/4/2026 17:22,27.49,0,0,0.2,0.42,49.47
7/4/2026 17:22,26.62,0,0,0.22,0.33,38.59
7/4/2026 17:22,25.48,0,0,0.24,0.1,39.49
7/4/2026 17:22,24.41,0,0,0.26,-0.2,34.84
7/4/2026 17:22,23.24,0,0,0.28,-0.63,28.61
7/4/2026 17:22,22.23,0,0,0.3,0.87,27.47
7/4/2026 17:22,21.2,0,0,0.26,1.05,28.09
7/4/2026 17:22,20.11,0,0,0.22,1.23,21.73
7/4/2026 17:22,19.13,0,0,0.18,0.17,20.52
7/4/2026 17:22,18.11,0.18,0,0.14,-0.08,21.55
7/4/2026 17:22,17.09,0.21,0,0.1,-0.41,30.23
7/4/2026 17:22,16.24,0.24,0,0.06,-0.18,30.09
7/4/2026 17:22,15.48,0.27,0,0.02,0.07,25.96
7/4/2026 17:22,14.81,0.3,0,0,0.2,34.75
7/4/2026 17:22,14.29,0.33,0,0,0.3,55.11
7/4/2026 17:22,13.87,0.36,0,0,0.34,26.4
7/4/2026 17:22,13.52,0.39,0,0,0.36,28.87
7/4/2026 17:22,13.34,0.42,0,0,0.37,100
7/4/2026 17:22,13.19,0.45,0,0,0.36,64.1
7/4/2026 17:22,13.11,0.48,0,0,0.37,23.1
7/4/2026 17:22,13.05,0.51,0,0,0.38,76.75
7/4/2026 17:22,13.03,0.54,0,0,0.47,91.92
7/4/2026 17:22,13.04,0.57,0,0,0.56,45.34
7/4/2026 17:22,13.06,0.6,0,0,0.69,27.97
7/4/2026 17:22,13.12,0.63,0,0,0.77,56.86
7/4/2026 17:22,13.21,0.66,0,0,0.9,36.47
7/4/2026 17:22,13.32,0.69,0,0,1.02,23.83
7/4/2026 17:22,13.49,0.72,0,0.02,1.15,38.23
7/4/2026 17:22,13.63,0.75,0,0.04,1.26,74.05
7/4/2026 17:22,13.78,0.78,0,0.06,1.35,29.12
7/4/2026 17:22,14.01,0.81,0,0.08,1.46,86.18
7/4/2026 17:22,14.22,0.84,0,0.04,1.53,30.44
7/4/2026 17:22,14.44,0.87,0,0,1.59,25.18
7/4/2026 17:22,14.7,0.9,0,0,1.65,60.37
7/4/2026 17:22,14.99,0.93,0,0,1.7,81.84
7/4/2026 17:22,15.34,0.96,0,0,-1.75,28.98
7/4/2026 17:22,15.65,0.99,0,0,-1.71,35.21
7/4/2026 17:22,16.02,1,0,0,-1.66,66.79
7/4/2026 17:22,16.37,1,0,0,-1.62,27.18
7/4/2026 17:22,16.74,1,0,0,-1.58,53.94
7/4/2026 17:22,17.14,1,0,0,-1.54,27.76
7/4/2026 17:22,17.57,1,0,0,-1.49,31.02
7/4/2026 17:22,17.97,1,0,0,-1.45,100
7/4/2026 17:22,18.38,1,0,0,-1.41,31.48
7/4/2026 17:22,18.78,1,0,0,-1.36,58.63
7/4/2026 17:22,19.24,1,0,0,-1.31,33.83
7/4/2026 17:22,19.58,1,0,0,-1.27,69.44
7/4/2026 17:22,20.06,1,0,0,-1.21,38.33
7/4/2026 17:22,20.55,1,0,0,-1.15,37.39
7/4/2026 17:22,20.94,0,0,-0.02,-1.1,51
7/4/2026 17:22,21.29,0,0,-0.04,-1.05,38.88
7/4/2026 17:22,21.43,0,0,-0.06,-0.97,30.37
7/4/2026 17:22,21.26,0,0,-0.08,-0.9,47.27
7/4/2026 17:22,20.87,0,0,-0.1,-0.78,45.48
7/4/2026 17:22,20.36,0,0,-0.12,-0.63,44.23
7/4/2026 17:22,19.81,0,0,-0.14,-0.45,42.36
7/4/2026 17:22,19.33,0,0,-0.16,-0.27,24.45
7/4/2026 17:22,18.71,0,0,-0.18,0.01,44.26
7/4/2026 17:22,18.07,0,0,-0.2,0.34,38.83
7/4/2026 17:22,17.49,0,0,-0.22,0.69,32
7/4/2026 17:22,16.95,0,0,-0.24,1.05,24.46
7/4/2026 17:22,16.31,0,0,-0.26,0.65,23.44
7/4/2026 17:22,15.69,0,0,-0.28,-0.24,18.39
7/4/2026 17:22,15.08,0,0,-0.3,0.72,17.34
7/4/2026 17:22,14.46,0,0,-0.32,-0.26,17.53
7/4/2026 17:22,13.87,0,0,-0.34,-0.59,19.48
7/4/2026 17:22,13.33,0.18,0,-0.36,-0.15,20.11
7/4/2026 17:22,12.75,0.21,0,-0.38,0.32,20.33
7/4/2026 17:22,12.24,0.24,0,-0.4,0.78,21.46
7/4/2026 17:22,11.79,0.27,0,-0.36,1.15,26.67
7/4/2026 17:22,11.45,0.3,0,-0.32,1.44,29.44
7/4/2026 17:22,11.19,0.33,0,-0.28,-1.56,32.71
7/4/2026 17:22,10.99,0.36,0,-0.24,-1.5,98.15
7/4/2026 17:22,10.83,0.39,0,-0.2,-1.49,44.72
7/4/2026 17:22,10.73,0.42,0,-0.16,-1.51,39.69
7/4/2026 17:22,10.68,0.45,0,-0.12,-1.55,58.43
7/4/2026 17:22,10.66,0.48,0,-0.08,-1.59,94.53
7/4/2026 17:22,10.67,0.51,0,-0.04,-1.66,88.9
7/4/2026 17:22,10.7,0.54,0,0,-1.74,31.95
7/4/2026 17:22,10.75,0.57,0,0,1.68,23.52
7/4/2026 17:22,10.84,0.6,0,0,1.56,24.42
7/4/2026 17:22,10.95,0.63,0,0,1.45,25.39
7/4/2026 17:22,11.07,0.66,0,0,1.35,42.15
7/4/2026 17:22,11.22,0.69,0,0,1.25,89.58
7/4/2026 17:22,11.37,0.72,0,0,1.15,68.77
7/4/2026 17:22,11.55,0.75,0,0,1.05,45.14
7/4/2026 17:22,11.75,0.78,0,0,0.95,45.11
7/4/2026 17:22,12.06,0.81,0,0,0.81,65.77
7/4/2026 17:22,12.32,0.84,0,0,0.7,26.21
7/4/2026 17:22,12.57,0.87,0,0,0.6,63.05
7/4/2026 17:22,12.84,0.9,0,0,0.5,35.87
7/4/2026 17:22,13.13,0.93,0,0,0.4,35.35
7/4/2026 17:22,13.43,0.96,0,0,0.3,35.2
7/4/2026 17:22,13.79,0.99,0,0,0.18,75.61
7/4/2026 17:22,14.15,1,0,0,0.06,74.64
7/4/2026 17:22,14.53,1,0,0,-0.06,23.96
7/4/2026 17:22,14.91,1,0,0,-0.18,25.14
7/4/2026 17:22,15.31,1,0,0,-0.31,56.84
7/4/2026 17:22,15.72,1,0,0.02,-0.45,70.45
7/4/2026 17:22,16.14,1,0,0.04,-0.59,36.69
7/4/2026 17:22,16.55,1,0,0.06,-0.73,56.93
7/4/2026 17:22,16.92,1,0,0.08,-0.85,31.23
7/4/2026 17:22,17.3,1,0,0.1,-0.96,50.8
7/4/2026 17:22,17.65,1,0,0.12,-1.05,24.38
7/4/2026 17:22,18,1,0,0.08,-1.12,64.04
7/4/2026 17:22,18.39,1,0,0.04,-1.17,37.62
7/4/2026 17:22,18.81,1,0,0,-1.19,61.56
7/4/2026 17:22,19.22,1,0,0,-1.19,60.67
7/4/2026 17:22,19.63,1,0,0,-1.16,59.04
7/4/2026 17:22,20.04,1,0,0,-1.12,40.25
7/4/2026 17:22,20.42,1,0,0,-1.07,56.53
7/4/2026 17:22,20.82,1,0,0,-1,38.95
7/4/2026 17:22,21.37,1,0,0,-0.9,42.92
7/4/2026 17:22,21.81,1,0,0,-0.8,27.07
7/4/2026 17:22,22.27,1,0,0,-0.7,50.05
7/4/2026 17:22,22.65,1,0,0,-0.61,48.57
7/4/2026 17:22,23.1,1,0,0,-0.5,46.85
7/4/2026 17:22,23.57,1,0,0.02,-0.37,45.5
7/4/2026 17:22,23.96,1,0,0.04,-0.26,43.33
7/4/2026 17:22,24.42,1,0,0.06,-0.12,41.71
7/4/2026 17:22,24.88,1,0,0.08,0.04,40.28
7/4/2026 17:22,25.25,0,0,0.1,0.22,38.81
7/4/2026 17:22,25.56,0,0,0.12,0.5,36.79
7/4/2026 17:22,25.66,0,0,0.14,0.9,35.43
7/4/2026 17:22,25.5,0,0,0.16,1.5,18.39
7/4/2026 17:22,25.13,0,0,0.18,1.5,38.19
7/4/2026 17:22,24.59,0,0,0.2,-0.15,14.51
7/4/2026 17:22,23.94,0,0,0.22,-1.15,30.5
7/4/2026 17:22,23.23,0,0,0.24,0.29,31
7/4/2026 17:22,22.47,0,0,0.26,0.25,16.73
7/4/2026 17:22,21.63,0,0,0.28,1,29.16
7/4/2026 17:22,20.79,0,0,0.3,0.11,33.78
7/4/2026 17:22,19.87,0,0,0.32,1.25,16.25
7/4/2026 17:22,18.94,0,0,0.34,-1.23,32.28
7/4/2026 17:22,17.95,0,0,0.36,-0.28,20.82
7/4/2026 17:22,17,0,0,0.38,0.51,29.64
7/4/2026 17:22,16.03,0,0,0.4,1.2,22.85
7/4/2026 17:22,15.06,0,0,0.42,1.76,7.9
7/4/2026 17:22,14.1,0,0,0.44,2.23,100
7/4/2026 17:22,13.16,0,0,0.46,2.57,15.69
7/4/2026 17:22,12.3,0,0,0.48,2.8,17.86
7/4/2026 17:22,11.27,0,0,0.5,2.94,16.93
7/4/2026 17:22,10.61,0,0,0.52,2.95,56.65
7/4/2026 17:22,9.9,0,0,0.54,2.87,26.26
7/4/2026 17:22,9.31,0.03,0,0.55,2.7,48.47
7/4/2026 17:22,8.7,0.06,0,0.51,2.43,34.67
7/4/2026 17:22,8.29,0.09,0,0.47,2.07,23.01
7/4/2026 17:22,8.01,0.12,0,0.43,1.69,30.5
7/4/2026 17:22,7.8,0.15,0,0.39,1.28,22.82
7/4/2026 17:22,7.64,0.18,0,0.35,0.89,22.19
7/4/2026 17:22,7.52,0.21,0,0.31,0.5,33.52
7/4/2026 17:22,7.42,0.24,0,0.27,0.08,29.31
7/4/2026 17:22,7.34,0.27,0,0.23,-0.33,29.29
7/4/2026 17:22,7.29,0.3,0,0.19,-0.74,26.18
7/4/2026 17:22,7.24,0.33,0,0.15,-1.17,25.77
7/4/2026 17:22,7.21,0,0,0.11,-1.72,24.92
7/4/2026 17:22,7.15,0,0,0.09,1.28,20.61
7/4/2026 17:22,7.04,0,0,0.07,0.87,23.65
7/4/2026 17:22,6.88,0,0,0.05,0.43,20.63
7/4/2026 17:22,6.7,0,0,0.03,0,22.77
7/4/2026 17:22,6.49,0,0,0.01,-0.47,22.09
7/4/2026 17:22,6.3,0.06,0,-0.01,-0.87,21.95
7/4/2026 17:22,6.09,0.09,0,-0.03,-1.34,21.12
7/4/2026 17:22,5.95,0.12,0,-0.05,-1.7,20.65
7/4/2026 17:22,5.83,0.15,0,-0.07,-1.46,20.46
7/4/2026 17:22,5.73,0.18,0,-0.09,-1.13,19.92
7/4/2026 17:22,5.64,0.21,0,-0.11,-0.79,25.84
7/4/2026 17:22,5.57,0.24,0,-0.13,-0.48,19.45
7/4/2026 17:22,5.51,0.27,0,-0.15,-0.18,18.97
7/4/2026 17:22,5.45,0.3,0,-0.17,0.16,18.8
7/4/2026 17:22,5.42,0.33,0,-0.19,0.46,18.36
7/4/2026 17:22,5.42,0.36,0,-0.21,0.75,18.41
7/4/2026 17:22,5.44,0.39,0,-0.23,1.04,18.62
7/4/2026 17:22,5.49,0.42,0,-0.25,1.32,18.3
7/4/2026 17:22,5.52,0.45,0,-0.27,1.61,26.05
7/4/2026 17:22,5.57,0.48,0,-0.29,-1.63,19.27
7/4/2026 17:22,5.67,0.51,0,-0.31,-1.38,18.98
7/4/2026 17:22,5.77,0.54,0,-0.33,-1.12,18.92
7/4/2026 17:22,5.86,0.57,0,-0.35,-0.89,19.84
7/4/2026 17:22,6.03,0.6,0,-0.37,-0.55,19.62
7/4/2026 17:22,6.18,0.63,0,-0.39,-0.33,23.52
7/4/2026 17:22,6.33,0.66,0,-0.41,-0.13,25.4
7/4/2026 17:22,6.49,0.69,0,-0.43,0.04,25.66
7/4/2026 17:22,6.71,0.72,0,-0.45,0.24,8.79
7/4/2026 17:22,6.94,0.75,0,-0.41,0.42,8.26
7/4/2026 17:22,7.21,0.78,0,-0.37,0.55,10.54
7/4/2026 17:22,7.52,0.81,0,-0.33,0.66,16.17
7/4/2026 17:22,7.79,0.84,0,-0.29,0.73,33.47
7/4/2026 17:22,8.1,0.87,0,-0.25,0.78,33.02
7/4/2026 17:22,8.43,0.9,0,-0.21,0.81,56.06
7/4/2026 17:22,8.76,0.93,0,-0.17,0.83,33.85
7/4/2026 17:22,9.14,0.96,0,-0.13,0.83,86.54
7/4/2026 17:22,9.48,0.99,0,-0.09,0.81,27.61
7/4/2026 17:22,9.85,1,0,-0.05,0.79,100
7/4/2026 17:22,10.27,1,0,-0.01,0.75,100
7/4/2026 17:22,10.65,1,0,0,0.72,100
7/4/2026 17:22,11.17,1,0,0,0.67,32.17
7/4/2026 17:22,11.55,1,0,0,0.63,100
7/4/2026 17:22,11.95,1,0,0,0.58,37.06
7/4/2026 17:22,12.4,1,0,0,0.53,100
7/4/2026 17:22,12.81,1,0,0,0.48,74.54
7/4/2026 17:22,13.25,1,0,0,0.43,100
7/4/2026 17:22,13.73,1,0,0,0.37,86.97
7/4/2026 17:22,14.1,1,0,0,0.32,100
7/4/2026 17:22,14.51,1,0,0,0.26,67.59
7/4/2026 17:22,15.05,1,0,0,0.18,38.8
7/4/2026 17:22,15.57,1,0,0,0.1,26.18
7/4/2026 17:22,15.99,1,0,0,0.04,55.19
7/4/2026 17:22,16.41,1,0,0,-0.05,90.75
7/4/2026 17:22,16.84,1,0,0,-0.12,26.24
7/4/2026 17:22,17.33,1,0,0,-0.21,100
7/4/2026 17:22,17.86,1,0,0,-0.3,42.77
7/4/2026 17:22,18.36,1,0,0,-0.39,98.56
7/4/2026 17:22,18.82,1,0,0,-0.47,88.59
7/4/2026 17:22,19.22,1,0,0,-0.54,100
7/4/2026 17:22,19.62,1,0,0,-0.6,92.62
7/4/2026 17:22,20.04,1,0,0,-0.67,100
7/4/2026 17:22,20.43,1,0,0,-0.74,50.37
7/4/2026 17:22,20.86,1,0,0,-0.81,100
7/4/2026 17:22,21.28,1,0,0,-0.89,59.79
7/4/2026 17:22,21.66,1,0,0,-0.95,50.61
7/4/2026 17:22,22.05,1,0,0,-1.02,96.91
7/4/2026 17:22,22.47,1,0,0,-1.1,33.83
7/4/2026 17:22,22.85,1,0,0,-1.18,90.99
7/4/2026 17:22,23.24,1,0,0,-1.25,87.8
7/4/2026 17:22,23.63,1,0,0,-1.33,31.01
7/4/2026 17:22,24.04,1,0,0,-1.41,84.59
7/4/2026 17:22,24.42,1,0,0,-1.49,83.05
7/4/2026 17:22,24.81,1,0,0,-1.57,68.15
7/4/2026 17:22,25.23,1,0,0,-1.66,32.94
7/4/2026 17:22,25.6,1,0,0,1.76,52.51
7/4/2026 17:22,26.09,1,0,0,1.65,24.23
7/4/2026 17:22,26.59,1,0,0,1.54,73.73
7/4/2026 17:22,26.98,1,0,0,1.44,49.84
7/4/2026 17:22,27.36,0,0,0,1.35,28.84
7/4/2026 17:22,27.71,0,0,0,1.26,68.69
7/4/2026 17:22,27.82,0,0,0,1.16,69.31
7/4/2026 17:22,27.65,0.88,0,0,1.07,50.17
7/4/2026 17:22,27.29,0.91,0,0,0.97,34.2
7/4/2026 17:22,26.96,0.94,0,0,0.88,49.68
7/4/2026 17:22,26.77,0.97,0,0,0.78,41.12
7/4/2026 17:22,26.76,1,0,0,0.69,61.01
7/4/2026 17:22,26.88,1,0,0,0.59,36.24
7/4/2026 17:22,27.07,1,0,0.02,0.5,23.42
7/4/2026 17:22,27.32,1,0,0.04,0.41,37.37
7/4/2026 17:22,27.57,1,0,0.06,0.34,43.82
7/4/2026 17:22,27.87,1,0,0.08,0.26,72.36
7/4/2026 17:22,28.16,1,0,0.04,0.21,32.24
7/4/2026 17:22,28.49,1,0,0,0.18,30.93
7/4/2026 17:22,28.87,1,0,0.02,0.17,27.19
7/4/2026 17:22,29.19,1,0,0.04,0.09,65.65
7/4/2026 17:22,29.53,1,0,0.06,-0.08,63.34
7/4/2026 17:22,29.84,1,0,0.08,-0.28,27.5
7/4/2026 17:22,30.14,1,0,0.1,-0.53,33.01
7/4/2026 17:22,30.43,1,0,0.12,-0.86,58.18
7/4/2026 17:22,30.67,1,0,0.14,-1.21,47.9
7/4/2026 17:22,30.9,1,0,0.16,-1.62,42.79
7/4/2026 17:22,31.09,1,0,0.18,-1.42,30.03
7/4/2026 17:22,31.22,1,0,0.2,-0.98,36.76
7/4/2026 17:22,31.31,1,0,0.22,-0.32,21.36
7/4/2026 17:22,31.3,1,0,0.24,0.21,25.35
7/4/2026 17:22,31.22,1,0,0.26,0.64,33.82
7/4/2026 17:22,31.06,1,0,0.28,1.13,33.77
7/4/2026 17:22,30.78,1,0,0.3,1.68,33.58
7/4/2026 17:22,30.35,1,0,0.26,-1.27,33.36
7/4/2026 17:22,29.87,1,0,0.22,-0.77,25.89
7/4/2026 17:22,29.42,1,0,0.18,-0.42,24.03
7/4/2026 17:22,28.82,1,0,0.14,0.23,68.91
7/4/2026 17:22,28.35,1,0,0.1,0.36,26.03
7/4/2026 17:22,27.78,1,0,0.06,0.6,31.97
7/4/2026 17:22,27.28,1,0,0.02,0.78,65.27
7/4/2026 17:22,26.67,1,0,0,0.94,27.81
7/4/2026 17:22,26.05,1,0,0,1.05,39.66
7/4/2026 17:22,25.36,1,0,-0.02,1.07,30.6
7/4/2026 17:22,24.6,1,0,-0.04,1.06,51.04
7/4/2026 17:22,23.9,1,0,-0.06,1.01,67.69
7/4/2026 17:22,23.11,1,0,-0.08,0.9,26.03
7/4/2026 17:22,22.27,0,0,-0.1,0.72,32.3
7/4/2026 17:22,21.34,0,0,-0.12,0.52,26.45
7/4/2026 17:22,20.4,0,0,-0.14,0.22,49.81
7/4/2026 17:22,19.34,0,0,-0.16,-0.17,48.83
7/4/2026 17:22,18.22,0,0,-0.18,-0.48,46.2
7/4/2026 17:22,16.97,0,0,-0.2,-0.87,24.12
7/4/2026 17:22,15.74,0,0,-0.22,-1.27,23.76
7/4/2026 17:22,14.46,0,0,-0.24,-1.71,20.69
7/4/2026 17:22,13.36,0,0,-0.26,1.41,20.15
7/4/2026 17:22,11.51,0,0,-0.28,0.76,17.97
7/4/2026 17:22,10.14,0,0,-0.3,0.26,17.54
7/4/2026 17:22,8.92,0,0,-0.32,-0.2,17.69
7/4/2026 17:22,7.75,0,0,-0.34,-0.67,17.29
7/4/2026 17:22,6.54,0,0,-0.36,-1.23,16.85
7/4/2026 17:22,5.81,0,0,-0.38,-1.67,16.89
7/4/2026 17:22,5.27,0,0,-0.4,-1.41,16.33
7/4/2026 17:22,5,0,0,-0.42,-0.99,15.58
7/4/2026 17:22,4.84,0,0,-0.44,-0.67,15.34
7/4/2026 17:22,4.7,0,0,-0.46,-0.38,14.44
7/4/2026 17:22,4.55,0,0,-0.48,-0.06,14.69
7/4/2026 17:22,4.42,0,0,-0.5,0.21,14.47
7/4/2026 17:22,4.27,0.03,0,-0.52,0.51,14.48
7/4/2026 17:22,4.15,0.06,0,-0.54,0.78,14.46
7/4/2026 17:22,4.04,0.09,0,-0.55,1.03,14.64
7/4/2026 17:22,3.93,0.12,0,-0.55,1.32,15.44
7/4/2026 17:22,3.87,0.15,0,-0.51,1.55,16.59
7/4/2026 17:22,3.83,0.18,0,-0.47,-1.72,15.87
7/4/2026 17:22,3.81,0.21,0,-0.43,-1.5,16.63
7/4/2026 17:22,3.81,0.24,0,-0.39,-1.25,35.62
7/4/2026 17:22,3.81,0.27,0,-0.35,-1.01,35.26
7/4/2026 17:22,3.83,0.3,0,-0.31,-0.81,35.04
7/4/2026 17:22,3.88,0.33,0,-0.27,-0.55,35.15
7/4/2026 17:22,3.93,0.36,0,-0.23,-0.32,33.38
7/4/2026 17:22,3.99,0.39,0,-0.19,-0.07,35.36
7/4/2026 17:22,4.09,0.42,0,-0.21,0.21,35.28
7/4/2026 17:22,4.18,0.45,0,-0.23,0.46,26.78
7/4/2026 17:22,4.27,0.48,0,-0.19,0.7,21.76
7/4/2026 17:22,4.43,0.51,0,-0.15,1.02,22.4
7/4/2026 17:22,4.58,0.54,0,-0.11,1.31,21.11
7/4/2026 17:22,4.75,0.57,0,-0.07,1.61,35.13
7/4/2026 17:22,4.96,0.6,0,-0.03,1.98,24.43
7/4/2026 17:22,5.19,0.63,0,0,2.35,34.75
7/4/2026 17:22,5.18,0.66,0,0,2.78,33.88
7/4/2026 17:22,5.33,0.69,0,0,3.06,35.24
7/4/2026 17:22,5.52,0.72,0,0,3.4,32.61
7/4/2026 17:22,5.79,0.75,0,0,3.73,32.26
7/4/2026 17:22,6.05,0.78,0,0,4.05,32.07
7/4/2026 17:22,6.35,0.81,0,0,4.43,32.89
7/4/2026 17:22,6.64,0.84,0,0,4.81,32.12
7/4/2026 17:22,6.79,0.87,0,-0.02,5.24,31.12
7/4/2026 17:22,7.17,0.9,0,-0.04,5.65,30.76
7/4/2026 17:22,7.38,0.93,0,-0.06,6.16,29.47
7/4/2026 17:22,7.75,0.96,0,-0.08,6.58,29.51
7/4/2026 17:22,8.15,0.99,0,-0.1,7.05,29.15
7/4/2026 17:22,8.53,1,0,-0.12,7.51,29.55
7/4/2026 17:22,8.95,1,0,-0.14,8.02,29.04
7/4/2026 17:22,9.36,1,0,-0.16,8.53,27.8
7/4/2026 17:22,9.77,1,0,-0.18,9.06,28.48
7/4/2026 17:22,10.16,1,0,-0.2,9.57,27.91
7/4/2026 17:22,10.56,1,0,-0.22,10.11,83.65
7/4/2026 17:22,10.96,1,0,-0.24,10.66,51.32
7/4/2026 17:22,11.35,1,0,-0.26,11.2,79.28
7/4/2026 17:22,11.84,1,0,-0.28,11.88,49.83
7/4/2026 17:22,12.2,1,0,-0.24,12.39,80.51
7/4/2026 17:22,12.57,0,0,-0.2,12.85,35.87
7/4/2026 17:22,12.95,0.98,0,-0.16,13.31,100
7/4/2026 17:22,13.23,1,0,-0.12,13.79,31.15
7/4/2026 17:22,13.49,1,0,-0.08,14.18,28
7/4/2026 17:22,13.83,1,0,-0.04,14.56,31.79
7/4/2026 17:22,14.35,1,0,0,15.05,28.1
7/4/2026 17:22,14.74,1,0,0,15.38,27.73
7/4/2026 17:22,15.15,1,0,0.02,15.72,26.75
7/4/2026 17:22,15.56,1,0,0.04,16.05,46.22
7/4/2026 17:22,15.97,1,0,0.06,16.4,44.94
7/4/2026 17:22,16.4,1,0,0.08,16.79,23
7/4/2026 17:22,16.79,1,0,0.04,16.53,36.05
7/4/2026 17:22,17.18,1,0,0,15.55,20.92
7/4/2026 17:22,17.61,1,0,0,14.45,22.17
7/4/2026 17:22,18.05,1,0,0,13.27,30.93
7/4/2026 17:22,18.43,1,0,0,12.26,32.48
7/4/2026 17:22,18.85,1,0,0,11.09,39.11
7/4/2026 17:22,19.26,1,0,0.02,9.95,36.06
7/4/2026 17:22,19.66,1,0,0.04,8.77,35.68
7/4/2026 17:22,20.08,1,0,0.06,7.54,34.24
7/4/2026 17:22,20.55,1,0,0.08,6.08,33.31
7/4/2026 17:22,20.78,1,0,0.1,4.73,24.92
7/4/2026 17:22,20.88,1,0,0.12,3.53,30.74
7/4/2026 17:23,21.15,1,0,0.14,2.04,8.86
7/4/2026 17:23,21.13,1,0,0.16,0.74,5.68
7/4/2026 17:23,21.61,0,0,0.18,-0.78,5.38
7/4/2026 17:23,21.97,0,0,0.2,1.59,23.32
7/4/2026 17:23,22.11,0,0,0.22,0.27,48.16
7/4/2026 17:23,4.62,0,0,0.24,-0.23,20.98
7/4/2026 17:23,2.32,0,0,0.26,-0.05,25.04
7/4/2026 17:23,2.44,0,0,0.28,-0.07,20.79
7/4/2026 17:23,2.78,0,0,0.3,-0.17,20.6
7/4/2026 17:23,0.19,0,0,0.32,-0.23,36.02
7/4/2026 17:23,0.05,0,0,0.34,-0.23,34.96
7/4/2026 17:23,0.06,0.03,0,0.36,-0.23,71.09
7/4/2026 17:23,0.06,0.06,0,0.34,-0.23,20.48
7/4/2026 17:23,0.04,0.09,0,0.32,-0.23,36.09
7/4/2026 17:23,0.03,0.12,0,0.3,-0.23,36.23
7/4/2026 17:23,0.02,0.15,0,0.28,-0.23,34.67
7/4/2026 17:23,0.02,0.18,0,0.26,-0.23,20.47
7/4/2026 17:23,0.01,0.21,0,0.24,-0.23,17.35
7/4/2026 17:23,0.02,0.24,0,0.22,-0.23,20.47
7/4/2026 17:23,0.03,0.27,0,0.2,-0.23,20.47
7/4/2026 17:23,0.04,0.3,0,0.18,-0.22,20.47
7/4/2026 17:23,0.09,0.33,0,0.16,-0.22,60.34
7/4/2026 17:23,0.24,0.36,0,0.14,-0.22,68.2
7/4/2026 17:23,0.35,0.39,0,0.12,-0.2,24.68
7/4/2026 17:23,0.46,0.42,0,0.1,-0.18,59.49
7/4/2026 17:23,0.45,0.45,0,0.08,-0.15,66.79
7/4/2026 17:23,0.62,0.48,0,0.06,-0.12,22.23
7/4/2026 17:23,0.77,0.51,0,0.04,-0.08,44.38
7/4/2026 17:23,0.9,0.54,0,0.02,-0.04,17.5
7/4/2026 17:23,1.03,0.57,0,0,0.02,32.45
7/4/2026 17:23,1.23,0.6,0,-0.02,0.09,4.45
7/4/2026 17:23,1.39,0.63,0,-0.04,0.16,25.1
7/4/2026 17:23,1.68,0.66,0,-0.06,0.29,56.57
7/4/2026 17:23,2.02,0.69,0,-0.08,0.39,43.57
7/4/2026 17:23,2.35,0.72,0,-0.1,0.54,21.74
7/4/2026 17:23,2.56,0.75,0,-0.12,0.68,71.6
7/4/2026 17:23,2.75,0.78,0,-0.14,0.82,69.8
7/4/2026 17:23,2.97,0.81,0,-0.16,0.98,21.93
7/4/2026 17:23,3.2,0.84,0,-0.18,1.16,21.4
7/4/2026 17:23,3.43,0.87,0,-0.2,1.34,71.55
7/4/2026 17:23,3.66,0.9,0,-0.22,1.52,22.42
7/4/2026 17:23,3.94,0.93,0,-0.24,1.74,22.92
7/4/2026 17:23,4.23,0.96,0,-0.26,-1.53,23.18
7/4/2026 17:23,4.5,0.99,0,-0.22,-1.31,51.89
7/4/2026 17:23,4.82,1,0,-0.18,-1.06,62.27
7/4/2026 17:23,5.16,1,0,-0.14,-0.8,48.49
7/4/2026 17:23,5.5,1,0,-0.1,-0.54,50.88
7/4/2026 17:23,5.83,1,0,-0.06,-0.28,53.64
7/4/2026 17:23,6.18,0,0,-0.02,0.01,51.87
7/4/2026 17:23,6.46,0,0,0,0.29,26.44
7/4/2026 17:23,6.4,0,0,0,0.64,54.12
7/4/2026 17:23,5.99,0,0,0,0.97,50.95
7/4/2026 17:23,5.48,0,0,0,1.23,56.31
7/4/2026 17:23,4.99,0,0,0,1.46,56.11
7/4/2026 17:23,4.34,0,0,0,1.69,13.54
7/4/2026 17:23,3.67,0,0,0,1.93,47.48
7/4/2026 17:23,3.26,0,0,0,2.08,14.14
7/4/2026 17:23,2.75,0,0,0,2.23,22.71
7/4/2026 17:23,2.5,0,0,0,2.35,14.54
7/4/2026 17:23,2.2,0,0,0,2.48,10.44
7/4/2026 17:23,1.99,0,0,0,2.57,10.57
7/4/2026 17:23,1.79,0.38,0,0,2.65,16.27
7/4/2026 17:23,1.58,0.41,0,-0.02,2.72,12.06
7/4/2026 17:23,1.52,0.44,0,-0.04,2.79,12.61
7/4/2026 17:23,1.47,0.47,0,-0.06,2.87,29.99
7/4/2026 17:23,1.53,0.5,0,-0.08,2.94,15.4
7/4/2026 17:23,1.64,0,0,-0.04,3.01,11.08
7/4/2026 17:23,1.71,0,0,0,3.09,11.39
7/4/2026 17:23,1.68,0.03,0,0,3.16,11.63
7/4/2026 17:23,0.77,0.06,0,0,3.21,17.01
7/4/2026 17:23,0.33,0.09,0,0,3.23,15.65
7/4/2026 17:23,0.16,0.12,0,0.02,3.25,11.6
7/4/2026 17:23,0.08,0.15,0,0.04,3.25,11.62
7/4/2026 17:23,0.03,0.18,0,0.06,3.25,11.6
7/4/2026 17:23,0.03,0.21,0,0.08,3.25,11.46
7/4/2026 17:23,0.11,0.24,0,0.1,3.25,11.59
7/4/2026 17:23,0.2,0.27,0,0.12,3.24,11.59
7/4/2026 17:23,0.3,0.3,0,0.14,3.23,11.56
7/4/2026 17:23,0.39,0.33,0,0.16,3.22,14.92
7/4/2026 17:23,0.53,0.36,0,0.18,3.2,11.38
7/4/2026 17:23,0.62,0.39,0,0.2,3.18,11.48
7/4/2026 17:23,0.79,0.42,0,0.22,3.16,12.62
7/4/2026 17:23,0.92,0.45,0,0.24,3.12,11.41
7/4/2026 17:23,1.08,0.48,0,0.26,3.09,31.39
7/4/2026 17:23,1.26,0.51,0,0.28,3.05,16.47
7/4/2026 17:23,1.46,0.54,0,0.3,3,16.93
7/4/2026 17:23,1.67,0.57,0,0.32,2.95,13.67
7/4/2026 17:23,1.89,0.6,0,0.34,2.9,30.89
7/4/2026 17:23,2.09,0.63,0,0.36,2.84,14.82
7/4/2026 17:23,2.3,0.66,0,0.38,2.79,13.26
7/4/2026 17:23,2.61,0.69,0,0.4,2.71,13.08
7/4/2026 17:23,2.87,0.72,0,0.42,2.64,14.2
7/4/2026 17:23,3.12,0.75,0,0.38,2.57,16.97
7/4/2026 17:23,3.43,0.78,0,0.34,2.5,14.45
7/4/2026 17:23,3.77,0.81,0,0.3,2.42,15.01
7/4/2026 17:23,4.02,0.84,0,0.26,2.33,16.22
7/4/2026 17:23,4.37,0.87,0,0.22,2.25,18.97
7/4/2026 17:23,4.71,0.9,0,0.18,2.17,18.67
7/4/2026 17:23,5.11,0.93,0,0.14,2.07,24.46
7/4/2026 17:23,5.57,0.96,0,0.1,1.95,22.44
7/4/2026 17:23,5.99,0.99,0,0.06,1.84,23.49
7/4/2026 17:23,6.39,1,0,0.02,1.73,64.12
7/4/2026 17:23,6.83,1,0,0,1.6,23.52
7/4/2026 17:23,7.24,1,0,0,1.47,19.28
7/4/2026 17:23,7.72,1,0,0,1.31,21.76
7/4/2026 17:23,8.14,1,0,0.02,1.16,21.22
7/4/2026 17:23,8.56,1,0,0.04,1.01,71.29
7/4/2026 17:23,8.98,1,0,0.06,0.85,25.32
7/4/2026 17:23,9.45,1,0,0.08,0.67,24.34
7/4/2026 17:23,9.87,1,0,0.1,0.51,17.46
7/4/2026 17:23,10.28,1,0,0.12,0.35,21.47
7/4/2026 17:23,10.72,1,0,0.08,0.2,36.9
7/4/2026 17:23,11.14,1,0,0.04,0.06,27.07
7/4/2026 17:23,11.6,1,0,0,-0.08,100
7/4/2026 17:23,12.01,1,0,0,-0.21,34.32
7/4/2026 17:23,12.42,1,0,0,-0.35,29.06
7/4/2026 17:23,12.92,1,0,0,-0.51,31.34
7/4/2026 17:23,13.44,1,0,0.02,-0.69,26.36
7/4/2026 17:23,13.81,1,0,0.04,-0.82,30.71
7/4/2026 17:23,14.21,1,0,0.06,-0.96,31.58
7/4/2026 17:23,14.64,1,0,0.08,-1.11,28.7
7/4/2026 17:23,15.16,1,0,0.04,-1.27,34.52
7/4/2026 17:23,15.57,1,0,0,-1.39,31.89
7/4/2026 17:23,15.99,1,0,0,-1.5,37.77
7/4/2026 17:23,16.53,1,0,0,-1.64,100
7/4/2026 17:23,16.92,1,0,0,-1.73,30.05
7/4/2026 17:23,17.35,1,0,0,1.66,25.66
7/4/2026 17:23,17.74,1,0,0,1.57,40.71
7/4/2026 17:23,18.15,1,0,0,1.47,26.97
7/4/2026 17:23,18.58,1,0,0,1.36,38.24
7/4/2026 17:23,18.99,1,0,0,1.26,37.27
7/4/2026 17:23,19.39,1,0,0.02,1.16,34.4
7/4/2026 17:23,19.81,1,0,0.04,1.05,25.59
7/4/2026 17:23,20.3,1,0,0.06,0.93,24.73
7/4/2026 17:23,20.74,1,0,0.02,0.84,26.87
7/4/2026 17:23,21.12,1,0,0,0.77,100
7/4/2026 17:23,21.55,1,0,0,0.7,100
7/4/2026 17:23,21.99,1,0,0,0.63,29.2
7/4/2026 17:23,22.42,1,0,0,0.58,37.23
7/4/2026 17:23,22.87,1,0,0,0.53,27.31
7/4/2026 17:23,23.34,1,0,0,0.49,26.32
7/4/2026 17:23,23.72,1,0,0,0.46,100
7/4/2026 17:23,24.12,1,0,0,0.43,35.38
7/4/2026 17:23,24.5,1,0,0,0.41,53.75
7/4/2026 17:23,24.89,1,0,0.02,0.38,51.6
7/4/2026 17:23,25.3,1,0,0.04,0.36,100
7/4/2026 17:23,25.66,1,0,0,0.34,84.4
7/4/2026 17:23,26.06,1,0,0,0.33,30.71
7/4/2026 17:23,26.48,1,0,0,0.33,39.48
7/4/2026 17:23,26.84,1,0,0,0.33,100
7/4/2026 17:23,27.22,1,0,0,0.34,56.14
7/4/2026 17:23,27.59,1,0,0,0.36,100
7/4/2026 17:23,27.99,1,0,0,0.38,100
7/4/2026 17:23,28.38,1,0,0,0.41,38.75
7/4/2026 17:23,28.75,1,0,0,0.43,26.78
7/4/2026 17:23,29.13,1,0,0,0.46,100
7/4/2026 17:23,29.53,1,0,0,0.5,55.11
7/4/2026 17:23,29.9,1,0,0,0.53,36.48
7/4/2026 17:23,30.33,1,0,0,0.58,61.66
7/4/2026 17:23,30.73,1,0,0,0.62,59.77
7/4/2026 17:23,31.11,1,0,0,0.66,79.84
7/4/2026 17:23,31.46,1,0,0,0.7,68.98
7/4/2026 17:23,31.88,1,0,0,0.74,28.4
7/4/2026 17:23,32.32,1,0,0,0.79,27.2
7/4/2026 17:23,32.71,1,0,0,0.84,58.56
7/4/2026 17:23,33.16,0,0,0,0.89,43.75
7/4/2026 17:23,33.51,0,0,0.02,0.94,43.88
7/4/2026 17:23,33.57,0,0,0.04,1,48.91
7/4/2026 17:23,33.31,0,0,0.06,1.05,65.06
7/4/2026 17:23,32.89,0,0,0.08,1.12,100
7/4/2026 17:23,32.33,0,0,0.1,1.21,25.81
7/4/2026 17:23,31.69,0,0,0.12,1.32,40.54
7/4/2026 17:23,31.03,0,0,0.14,1.47,24.7
7/4/2026 17:23,30.48,0,0,0.16,1.6,100
7/4/2026 17:23,29.45,0,0,0.18,-1.58,35.89
7/4/2026 17:23,28.66,0,0,0.2,-1.28,34.68
7/4/2026 17:23,27.81,0,0,0.22,-0.93,26.21
7/4/2026 17:23,26.93,0,0,0.24,-0.52,21.7
7/4/2026 17:23,25.91,0,0,0.26,0.01,22.91
7/4/2026 17:23,24.88,0,0,0.28,0.58,22.47
7/4/2026 17:23,23.84,0,0,0.3,-0.11,21.34
7/4/2026 17:23,22.78,0,0,0.32,-0.17,21.24
7/4/2026 17:23,21.65,0,0,0.34,-0.13,14.93
7/4/2026 17:23,20.51,0,0,0.36,0.76,22.98
7/4/2026 17:23,19.63,0,0,0.38,-0.08,22.85
7/4/2026 17:23,18.05,0.03,0,0.34,1.18,30.45
7/4/2026 17:23,16.87,0.06,0,0.3,-1.52,30.05
7/4/2026 17:23,15.83,0.09,0,0.26,-0.89,30.9
7/4/2026 17:23,14.82,0.12,0,0.22,-0.35,34.2
7/4/2026 17:23,13.65,0.15,0,0.18,0.17,58.12
7/4/2026 17:23,12.8,0.18,0,0.14,0.21,74.46
7/4/2026 17:23,12.11,0.21,0,0.1,0.54,45.58
7/4/2026 17:23,11.64,0.24,0,0.06,0.72,54.5
7/4/2026 17:23,11.31,0.27,0,0.02,0.74,24.21
7/4/2026 17:23,11.09,0.3,0,0,0.68,61.36
7/4/2026 17:23,10.92,0.33,0,0,0.56,27
7/4/2026 17:23,10.81,0.36,0,0,0.43,44.56
7/4/2026 17:23,10.72,0.39,0,0,0.29,51.86
7/4/2026 17:23,10.65,0.42,0,0,0.13,42.86
7/4/2026 17:23,10.6,0.45,0,0,-0.03,69.98
7/4/2026 17:23,10.59,0.48,0,0,-0.17,69.3
7/4/2026 17:23,10.59,0.51,0,0,-0.33,69.81
7/4/2026 17:23,10.61,0.54,0,0,-0.48,100
7/4/2026 17:23,10.65,0.57,0,0,-0.62,100
7/4/2026 17:23,10.71,0.6,0,0,-0.78,84.03
7/4/2026 17:23,10.79,0.63,0,0,-0.94,27.55
7/4/2026 17:23,10.9,0.66,0,0,-1.1,87.5
7/4/2026 17:23,11.02,0.69,0,0,-1.25,45.83
7/4/2026 17:23,11.17,0.72,0,0,-1.43,73.57
7/4/2026 17:23,11.34,0.75,0,0,-1.6,79.92
7/4/2026 17:23,11.53,0.78,0,0,1.73,53.85
7/4/2026 17:23,11.74,0.81,0,-0.02,1.56,51.49
7/4/2026 17:23,11.92,0.84,0,-0.04,1.42,77.62
7/4/2026 17:23,12.21,0.87,0,-0.06,1.21,77.76
7/4/2026 17:23,12.48,0.9,0,-0.08,1.04,59.04
7/4/2026 17:23,12.78,0.93,0,-0.04,0.88,75.97
7/4/2026 17:23,13.12,0.96,0,0,0.73,43.71
7/4/2026 17:23,13.5,0.99,0,0,0.57,24.34
7/4/2026 17:23,13.89,1,0,0,0.42,55.77
7/4/2026 17:23,14.26,1,0,0,0.28,54.28
7/4/2026 17:23,14.78,1,0,-0.02,0.1,54.14
7/4/2026 17:23,15.18,1,0,-0.04,-0.04,53.26
7/4/2026 17:23,15.58,1,0,-0.06,-0.18,67.13
7/4/2026 17:23,15.96,1,0,-0.08,-0.3,28.84
7/4/2026 17:23,16.37,1,0,-0.1,-0.43,65.01
7/4/2026 17:23,16.75,1,0,-0.12,-0.53,64.38
7/4/2026 17:23,17.14,1,0,-0.08,-0.6,62.57
7/4/2026 17:23,17.59,1,0,-0.04,-0.66,44.65
7/4/2026 17:23,17.94,1,0,0,-0.67,65.16
7/4/2026 17:23,18.38,1,0,0,-0.68,64.32
7/4/2026 17:23,18.77,1,0,0,-0.66,57.8
7/4/2026 17:23,19.18,1,0,0,-0.63,56.54
7/4/2026 17:23,19.58,1,0,0,-0.58,60.15
7/4/2026 17:23,20,1,0,0,-0.53,58.98
7/4/2026 17:23,20.41,1,0,0,-0.46,40.95
7/4/2026 17:23,20.82,1,0,-0.02,-0.39,51.25
7/4/2026 17:23,21.21,1,0,-0.04,-0.32,49.86
7/4/2026 17:23,21.59,1,0,-0.06,-0.24,31.93
7/4/2026 17:23,22.01,1,0,-0.08,-0.13,47.04
7/4/2026 17:23,22.36,1,0,-0.1,-0.01,45.8
7/4/2026 17:23,22.71,1,0,-0.12,0.13,29.25
7/4/2026 17:23,23.05,1,0,-0.14,0.32,27.21
7/4/2026 17:23,23.45,1,0,-0.16,0.63,26.16
7/4/2026 17:23,23.71,1,0,-0.18,0.98,28.95
7/4/2026 17:23,23.95,1,0,-0.2,1.47,27.51
7/4/2026 17:23,24.12,1,0,-0.22,2.11,39.89
7/4/2026 17:23,24.28,1,0,-0.24,-2.78,23.57
7/4/2026 17:23,24.36,1,0,-0.26,-3.03,21.12
7/4/2026 17:23,24.37,1,0,-0.28,1.71,31.79
7/4/2026 17:23,24.32,1,0,-0.3,0.32,40.95
7/4/2026 17:23,24.19,1,0,-0.32,-1.04,49.62
7/4/2026 17:23,24.01,1,0,-0.34,1.27,21.58
7/4/2026 17:23,23.78,1,0,-0.36,0.2,49.83
7/4/2026 17:23,23.46,1,0,-0.32,-0.9,60.63
7/4/2026 17:23,23.13,1,0,-0.28,-1.24,24.43
7/4/2026 17:23,22.76,1,0,-0.24,-0.59,56.09
7/4/2026 17:23,22.37,1,0,-0.2,0.04,32.37
7/4/2026 17:23,21.93,1,0,-0.16,0.76,64.18
7/4/2026 17:23,21.53,1,0,-0.12,1.26,65.13
7/4/2026 17:23,21.08,1,0,-0.08,1.69,63.95
7/4/2026 17:23,20.62,1,0,-0.04,-1.51,65.34
7/4/2026 17:23,20.14,1,0,0,-1.33,24.15
7/4/2026 17:23,19.64,1,0,0,-1.26,27.05
7/4/2026 17:23,19.07,1,0,0,-1.32,81.74
7/4/2026 17:23,18.49,1,0,0,-1.49,25.32
7/4/2026 17:23,17.84,1,0,0,-1.74,77.98
7/4/2026 17:23,17.17,1,0,0.02,1.46,25.55
7/4/2026 17:23,16.32,1,0,0.04,0.99,36.55
7/4/2026 17:23,15.32,1,0,0.06,0.36,22.23
7/4/2026 17:23,14.63,1,0,0.08,-0.18,20.55
7/4/2026 17:23,13.95,0,0,0.1,-0.76,19.41
7/4/2026 17:23,13.23,0,0,0.12,-1.45,19.5
7/4/2026 17:23,12.5,0,0,0.14,-1.33,19.42
7/4/2026 17:23,11.72,0,0,0.16,-0.6,17.22
7/4/2026 17:23,10.58,0,0,0.18,0.42,17.38
7/4/2026 17:23,9.54,0,0,0.2,1.32,59.35
7/4/2026 17:23,8.88,0,0,0.22,-1.61,35.64
7/4/2026 17:23,8.16,0,0,0.24,-0.95,21.51
7/4/2026 17:23,7.69,0,0,0.26,-0.49,51.62
7/4/2026 17:23,7.32,0,0,0.28,-0.16,52.49
7/4/2026 17:23,7.04,0,0,0.3,0.43,21.01
7/4/2026 17:23,6.82,0,0,0.32,0.82,53.46
7/4/2026 17:23,6.62,0,0,0.34,1.16,37.36
7/4/2026 17:23,6.43,0,0,0.36,1.51,45.67
7/4/2026 17:23,6.22,0,0,0.34,1.9,11.93
7/4/2026 17:23,6.05,0,0,0.32,2.26,11.88
7/4/2026 17:23,5.77,0,0,0.3,2.61,10.98
7/4/2026 17:23,5.63,0,0,0.28,2.96,100
7/4/2026 17:23,5.37,0,0,0.26,3.32,100
7/4/2026 17:23,5.23,0,0,0.24,3.65,100
7/4/2026 17:23,5.1,0,0,0.22,3.97,84.96
7/4/2026 17:23,4.96,0.03,0,0.2,4.3,82.2
7/4/2026 17:23,4.83,0.06,0,0.18,4.62,25.94
7/4/2026 17:23,4.69,0.09,0,0.16,5.01,25.58
7/4/2026 17:23,4.59,0.12,0,0.14,5.32,25.11
7/4/2026 17:23,4.45,0.15,0,0.12,5.57,24.92
7/4/2026 17:23,4.28,0.18,0,0.1,5.86,23.73
7/4/2026 17:23,4.24,0.21,0,0.08,6.18,9.4
7/4/2026 17:23,4.21,0.24,0,0.06,6.48,9.19
7/4/2026 17:23,4.21,0.27,0,0.04,6.8,8.66
7/4/2026 17:23,4.22,0.3,0,0.02,7.13,8.26
7/4/2026 17:23,4.24,0.33,0,0,7.39,22.06
7/4/2026 17:23,4.27,0.36,0,-0.02,7.63,21.87
7/4/2026 17:23,4.32,0,0,-0.04,7.91,21.43
7/4/2026 17:23,4.35,0.34,0,-0.06,8.17,21.36
7/4/2026 17:23,4.33,0.37,0,-0.08,8.44,7.24
7/4/2026 17:23,4.34,0.4,0,-0.04,8.73,20.89
7/4/2026 17:23,4.39,0.43,0,0,8.99,20.59
7/4/2026 17:23,4.47,0.46,0,0,9.28,20.29
7/4/2026 17:23,4.57,0.49,0,0,9.57,19.77
7/4/2026 17:23,4.69,0.52,0,0,9.87,19.97
7/4/2026 17:23,4.83,0.55,0,0,10.17,19.22
7/4/2026 17:23,4.96,0.58,0,-0.02,10.45,19.18
7/4/2026 17:23,5.13,0.61,0,-0.04,10.77,18.64
7/4/2026 17:23,5.29,0.64,0,-0.06,11.09,18.24
7/4/2026 17:23,5.46,0.67,0,-0.08,11.44,18.38
7/4/2026 17:23,5.65,0.7,0,-0.1,11.78,17.68
7/4/2026 17:23,5.89,0.73,0,-0.12,12.14,17.38
7/4/2026 17:23,6.1,0.76,0,-0.14,12.47,17.45
7/4/2026 17:23,6.31,0.79,0,-0.16,12.77,17.14
7/4/2026 17:23,6.65,0.82,0,-0.18,13.28,16.77
7/4/2026 17:23,6.91,0.85,0,-0.2,13.61,15.59
7/4/2026 17:23,7.23,0.88,0,-0.16,14.01,90.98
7/4/2026 17:23,7.63,0.91,0,-0.18,14.48,59.42
7/4/2026 17:23,7.97,0.94,0,-0.2,14.88,22.06
7/4/2026 17:23,8.35,0.97,0,-0.22,15.33,33.77
7/4/2026 17:23,8.7,1,0,-0.18,15.72,52.86
7/4/2026 17:23,9.25,1,0,-0.14,16.3,41.8
7/4/2026 17:23,9.71,1,0,-0.1,16.24,39.29
7/4/2026 17:23,10.12,1,0,-0.06,15.77,37.09
7/4/2026 17:23,10.57,1,0,-0.04,15.24,34.92
7/4/2026 17:23,11,1,0,-0.02,14.69,45.6
7/4/2026 17:23,11.44,1,0,0,14.12,28.31
7/4/2026 17:23,11.88,1,0,0.02,13.51,43.52
7/4/2026 17:23,12.28,1,0,0.04,12.94,34.4
7/4/2026 17:23,12.71,1,0,0.06,12.31,34.76
7/4/2026 17:23,13.12,1,0,0.02,11.68,29.86
7/4/2026 17:23,13.56,1,0,0,11,40.25
7/4/2026 17:23,14,1,0,0,10.29,32.15
7/4/2026 17:23,14.42,1,0,0,9.59,36.4
7/4/2026 17:23,14.84,1,0,0,8.88,33.5
7/4/2026 17:23,15.29,1,0,0,8.09,36.43
7/4/2026 17:23,15.76,1,0,0.02,7.24,32.36
7/4/2026 17:23,16.19,1,0,0.04,6.42,26.72
7/4/2026 17:23,16.55,1,0,0.06,5.55,25.67
7/4/2026 17:23,16.71,1,0,0.08,4.85,32.36
7/4/2026 17:23,17.03,1,0,0.1,3.86,14.68
7/4/2026 17:23,17.35,1,0,0.12,2.85,15.08
7/4/2026 17:23,17.44,1,0,0.14,1.96,22.12
7/4/2026 17:23,17.97,1,0,0.16,1.16,25.85
7/4/2026 17:23,18.54,1,0,0.18,0.32,24.27
7/4/2026 17:23,19.22,1,0,0.2,-0.81,50.56
7/4/2026 17:23,19.58,1,0,0.22,-1.5,29.11
7/4/2026 17:23,19.88,1,0,0.18,1.33,27.1
7/4/2026 17:23,20.25,1,0,0.14,0.64,36.25
7/4/2026 17:23,20.55,0,0,0.12,0.13,28.21
7/4/2026 17:23,20.76,0,0,0.1,-0.22,36.88
7/4/2026 17:23,20.84,0,0,0.08,-0.57,50.06
7/4/2026 17:23,20.67,0.88,0,0.06,-0.82,100
7/4/2026 17:23,20.41,0.91,0,0.02,-0.97,55.88
7/4/2026 17:23,20.1,0.94,0,0,-1.09,42.74
7/4/2026 17:23,19.98,0.97,0,0,-1.12,25.23
7/4/2026 17:23,20,1,0,0,-1.1,26.97
7/4/2026 17:23,20.16,1,0,-0.02,-1.03,65.19
7/4/2026 17:23,20.41,0,0,-0.04,-0.93,33.04
7/4/2026 17:23,20.67,0,0,-0.06,-0.81,60.28
7/4/2026 17:23,20.77,0,0,-0.08,-0.69,45.05
7/4/2026 17:23,20.61,0,0,-0.1,-0.56,63.41
7/4/2026 17:23,20.29,0,0,-0.12,-0.46,91.75
7/4/2026 17:23,19.91,0,0,-0.14,-0.38,32.85
7/4/2026 17:23,19.43,0,0,-0.16,-0.31,46.11
7/4/2026 17:23,18.94,0,0,-0.18,-0.23,83.11
7/4/2026 17:23,18.33,0,0,-0.2,-0.15,76.96
7/4/2026 17:23,17.58,0,0,-0.22,-0.13,56.44
7/4/2026 17:23,16.93,0,0,-0.24,-0.11,29.2
7/4/2026 17:23,16.36,0,0,-0.26,-0.14,40.99
7/4/2026 17:23,15.75,0,0,-0.28,-0.22,27.69
7/4/2026 17:23,15.02,0,0,-0.3,-0.37,28.74
7/4/2026 17:23,14.21,0,0,-0.32,-0.62,25.31
7/4/2026 17:23,13.43,0,0,-0.34,0.21,31.56
7/4/2026 17:23,12.77,0,0,-0.36,0.26,26.59
7/4/2026 17:23,12.2,0,0,-0.38,-0.16,35.65
7/4/2026 17:23,11.67,0,0,-0.4,0.28,12.03
7/4/2026 17:23,11.19,0,0,-0.42,-0.1,13.01
7/4/2026 17:23,10.7,0,0,-0.44,-0.42,11.72
7/4/2026 17:23,10.24,0.03,0,-0.46,-0.17,67.89
7/4/2026 17:23,9.79,0.06,0,-0.48,0.48,28.79
7/4/2026 17:23,9.37,0.09,0,-0.44,-0.91,28.04
7/4/2026 17:23,9.05,0.12,0,-0.4,-0.93,67.59
7/4/2026 17:23,8.83,0.15,0,-0.36,-0.9,26.26
7/4/2026 17:23,8.63,0.18,0,-0.32,-0.82,23.24
7/4/2026 17:23,8.48,0.21,0,-0.3,-0.71,22.81
7/4/2026 17:23,8.35,0.24,0,-0.28,-0.57,56.87
7/4/2026 17:23,8.23,0.27,0,-0.26,-0.39,41.3
7/4/2026 17:23,8.14,0.3,0,-0.24,-0.2,40.46
7/4/2026 17:23,8.07,0.33,0,-0.22,0.01,30.93
7/4/2026 17:23,8.02,0.36,0,-0.2,0.24,32.58
7/4/2026 17:23,7.99,0.39,0,-0.18,0.49,28.75
7/4/2026 17:23,7.99,0.42,0,-0.16,-0.52,26.96
7/4/2026 17:23,8.01,0.45,0,-0.14,0.12,21.47
7/4/2026 17:23,8.04,0.48,0,-0.12,0.54,20.59
7/4/2026 17:23,8.09,0.51,0,-0.1,0.94,20.59
7/4/2026 17:23,8.15,0.54,0,-0.08,1.35,20.03
7/4/2026 17:23,8.25,0.57,0,-0.06,1.84,19.01
7/4/2026 17:23,8.37,0.6,0,-0.04,2.31,16.08
7/4/2026 17:23,8.53,0.63,0,0,2.86,17.48
7/4/2026 17:23,8.53,0.66,0,0,3.32,14.53
7/4/2026 17:23,8.72,0.69,0,0,3.77,14.12
7/4/2026 17:23,8.91,0.72,0,0,4.16,13.35
7/4/2026 17:23,8.95,0.75,0,0,4.51,12.98
7/4/2026 17:23,9.19,0.78,0,0.02,4.89,14.6
7/4/2026 17:23,9.32,0.81,0,0.04,5.24,13.79
7/4/2026 17:23,9.58,0.84,0,0.06,5.61,13.27
7/4/2026 17:23,9.87,0.87,0,0.08,6,12.66
7/4/2026 17:23,10.27,0.9,0,0.1,6.5,11.63
7/4/2026 17:23,10.6,0.93,0,0.12,6.91,10.91
7/4/2026 17:23,10.93,0.96,0,0.14,7.29,10.15
7/4/2026 17:23,11.25,0.99,0,0.16,7.64,10.05
7/4/2026 17:23,11.67,1,0,0.18,8.05,9.75
7/4/2026 17:23,12.06,1,0,0.14,8.41,10.22
7/4/2026 17:23,12.55,1,0,0.1,8.79,12.71
7/4/2026 17:23,12.99,1,0,0.06,9.1,10.94
7/4/2026 17:23,13.41,1,0,0.02,9.39,10.69
7/4/2026 17:23,13.84,1,0,0,9.67,14.56
7/4/2026 17:23,14.25,1,0,0,9.94,11
7/4/2026 17:23,14.68,1,0,0,10.23,12.67
7/4/2026 17:23,15.11,1,0,0,10.51,11.67
7/4/2026 17:23,15.58,1,0,0.02,10.83,10.43
7/4/2026 17:23,16.1,1,0,0.04,11.19,9.12
7/4/2026 17:23,16.55,1,0,0.06,11.51,8
7/4/2026 17:23,16.94,1,0,0.08,11.78,7.16
7/4/2026 17:23,17.36,1,0,0.1,12.07,5.88
7/4/2026 17:23,17.77,1,0,0.12,12.34,5.37
7/4/2026 17:23,18.22,1,0,0.14,12.62,4.41
7/4/2026 17:23,18.58,1,0,0.16,12.82,3.03
7/4/2026 17:23,18.99,1,0,0.18,13,23.98
7/4/2026 17:23,6.21,1,0,0.2,13.07,22.71
7/4/2026 17:23,2.79,1,0,0.16,12.96,11.59
7/4/2026 17:23,0.17,1,0,0.12,12.92,7.08
7/4/2026 17:23,1.63,1,0,0.08,12.92,6.68
7/4/2026 17:23,2.72,0,0,0.04,12.92,22.75
7/4/2026 17:23,1.09,0,0,0,12.92,6.92
7/4/2026 17:23,0.11,0,0,0,12.91,10.38
7/4/2026 17:23,0.53,0,0,0,12.91,10.33
7/4/2026 17:23,0.03,0,0,0,12.91,22.66
7/4/2026 17:23,0.04,0,0,-0.02,12.91,22.57
7/4/2026 17:23,0.03,0,0,-0.04,12.91,16.96
7/4/2026 17:23,0.03,0.03,0,-0.06,12.91,10.31
7/4/2026 17:23,0.02,0.06,0,-0.08,12.91,16.97
7/4/2026 17:23,0.02,0.09,0,-0.1,12.91,100
7/4/2026 17:23,0.01,0.12,0,-0.12,12.91,10.33
7/4/2026 17:23,0.01,0.15,0,-0.14,12.91,16.96
7/4/2026 17:23,0.01,0.18,0,-0.16,12.91,11.28
7/4/2026 17:23,0.02,0.21,0,-0.18,12.91,10.31
7/4/2026 17:23,0.02,0.24,0,-0.2,12.91,12.4
7/4/2026 17:23,0.02,0.27,0,-0.22,12.91,10.37
7/4/2026 17:23,0.03,0.3,0,-0.24,12.91,11.41
7/4/2026 17:23,0.04,0.33,0,-0.26,12.91,11.28
7/4/2026 17:23,0.11,0.36,0,-0.28,12.91,10.8
7/4/2026 17:23,0.25,0.39,0,-0.3,12.9,16.99
7/4/2026 17:23,0.43,0.42,0,-0.32,12.9,17.49
7/4/2026 17:23,0.56,0.45,0,-0.34,12.89,11.77
7/4/2026 17:23,0.74,0.48,0,-0.36,12.88,11.37
7/4/2026 17:23,0.9,0.51,0,-0.38,12.87,17.15
7/4/2026 17:23,1.01,0.54,0,-0.4,12.86,11.54
7/4/2026 17:23,1.16,0.57,0,-0.42,12.84,16.25
7/4/2026 17:23,1.34,0.6,0,-0.38,12.82,12.54
7/4/2026 17:23,1.55,0.63,0,-0.34,12.81,100
7/4/2026 17:23,1.78,0.66,0,-0.3,12.79,30.65
7/4/2026 17:23,1.98,0.69,0,-0.26,12.77,100
7/4/2026 17:23,2.19,0.72,0,-0.22,12.76,96.8
7/4/2026 17:23,2.38,0.75,0,-0.18,12.75,87.36
7/4/2026 17:23,2.6,0.78,0,-0.14,12.74,28.96
7/4/2026 17:23,2.81,0,0,-0.1,12.74,34.54
7/4/2026 17:23,2.97,0,0,-0.06,12.75,76.87
7/4/2026 17:23,2.87,0,0,-0.02,12.76,32.26
7/4/2026 17:23,2.62,0,0,0,12.77,33.44
7/4/2026 17:23,2.39,0,0,0,12.79,38.51
7/4/2026 17:23,2.15,0.03,0,0,12.81,24.2
7/4/2026 17:23,1.1,0.06,0,0.02,12.82,100
7/4/2026 17:23,0.47,0.09,0,0.04,12.82,26.83
7/4/2026 17:23,0.27,0.12,0,0.06,12.83,32.89
7/4/2026 17:23,0.17,0.15,0,0.08,12.83,31.56
7/4/2026 17:23,0.09,0.18,0,0.1,12.83,33.98
7/4/2026 17:23,0.07,0.21,0,0.12,12.83,50.05
7/4/2026 17:23,0.03,0.24,0,0.14,12.83,31.72
7/4/2026 17:23,0.1,0.27,0,0.16,12.83,30.77
7/4/2026 17:23,0.19,0.3,0,0.18,12.83,34.76
7/4/2026 17:23,0.29,0.33,0,0.2,12.83,38.63
7/4/2026 17:23,0.42,0.36,0,0.22,12.82,24.45
7/4/2026 17:23,0.54,0.39,0,0.24,12.81,100
7/4/2026 17:23,0.69,0.42,0,0.26,12.8,33.85
7/4/2026 17:23,0.83,0.45,0,0.28,12.79,31.13
7/4/2026 17:23,1.01,0.48,0,0.3,12.78,36.8
7/4/2026 17:23,1.18,0.51,0,0.32,12.76,32.64
7/4/2026 17:23,1.38,0.54,0,0.34,12.73,34.54
7/4/2026 17:23,1.57,0.57,0,0.36,12.7,25.38
7/4/2026 17:23,1.79,0.6,0,0.38,12.67,28.81
7/4/2026 17:23,2.01,0.63,0,0.4,12.63,32.27
7/4/2026 17:23,2.3,0.66,0,0.42,12.56,32.11
7/4/2026 17:23,2.5,0.69,0,0.44,12.51,28.35
7/4/2026 17:23,2.87,0.72,0,0.46,12.4,31.9
7/4/2026 17:23,3.15,0.75,0,0.42,12.3,50.14
7/4/2026 17:23,3.44,0.78,0,0.38,12.19,34.4
7/4/2026 17:23,3.76,0.81,0,0.34,12.06,41.53
7/4/2026 17:23,4.15,0.84,0,0.3,11.9,83.45
7/4/2026 17:23,4.51,0.87,0,0.26,11.73,31.12
7/4/2026 17:23,4.92,0.9,0,0.22,11.53,36.32
7/4/2026 17:23,5.4,0.93,0,0.2,11.28,74.16
7/4/2026 17:23,5.75,0.96,0,0.18,11.09,8.23
7/4/2026 17:23,6.13,0.99,0,0.16,10.86,70.11
7/4/2026 17:23,6.55,1,0,0.14,10.6,7.45
7/4/2026 17:23,6.97,1,0,0.12,10.33,7.34
7/4/2026 17:23,7.39,1,0,0.1,10.04,5.46
7/4/2026 17:23,7.85,1,0,0.08,9.71,2.89
7/4/2026 17:23,8.28,1,0,0.06,9.37,2.47
7/4/2026 17:23,8.72,1,0,0.04,9.01,1.82
7/4/2026 17:23,9.16,0,0,0.02,8.62,1.22
7/4/2026 17:23,3.03,0,0,0,8.26,0.67
7/4/2026 17:23,0.92,0,0,-0.02,8.34,0.79
7/4/2026 17:23,0.14,0.03,0,-0.04,8.36,0.84
7/4/2026 17:23,0.22,0.06,0,0,8.37,100
7/4/2026 17:23,0.26,0.09,0,0,8.38,0.94
7/4/2026 17:23,0.28,0.12,0,0,8.39,0.88
7/4/2026 17:23,0.29,0.15,0,0.02,8.4,0.8
7/4/2026 17:23,0.28,0.18,0,0.04,8.41,0.91
7/4/2026 17:23,0.28,0.21,0,0.06,8.42,0.89
7/4/2026 17:23,0.3,0.24,0,0.08,8.44,0.87
7/4/2026 17:23,0.26,0.27,0,0.1,8.45,0.93
7/4/2026 17:23,0.27,0.3,0,0.12,8.47,0.93
7/4/2026 17:23,0.37,0.33,0,0.14,8.48,0.98
7/4/2026 17:23,0.45,0.36,0,0.16,8.5,0.95
7/4/2026 17:23,0.46,0.39,0,0.18,8.52,1.09
7/4/2026 17:23,0.53,0.42,0,0.2,8.54,1.07
7/4/2026 17:23,0.55,0.45,0,0.22,8.57,1.1
7/4/2026 17:23,0.73,0.48,0,0.24,8.61,1.19
7/4/2026 17:23,0.86,0.51,0,0.26,8.65,1.21
7/4/2026 17:23,1.12,0.54,0,0.28,8.7,1.35
7/4/2026 17:23,1.4,0.57,0,0.3,8.76,1.47
7/4/2026 17:23,1.59,0.6,0,0.32,8.83,3.49
7/4/2026 17:23,1.75,0.63,0,0.34,8.91,3.58
7/4/2026 17:23,1.94,0.66,0,0.36,9,3.73
7/4/2026 17:23,2.16,0.69,0,0.38,9.12,5.05
7/4/2026 17:23,2.31,0.72,0,0.4,9.21,3.97
7/4/2026 17:23,2.48,0,0,0.42,9.31,69.67
7/4/2026 17:23,2.61,0,0,0.38,9.44,5.4
7/4/2026 17:23,2.51,0,0,0.34,9.56,5.61
7/4/2026 17:23,2.34,0.03,0,0.3,9.65,28.65
7/4/2026 17:23,1.24,0.06,0,0.26,9.73,27.15
7/4/2026 17:23,0.62,0.09,0,0.22,9.76,78.47
7/4/2026 17:23,0.33,0.12,0,0.2,9.78,30.68
7/4/2026 17:23,0.14,0.15,0,0.18,9.79,35.04
7/4/2026 17:23,0.04,0.18,0,0.16,9.79,34.26
7/4/2026 17:23,0,0.21,0,0.14,9.79,27.99
7/4/2026 17:23,0.01,0.24,0,0.12,9.79,30.59
7/4/2026 17:23,0.15,0.27,0,0.1,9.79,27.76
7/4/2026 17:23,0.24,0.3,0,0.08,9.78,33.24
7/4/2026 17:23,0.32,0.33,0,0.06,9.77,28.53
7/4/2026 17:23,0.45,0.36,0,0.04,9.76,34.21
7/4/2026 17:23,0.61,0.39,0,0.02,9.74,31.43
7/4/2026 17:23,0.79,0.42,0,0,9.71,34.3
7/4/2026 17:23,0.96,0.45,0,-0.02,9.67,26.99
7/4/2026 17:23,1.17,0.48,0,-0.04,9.64,69.29
7/4/2026 17:23,1.36,0.51,0,-0.06,9.6,35.72
7/4/2026 17:23,1.55,0.54,0,-0.08,9.56,70.82
7/4/2026 17:23,1.75,0.57,0,-0.1,9.51,27.92
7/4/2026 17:23,1.96,0.6,0,-0.12,9.47,69.21
7/4/2026 17:23,2.21,0.63,0,-0.14,9.41,33.4
7/4/2026 17:23,2.44,0.66,0,-0.16,9.35,69.08
7/4/2026 17:23,2.68,0.69,0,-0.18,9.29,78.43
7/4/2026 17:23,2.94,0.72,0,-0.2,9.22,77.92
7/4/2026 17:23,3.21,0.75,0,-0.22,9.15,33.08
7/4/2026 17:23,3.48,0.78,0,-0.24,9.08,80.5
7/4/2026 17:23,3.79,0.81,0,-0.26,9.01,35.08
7/4/2026 17:23,4.09,0.84,0,-0.28,8.94,38.33
7/4/2026 17:23,4.4,0.87,0,-0.3,8.88,83.71
7/4/2026 17:23,4.73,0.9,0,-0.26,8.82,43.41
7/4/2026 17:23,5.1,0.93,0,-0.22,8.76,44.01
7/4/2026 17:23,5.47,0.96,0,-0.18,8.71,42.93
7/4/2026 17:23,5.87,0.99,0,-0.16,8.65,100
7/4/2026 17:23,6.39,1,0,-0.14,8.58,23.11
7/4/2026 17:23,6.81,1,0,-0.12,8.53,22.53
7/4/2026 17:23,7.26,1,0,-0.1,8.47,18.33
7/4/2026 17:23,7.69,1,0,-0.08,8.43,17.87
7/4/2026 17:23,8.13,1,0,-0.06,8.38,21.19
7/4/2026 17:23,8.59,1,0,-0.04,8.34,16.94
7/4/2026 17:23,9.03,1,0,-0.02,8.29,19.9
7/4/2026 17:23,9.46,1,0,0,8.25,19.43
7/4/2026 17:23,9.88,1,0,0.02,8.2,18.69
7/4/2026 17:23,10.33,1,0,0.04,8.15,18.08
7/4/2026 17:23,10.79,1,0,0.06,8.09,17.23
7/4/2026 17:23,11.22,1,0,0.08,8.02,16.63
7/4/2026 17:23,11.63,1,0,0.1,7.94,15.85
7/4/2026 17:23,12.01,1,0,0.12,7.84,15.12
7/4/2026 17:23,12.45,1,0,0.14,7.7,10.56
7/4/2026 17:23,12.88,1,0,0.1,7.54,100
7/4/2026 17:23,13.34,1,0,0.06,7.34,56.77
7/4/2026 17:23,13.79,1,0,0.02,7.1,66.42
7/4/2026 17:23,14.2,1,0,0,6.88,45.05
7/4/2026 17:23,14.63,1,0,0,6.63,55.12
7/4/2026 17:23,15.03,1,0,0,6.37,67.04
7/4/2026 17:23,15.47,1,0,0,6.08,100
7/4/2026 17:23,15.77,1,0,0,5.8,34.72
7/4/2026 17:23,15.95,1,0,0,5.52,20.39
7/4/2026 17:23,16.37,1,0,0,5.21,28.89
7/4/2026 17:23,16.74,1,0,0,4.88,21.5
7/4/2026 17:23,17.23,1,0,0,4.57,53.28
7/4/2026 17:23,17.74,1,0,0,4.14,31.85
7/4/2026 17:23,18.02,1,0,0,3.7,17.81
7/4/2026 17:23,18.46,1,0,0,3.37,28.85
7/4/2026 17:23,18.81,1,0,0,3.03,31.19
7/4/2026 17:23,19.43,1,0,0,2.64,28.16
7/4/2026 17:23,19.99,1,0,-0.02,2.23,24.99
7/4/2026 17:23,20.49,1,0,-0.04,1.84,25.74
7/4/2026 17:23,21.08,1,0,-0.06,1.34,23.33
7/4/2026 17:23,21.54,1,0,-0.02,0.93,40.55
7/4/2026 17:23,21.95,1,0,0,0.57,37.8
7/4/2026 17:23,22.34,1,0,0,0.23,42.16
7/4/2026 17:23,22.73,1,0,-0.02,-0.12,35.08
7/4/2026 17:23,23.12,1,0,0,-0.46,28.22
7/4/2026 17:23,23.52,1,0,0,-0.81,26.59
7/4/2026 17:23,23.94,1,0,0,-1.17,24.39
7/4/2026 17:23,24.33,1,0,0,-1.52,23.53
7/4/2026 17:23,24.72,1,0,0,1.64,21.83
7/4/2026 17:23,25.11,1,0,0,1.3,34.56
7/4/2026 17:23,25.52,1,0,0,0.94,18.34
7/4/2026 17:23,25.91,1,0,0,0.58,89.13
7/4/2026 17:23,26.28,1,0,0,0.24,15.08
7/4/2026 17:23,26.65,1,0,0,-0.09,13.45
7/4/2026 17:23,27.04,1,0,0,-0.46,11.79
7/4/2026 17:23,27.46,1,0,0,-0.86,9.76
7/4/2026 17:23,24.07,1,0,-0.02,-1.2,69.17
7/4/2026 17:23,24.05,0,0,-0.04,-1.33,20.9
7/4/2026 17:23,24.13,0,0,-0.06,-1.43,65.71
7/4/2026 17:23,8.28,0,0,-0.08,-1.32,18.19
7/4/2026 17:23,6.79,0,0,-0.1,-0.74,80.78
7/4/2026 17:23,5.66,0,0,-0.12,-0.43,3.73
7/4/2026 17:23,4.69,0,0,-0.14,-0.23,3.7
7/4/2026 17:23,3.82,0,0,-0.16,-0.1,27.78
7/4/2026 17:23,3.37,0,0,-0.18,-0.09,25.09
7/4/2026 17:23,3.25,0,0,-0.2,-0.16,24.49
7/4/2026 17:23,1.2,0,0,-0.22,-0.16,23.18
7/4/2026 17:23,0.33,0.03,0,-0.18,-0.16,23.54
7/4/2026 17:23,0.03,0.06,0,-0.14,-0.16,22.93
7/4/2026 17:23,0.04,0.09,0,-0.1,-0.16,22.78
7/4/2026 17:23,0.09,0.12,0,-0.06,-0.16,23.2
7/4/2026 17:23,0.08,0.15,0,-0.04,-0.15,21.87
7/4/2026 17:23,0.09,0.18,0,-0.02,-0.15,22.73
7/4/2026 17:23,0.1,0.21,0,0,-0.14,23.41
7/4/2026 17:23,0.15,0.24,0,0.02,-0.13,23.33
7/4/2026 17:23,0.19,0.27,0,0.04,-0.12,22.96
7/4/2026 17:23,0.24,0.3,0,0.06,-0.11,22.96
7/4/2026 17:23,0.28,0.33,0,0.08,-0.09,20.33
7/4/2026 17:23,0.4,0.36,0,0.1,-0.07,23.27
7/4/2026 17:23,0.46,0.39,0,0.12,-0.04,3.85
7/4/2026 17:23,0.57,0.42,0,0.14,-0.02,23.15
7/4/2026 17:23,0.72,0.45,0,0.16,0.03,23.77
7/4/2026 17:23,0.79,0.48,0,0.18,0.07,23.05
7/4/2026 17:23,0.96,0.51,0,0.2,0.12,23.22
7/4/2026 17:23,1.17,0.54,0,0.22,0.18,23.31
7/4/2026 17:23,1.33,0.57,0,0.24,0.25,24.07
7/4/2026 17:23,1.49,0.6,0,0.26,0.33,23.67
7/4/2026 17:23,1.7,0.63,0,0.28,0.44,24.93
7/4/2026 17:23,1.85,0.66,0,0.3,0.54,25.77
7/4/2026 17:23,2.03,0.69,0,0.32,0.66,24.6
7/4/2026 17:23,2.21,0.72,0,0.34,0.79,25.07
7/4/2026 17:23,2.4,0.75,0,0.36,0.93,26.69
7/4/2026 17:23,2.6,0.78,0,0.38,1.08,23.48
7/4/2026 17:23,2.81,0.81,0,0.4,1.25,26.7
7/4/2026 17:23,3.03,0.84,0,0.42,1.41,4.48
7/4/2026 17:23,3.25,0.87,0,0.44,1.59,4.71
7/4/2026 17:23,3.51,0.9,0,0.46,-1.7,4.91
7/4/2026 17:23,3.77,0.93,0,0.48,-1.49,5.11
7/4/2026 17:23,4.04,0.96,0,0.5,-1.27,31.76
7/4/2026 17:23,4.33,0.99,0,0.52,-1.03,59.23
7/4/2026 17:23,4.62,1,0,0.54,-0.8,27.53
7/4/2026 17:23,4.96,1,0,0.55,-0.54,63.03
7/4/2026 17:23,5.29,1,0,0.55,-0.27,61.92
7/4/2026 17:23,5.59,0,0,0.55,-0.04,15.13
7/4/2026 17:23,5.87,0,0,0.51,0.23,19.26
7/4/2026 17:23,5.89,0.03,0,0.47,0.47,20.58
7/4/2026 17:23,4.23,0.06,0,0.45,0.68,63.67
7/4/2026 17:23,2.47,0.09,0,0.43,0.81,30.88
7/4/2026 17:23,1.25,0.12,0,0.41,0.88,59.68
7/4/2026 17:23,0.64,0.15,0,0.39,0.91,59.62
7/4/2026 17:23,0.33,0.18,0,0.37,0.92,100
7/4/2026 17:23,0.2,0.21,0,0.35,0.93,100
7/4/2026 17:23,0.08,0.24,0,0.33,0.94,50.17
7/4/2026 17:23,0,0.27,0,0.31,0.94,62.68
7/4/2026 17:23,0.09,0.3,0,0.29,0.94,70.96
7/4/2026 17:23,0.2,0.33,0,0.27,0.93,67.23
7/4/2026 17:23,0.3,0.36,0,0.25,0.93,59.9
7/4/2026 17:23,0.45,0.39,0,0.23,0.92,21.76
7/4/2026 17:23,0.58,0.42,0,0.21,0.9,67.91
7/4/2026 17:23,0.77,0.45,0,0.19,0.88,26.04
7/4/2026 17:23,0.94,0.48,0,0.17,0.87,53.22
7/4/2026 17:23,1.11,0.51,0,0.15,0.85,19.96
7/4/2026 17:23,1.32,0.54,0,0.13,0.82,19.87
7/4/2026 17:23,1.55,0.57,0,0.11,0.78,19.77
7/4/2026 17:23,1.85,0.6,0,0.09,0.73,19.68
7/4/2026 17:23,2.09,0.63,0,0.07,0.69,54.23
7/4/2026 17:23,2.33,0.66,0,0.05,0.65,45.73
7/4/2026 17:23,2.59,0.69,0,0.03,0.6,58.65
7/4/2026 17:23,2.89,0.72,0,0.01,0.54,19.62
7/4/2026 17:23,3.14,0.75,0,-0.01,0.48,67.48
7/4/2026 17:23,3.43,0.78,0,-0.03,0.42,16.99
7/4/2026 17:23,3.73,0.81,0,-0.05,0.36,100
7/4/2026 17:23,4.06,0.84,0,-0.07,0.29,23.85
7/4/2026 17:23,4.49,0.87,0,-0.09,0.19,57.42
7/4/2026 17:23,4.83,0.9,0,-0.11,0.12,43.13
7/4/2026 17:23,5.18,0.93,0,-0.13,0.05,41.06
7/4/2026 17:23,5.55,0.96,0,-0.15,-0.02,37.45
7/4/2026 17:23,5.98,0.99,0,-0.17,-0.09,55.71
7/4/2026 17:23,6.38,1,0,-0.19,-0.15,33.28
7/4/2026 17:23,6.81,1,0,-0.15,-0.2,27.5
7/4/2026 17:23,7.38,1,0,-0.11,-0.25,100
7/4/2026 17:23,7.82,1,0,-0.07,-0.29,52.26
7/4/2026 17:23,8.23,1,0,-0.03,-0.32,100
7/4/2026 17:23,8.67,1,0,0,-0.36,37.03
7/4/2026 17:23,9.07,1,0,0,-0.39,50.57
7/4/2026 17:23,9.52,1,0,0,-0.44,35.51
7/4/2026 17:23,9.96,1,0,0,-0.48,100
7/4/2026 17:23,10.4,1,0,0,-0.53,40.65
7/4/2026 17:23,10.83,1,0,0,-0.58,31.05
7/4/2026 17:23,11.27,1,0,0,-0.63,48.63
7/4/2026 17:23,11.7,1,0,0,-0.69,37.71
7/4/2026 17:23,12.13,1,0,0,-0.74,53.36
7/4/2026 17:23,12.54,1,0,0,-0.8,52.54
7/4/2026 17:23,12.97,1,0,0,-0.86,51.68
7/4/2026 17:23,13.31,1,0,0,-0.91,43.22
7/4/2026 17:23,13.87,1,0,0,-0.99,42.12
7/4/2026 17:23,14.32,1,0,0,-1.06,25.31
7/4/2026 17:23,14.72,1,0,0,-1.12,35.16
7/4/2026 17:23,15.13,1,0,0.02,-1.19,29.93
7/4/2026 17:23,15.57,1,0,0.04,-1.27,38.2
7/4/2026 17:23,16.02,1,0,0.06,-1.36,29.27
7/4/2026 17:23,16.46,1,0,0.08,-1.46,27.34
7/4/2026 17:23,16.98,1,0,0.1,-1.62,34.59
7/4/2026 17:23,17.35,1,0,0.12,1.74,54.61
7/4/2026 17:23,17.74,1,0,0.14,1.56,40.76
7/4/2026 17:23,18.07,1,0,0.16,1.35,23.45
7/4/2026 17:23,18.4,1,0,0.18,1.12,27.24
7/4/2026 17:23,18.72,1,0,0.2,0.89,39.91
7/4/2026 17:23,19.02,1,0,0.22,0.69,29.8
7/4/2026 17:23,19.26,1,0,0.24,0.54,20.92
7/4/2026 17:23,19.48,1,0,0.26,0.41,36.63
7/4/2026 17:23,19.67,0,0,0.28,0.29,29.77
7/4/2026 17:23,19.76,0,0,0.3,0.21,37.86
7/4/2026 17:23,19.64,0,0,0.32,0.15,36.3
7/4/2026 17:23,19.25,0,0,0.34,0.11,31.28
7/4/2026 17:23,18.67,0,0,0.36,0.14,23.79
7/4/2026 17:23,17.93,0.78,0,0.32,0.11,38.74
7/4/2026 17:23,17.17,0.81,0,0.28,-0.08,31.75
7/4/2026 17:23,16.49,0.84,0,0.24,0.01,27.48
7/4/2026 17:23,16.01,0.87,0,0.2,-0.23,100
7/4/2026 17:23,15.65,0.9,0,0.16,-0.4,82.68
7/4/2026 17:23,15.46,0.93,0,0.12,-0.6,100
7/4/2026 17:23,15.41,0.96,0,0.08,-0.92,30.83
7/4/2026 17:23,15.52,0.99,0,0.06,-1.26,30.33
7/4/2026 17:23,15.72,1,0,0.04,-1.2,32.32
7/4/2026 17:23,16,1,0,0.02,-1.07,33.87
7/4/2026 17:23,16.35,1,0,0,-0.88,54.16
7/4/2026 17:23,16.77,1,0,-0.02,-0.61,42.06
7/4/2026 17:23,17.24,1,0,-0.04,-0.29,23.82
7/4/2026 17:23,17.68,1,0,0,0.04,39.81
7/4/2026 17:23,18.21,1,0,0,-0.12,28.52
7/4/2026 17:23,18.63,1,0,0,0.62,37.05
7/4/2026 17:23,19.05,1,0,0,1.16,28.71
7/4/2026 17:23,19.47,1,0,0,1.57,42.53
7/4/2026 17:23,19.86,1,0,0,-1.56,28.65
7/4/2026 17:23,20.28,1,0,0,-1.16,24.14
7/4/2026 17:23,20.68,1,0,0,-0.77,38
7/4/2026 17:23,21.09,1,0,0,-0.36,34.3
7/4/2026 17:23,21.49,1,0,0,0.05,34.65
7/4/2026 17:23,21.89,1,0,0,0.47,31.49
7/4/2026 17:23,22.36,0,0,0,0.97,24.18
7/4/2026 17:23,22.69,0,0,0,1.36,23.44
7/4/2026 17:23,22.86,0,0,0,1.77,29.37
7/4/2026 17:23,22.77,0,0,0.02,2.22,28.42
7/4/2026 17:23,22.49,0,0,0.04,2.66,26.6
7/4/2026 17:23,22.11,0,0,0.06,3.06,25.27
7/4/2026 17:23,21.66,0,0,0.08,3.2,21.54
7/4/2026 17:23,21.17,0,0,0.1,3.05,20.2
7/4/2026 17:23,20.48,0,0,0.12,2.49,21.08
7/4/2026 17:23,19.96,0,0,0.14,1.89,20.22
7/4/2026 17:23,19.41,0,0,0.16,1.16,12.01
7/4/2026 17:23,18.87,0,0,0.18,0.41,9.45
7/4/2026 17:23,18.39,0,0,0.2,-0.32,8.38
7/4/2026 17:23,17.68,0,0,0.22,-1.32,6.76
7/4/2026 17:23,17.03,0,0,0.24,-1.43,5.9
7/4/2026 17:23,16.33,0,0,0.26,-0.39,4.8
7/4/2026 17:23,15.52,0,0,0.28,0.65,3.97
7/4/2026 17:23,14.85,0,0,0.3,1.38,3.53
7/4/2026 17:23,14.27,0,0,0.32,1.94,2.98
7/4/2026 17:23,13.67,0.08,0,0.34,2.44,2.68
7/4/2026 17:23,13.1,0.11,0,0.3,2.84,2.48
7/4/2026 17:23,12.66,0.14,0,0.26,3.12,2.63
7/4/2026 17:23,9.68,0.17,0,0.22,3.21,3.41
7/4/2026 17:23,9.61,0.2,0,0.2,3.29,4.68
7/4/2026 17:23,9.5,0.23,0,0.18,3.34,5.91
7/4/2026 17:23,9.38,0.26,0,0.16,3.37,9.23
7/4/2026 17:23,9.27,0.29,0,0.14,3.38,26.01
7/4/2026 17:23,9.19,0.32,0,0.12,3.37,29.59
7/4/2026 17:23,9.11,0.35,0,0.1,3.35,31.57
7/4/2026 17:23,9.05,0.38,0,0.08,3.31,83.42
7/4/2026 17:23,9.02,0.41,0,0.04,3.27,80.93
7/4/2026 17:23,9.01,0.44,0,0,3.22,100
7/4/2026 17:23,9.01,0.47,0,0,3.17,70.55
7/4/2026 17:23,9.04,0.5,0,0,3.12,34.15
7/4/2026 17:23,9.08,0.53,0,0,3.07,56.08
7/4/2026 17:23,9.14,0.56,0,0,3.02,27.4
7/4/2026 17:23,9.25,0.59,0,0,2.95,76.66
7/4/2026 17:23,9.36,0.62,0,0,2.9,67.4
7/4/2026 17:23,9.49,0.65,0,0,2.84,62.38
7/4/2026 17:23,9.64,0.68,0,0,2.79,32.56
7/4/2026 17:23,9.81,0.71,0,0,2.73,27.24
7/4/2026 17:23,10,0.74,0,0,2.67,28.72
7/4/2026 17:23,10.2,0.77,0,0,2.62,25.88
7/4/2026 17:23,10.44,0.8,0,0,2.55,32.53
7/4/2026 17:23,10.71,0.83,0,0,2.49,34.49
7/4/2026 17:23,10.97,0.86,0,0,2.42,61.96
7/4/2026 17:23,11.27,0.89,0,0,2.36,61.01
7/4/2026 17:23,11.56,0.92,0,0,2.3,60.36
7/4/2026 17:23,11.86,0.95,0,0.02,2.23,25.94
7/4/2026 17:23,12.2,0.98,0,0.04,2.17,100
7/4/2026 17:23,12.55,1,0,0.06,2.09,51.14
7/4/2026 17:23,12.99,1,0,0.08,1.99,57
7/4/2026 17:23,13.33,1,0,0.04,1.89,56.37
7/4/2026 17:23,13.76,1,0,0,1.77,26.03
7/4/2026 17:23,14.14,1,0,0,1.65,54.47
7/4/2026 17:23,14.58,1,0,0.02,1.5,34.16
7/4/2026 17:23,15,1,0,0.04,1.35,52.59
7/4/2026 17:23,15.4,1,0,0.06,1.2,40.59
7/4/2026 17:23,15.8,1,0,0.08,1.02,56.88
7/4/2026 17:23,16.21,1,0,0.1,0.82,38.48
7/4/2026 17:23,16.57,1,0,0.12,0.62,24.59
7/4/2026 17:23,16.98,1,0,0.14,0.34,25.4
7/4/2026 17:23,17.44,1,0,0.16,-0.04,26.28
7/4/2026 17:23,17.91,1,0,0.18,-0.55,22.31
7/4/2026 17:23,18.23,1,0,0.2,-0.92,30.08
7/4/2026 17:23,18.5,1,0,0.22,-1.21,24.31
7/4/2026 17:23,18.78,1,0,0.24,-1.43,22
7/4/2026 17:23,19.02,1,0,0.26,-0.76,20.98
7/4/2026 17:23,19.23,1,0,0.28,0.11,20.82
7/4/2026 17:23,19.37,1,0,0.3,0.94,21.14
7/4/2026 17:23,19.46,1,0,0.26,-1.48,15.22
7/4/2026 17:23,19.54,1,0,0.22,-1.33,31.18
7/4/2026 17:23,19.63,1,0,0.2,0.64,67.14
7/4/2026 17:23,19.7,1,0,0.18,-0.41,20.92
7/4/2026 17:23,19.77,1,0,0.16,-0.7,38.69
7/4/2026 17:23,19.84,1,0,0.14,-0.44,50.55
7/4/2026 17:23,19.91,0,0,0.12,-0.16,49.54
7/4/2026 17:23,19.96,0,0,0.1,0.18,25.89
7/4/2026 17:23,19.88,0,0,0.08,0.33,30.75
7/4/2026 17:23,19.58,0,0,0.06,0.44,54.55
7/4/2026 17:23,19.15,0,0,0.04,0.43,31.88
7/4/2026 17:23,18.68,0,0,0.02,0.35,29.85
7/4/2026 17:23,18.14,0,0,0,0.17,28.72
7/4/2026 17:23,17.64,0,0,-0.02,-0.06,26.01
7/4/2026 17:23,17.13,0,0,-0.04,-0.36,51.9
7/4/2026 17:23,16.67,0,0,-0.06,-0.69,24.7
7/4/2026 17:23,16.19,0,0,-0.08,-1.08,22.98
7/4/2026 17:23,15.66,0,0,-0.1,-1.54,25.21
7/4/2026 17:23,15.15,0,0,-0.12,-1.52,21.62
7/4/2026 17:23,14.71,0,0,-0.14,-1.16,20.44
7/4/2026 17:23,14.33,0,0,-0.16,-0.88,20.9
7/4/2026 17:23,13.89,0,0,-0.18,-0.6,18.14
7/4/2026 17:23,13.42,0,0,-0.2,-0.35,42.08
7/4/2026 17:23,13,0,0,-0.22,-0.18,39.25
7/4/2026 17:23,12.56,0,0,-0.24,-0.1,37.73
7/4/2026 17:23,12.01,0.08,0,-0.26,-0.19,35.79
7/4/2026 17:23,11.6,0.11,0,-0.28,-0.39,34.9
7/4/2026 17:23,11.23,0.14,0,-0.3,-0.69,34.52
7/4/2026 17:23,10.91,0.17,0,-0.32,-1.04,33.72
7/4/2026 17:23,10.61,0.2,0,-0.34,-1.46,40.67
7/4/2026 17:23,10.36,0.23,0,-0.36,-1.9,10.92
7/4/2026 17:23,10.07,0.26,0,-0.38,-2.5,24.3
7/4/2026 17:24,9.85,0.29,0,-0.4,-3.03,25.34
7/4/2026 17:24,9.61,0.32,0,-0.42,2.92,9.11
7/4/2026 17:24,9.41,0.35,0,-0.44,2.36,12.39
7/4/2026 17:24,9.26,0.38,0,-0.46,1.92,42.21
7/4/2026 17:24,9.12,0.41,0,-0.48,1.5,34.72
7/4/2026 17:24,8.97,0.44,0,-0.5,1.05,11.16
7/4/2026 17:24,8.87,0.47,0,-0.52,0.74,10.51
7/4/2026 17:24,8.8,0.5,0,-0.54,0.51,19.43
7/4/2026 17:24,8.74,0.53,0,-0.5,0.35,25.65
7/4/2026 17:24,8.76,0.56,0,-0.46,0.23,19.2
7/4/2026 17:24,8.82,0.59,0,-0.42,0.18,33.05
7/4/2026 17:24,8.9,0.62,0,-0.38,0.18,41.06
7/4/2026 17:24,9.02,0.65,0,-0.36,0.22,33.49
7/4/2026 17:24,9.14,0.68,0,-0.34,0.3,33.3
7/4/2026 17:24,9.28,0.71,0,-0.32,0.41,32.76
7/4/2026 17:24,9.45,0.74,0,-0.3,0.57,18.52
7/4/2026 17:24,9.63,0.77,0,-0.28,-0.51,11.65
7/4/2026 17:24,9.84,0.8,0,-0.26,-0.08,11.21
7/4/2026 17:24,10.07,0.83,0,-0.24,0.46,18.6
7/4/2026 17:24,10.38,0.86,0,-0.22,1.09,17.73
7/4/2026 17:24,10.66,0.89,0,-0.2,1.66,13.86
7/4/2026 17:24,10.96,0.92,0,-0.18,2.22,12.63
7/4/2026 17:24,11.27,0.95,0,-0.16,2.76,11.97
7/4/2026 17:24,4.21,0.98,0,-0.14,3.16,10.12
7/4/2026 17:24,1.46,1,0,-0.12,2.98,9.7
7/4/2026 17:24,1.7,1,0,-0.1,3.01,9.41
7/4/2026 17:24,0.81,1,0,-0.08,3.09,9.21
7/4/2026 17:24,0.31,1,0,-0.04,3.1,9.55
7/4/2026 17:24,0.12,0,0,0,3.09,9.36
7/4/2026 17:24,0.06,0,0,0,3.09,8.98
7/4/2026 17:24,0.02,0.03,0,0,3.09,9.18
7/4/2026 17:24,0.04,0.06,0,-0.02,3.09,9.04
7/4/2026 17:24,0.04,0.09,0,-0.04,3.09,9.43
7/4/2026 17:24,0.05,0.12,0,-0.06,3.09,9.49
7/4/2026 17:24,0.1,0.15,0,-0.08,3.08,8.97
7/4/2026 17:24,0.11,0.18,0,-0.1,3.08,9.52
7/4/2026 17:24,0.1,0.21,0,-0.12,3.07,9.35
7/4/2026 17:24,0.11,0.24,0,-0.14,3.07,9.02
7/4/2026 17:24,0.15,0.27,0,-0.16,3.06,9.18
7/4/2026 17:24,0.15,0.3,0,-0.18,3.05,9.79
7/4/2026 17:24,0.3,0.33,0,-0.2,3.04,9.18
7/4/2026 17:24,0.44,0.36,0,-0.22,3.02,9.21
7/4/2026 17:24,0.36,0.39,0,-0.24,3,9.15
7/4/2026 17:24,0.5,0.42,0,-0.26,2.98,10.33
7/4/2026 17:24,0.65,0.45,0,-0.28,2.94,8.92
7/4/2026 17:24,0.75,0.48,0,-0.3,2.89,9.99
7/4/2026 17:24,0.78,0.51,0,-0.32,2.84,9.75
7/4/2026 17:24,1.01,0.54,0,-0.34,2.79,9.81
7/4/2026 17:24,1.23,0.57,0,-0.36,2.73,9.74
7/4/2026 17:24,1.4,0.6,0,-0.38,2.66,10.02
7/4/2026 17:24,1.53,0.63,0,-0.4,2.57,10.79
7/4/2026 17:24,1.67,0.66,0,-0.42,2.46,10.17
7/4/2026 17:24,1.92,0.69,0,-0.44,2.34,11.2
7/4/2026 17:24,2.13,0.72,0,-0.46,2.22,12.31
7/4/2026 17:24,2.42,0.75,0,-0.48,2.09,12.04
7/4/2026 17:24,2.65,0.78,0,-0.5,1.95,12.82
7/4/2026 17:24,2.85,0.81,0,-0.52,1.82,15.1
7/4/2026 17:24,3.08,0,0,-0.54,1.65,15.4
7/4/2026 17:24,3.24,0,0,-0.55,1.47,16.46
7/4/2026 17:24,3.15,0.03,0,-0.51,1.31,16.81
7/4/2026 17:24,1.83,0.06,0,-0.47,1.18,23.84
7/4/2026 17:24,0.87,0.09,0,-0.43,1.11,24.03
7/4/2026 17:24,0.4,0.12,0,-0.39,1.08,8.81
7/4/2026 17:24,0.22,0.15,0,-0.37,1.06,8.86
7/4/2026 17:24,0.14,0.18,0,-0.35,1.06,20.59
7/4/2026 17:24,0.03,0.21,0,-0.33,1.05,8.82
7/4/2026 17:24,0.01,0.24,0,-0.31,1.05,20.66
7/4/2026 17:24,0.08,0.27,0,-0.29,1.05,19.6
7/4/2026 17:24,0.21,0.3,0,-0.27,1.06,18.99
7/4/2026 17:24,0.29,0.33,0,-0.25,1.07,8.73
7/4/2026 17:24,0.42,0.36,0,-0.23,1.09,8.8
7/4/2026 17:24,0.54,0.39,0,-0.21,1.12,19.96
7/4/2026 17:24,0.73,0.42,0,-0.19,1.16,8.68
7/4/2026 17:24,0.89,0.45,0,-0.17,1.2,18.19
7/4/2026 17:24,1.09,0.48,0,-0.15,1.24,8.49
7/4/2026 17:24,1.23,0.51,0,-0.13,1.28,8.47
7/4/2026 17:24,1.46,0.54,0,-0.11,1.35,8.35
7/4/2026 17:24,1.66,0.57,0,-0.09,1.41,17.93
7/4/2026 17:24,1.88,0.6,0,-0.07,1.5,18.03
7/4/2026 17:24,2.15,0.63,0,-0.05,1.59,18.46
7/4/2026 17:24,2.38,0.66,0,-0.03,1.67,16.05
7/4/2026 17:24,2.64,0.69,0,-0.01,1.77,16.39
7/4/2026 17:24,2.91,0.72,0,0.01,1.88,15.9
7/4/2026 17:24,3.19,0.75,0,0.03,1.99,18.64
7/4/2026 17:24,3.48,0.78,0,0.05,2.11,16.9
7/4/2026 17:24,3.76,0.81,0,0.07,2.23,16.4
7/4/2026 17:24,4.09,0.84,0,0.09,2.37,17.88
7/4/2026 17:24,4.49,0.87,0,0.11,2.51,15.79
7/4/2026 17:24,4.84,0.9,0,0.13,2.64,16.18
7/4/2026 17:24,5.23,0.93,0,0.15,2.77,17.27
7/4/2026 17:24,5.6,0.96,0,0.17,2.89,22.13
7/4/2026 17:24,6.03,0.99,0,0.19,3.03,17.6
7/4/2026 17:24,6.41,1,0,0.21,3.15,4.38
7/4/2026 17:24,6.99,1,0,0.23,3.31,3.72
7/4/2026 17:24,7.47,1,0,0.25,3.42,9.47
7/4/2026 17:24,8.01,1,0,0.27,3.52,8.65
7/4/2026 17:24,8.4,1,0,0.29,3.57,8.16
7/4/2026 17:24,8.82,1,0,0.31,3.61,7.59
7/4/2026 17:24,9.11,1,0,0.33,3.61,7.13
7/4/2026 17:24,9.67,1,0,0.31,3.57,31.01
7/4/2026 17:24,10.07,1,0,0.29,3.48,45.66
7/4/2026 17:24,10.51,1,0,0.27,3.35,41.33
7/4/2026 17:24,10.89,1,0,0.25,3.19,30.36
7/4/2026 17:24,11.39,1,0,0.23,2.91,26.84
7/4/2026 17:24,11.8,1,0,0.21,2.63,22.28
7/4/2026 17:24,12.2,1,0,0.19,2.31,15.46
7/4/2026 17:24,12.6,1,0,0.17,1.94,39.08
7/4/2026 17:24,13.01,1,0,0.15,1.52,16.54
7/4/2026 17:24,13.41,0,0,0.13,1.05,30.78
7/4/2026 17:24,13.8,0,0,0.11,0.53,28.65
7/4/2026 17:24,13.97,0,0,0.09,0,27.9
7/4/2026 17:24,13.92,0,0,0.07,-0.58,45.87
7/4/2026 17:24,13.69,0,0,0.05,-1.26,34.91
7/4/2026 17:24,13.41,0,0,0.03,1.62,36.02
7/4/2026 17:24,13.07,0,0,0.01,0.94,25.43
7/4/2026 17:24,12.76,0,0,-0.01,0.37,33.17
7/4/2026 17:24,12.46,0,0,-0.03,-0.19,32.43
7/4/2026 17:24,3.78,0,0,-0.05,-0.53,29.46
7/4/2026 17:24,2.59,0.03,0,-0.07,-0.35,28.45
7/4/2026 17:24,1.36,0.06,0,-0.03,-0.2,23.77
7/4/2026 17:24,0.91,0.09,0,-0.01,-0.13,17.62
7/4/2026 17:24,0.89,0.12,0,0.01,-0.08,20.95
7/4/2026 17:24,0.86,0.15,0,0.03,-0.02,26.13
7/4/2026 17:24,0.84,0.18,0,0.05,0.02,26.41
7/4/2026 17:24,0.84,0.21,0,0.07,0.07,26.63
7/4/2026 17:24,0.81,0.24,0,0.09,0.12,18
7/4/2026 17:24,0.84,0.27,0,0.11,0.17,29.7
7/4/2026 17:24,0.82,0.3,0,0.13,0.22,18.15
7/4/2026 17:24,0.84,0.33,0,0.15,0.27,29.57
7/4/2026 17:24,0.88,0.36,0,0.17,0.32,17.94
7/4/2026 17:24,0.95,0.39,0,0.19,0.37,26.7
7/4/2026 17:24,1.04,0.42,0,0.21,0.43,18.37
7/4/2026 17:24,1.15,0.45,0,0.23,0.5,4.95
7/4/2026 17:24,1.26,0.48,0,0.25,0.57,18.18
7/4/2026 17:24,1.39,0.51,0,0.27,0.65,36.27
7/4/2026 17:24,1.53,0.54,0,0.29,0.74,29.49
7/4/2026 17:24,1.66,0.57,0,0.31,0.84,5.24
7/4/2026 17:24,1.79,0.6,0,0.33,0.94,29.76
7/4/2026 17:24,1.94,0.63,0,0.35,1.05,30.29
7/4/2026 17:24,2.13,0.66,0,0.37,1.22,26.9
7/4/2026 17:24,2.32,0.69,0,0.39,1.37,22.24
7/4/2026 17:24,2.49,0.72,0,0.41,1.51,6.97
7/4/2026 17:24,2.66,0,0,0.43,1.66,21.57
7/4/2026 17:24,2.8,0,0,0.45,-1.67,33.98
7/4/2026 17:24,2.67,0,0,0.43,-1.48,34.44
7/4/2026 17:24,2.46,0.03,0,0.41,-1.33,35.53
7/4/2026 17:24,1.12,0.06,0,0.39,-1.21,35
7/4/2026 17:24,0.57,0.09,0,0.37,-1.17,32.01
7/4/2026 17:24,0.29,0.12,0,0.35,-1.15,36.78
7/4/2026 17:24,0.18,0.15,0,0.33,-1.13,25.55
7/4/2026 17:24,0.07,0.18,0,0.31,-1.13,26.58
7/4/2026 17:24,0,0.21,0,0.29,-1.12,9.02
7/4/2026 17:24,0,0.24,0,0.27,-1.12,35.35
7/4/2026 17:24,0.11,0.27,0,0.25,-1.13,38.74
7/4/2026 17:24,0.2,0.3,0,0.23,-1.14,24.91
7/4/2026 17:24,0.3,0.33,0,0.21,-1.15,25.01
7/4/2026 17:24,0.38,0.36,0,0.19,-1.17,35.03
7/4/2026 17:24,0.53,0.39,0,0.17,-1.19,8.93
7/4/2026 17:24,0.67,0.42,0,0.15,-1.22,29.21
7/4/2026 17:24,0.83,0.45,0,0.13,-1.26,8.87
7/4/2026 17:24,0.98,0.48,0,0.11,-1.29,36.59
7/4/2026 17:24,1.15,0.51,0,0.09,-1.34,30.77
7/4/2026 17:24,1.35,0.54,0,0.07,-1.4,34.75
7/4/2026 17:24,1.56,0.57,0,0.05,-1.47,4.46
7/4/2026 17:24,1.79,0.6,0,0.03,-1.56,8.44
7/4/2026 17:24,2.02,0.63,0,0.01,-1.65,35.13
7/4/2026 17:24,2.3,0.66,0,-0.01,1.73,22.94
7/4/2026 17:24,2.57,0,0,-0.03,1.61,37.32
7/4/2026 17:24,2.79,0,0,-0.05,1.48,33.79
7/4/2026 17:24,2.85,0,0,-0.07,1.34,22.49
7/4/2026 17:24,2.84,0,0,-0.09,1.22,33.57
7/4/2026 17:24,2.78,0,0,-0.11,1.09,23.58
7/4/2026 17:24,2.72,0,0,-0.13,0.97,33.41
7/4/2026 17:24,2.64,0,0,-0.15,0.85,33.25
7/4/2026 17:24,2.56,0,0,-0.17,0.72,34.18
7/4/2026 17:24,2.48,0,0,-0.19,0.62,21.85
7/4/2026 17:24,2.41,0,0,-0.21,0.52,30.98
7/4/2026 17:24,2.35,0,0,-0.23,0.43,21.55
7/4/2026 17:24,2.28,0,0,-0.25,0.35,36.03
7/4/2026 17:24,2.21,0,0,-0.27,0.26,21.73
7/4/2026 17:24,2.16,0,0,-0.29,0.19,21.22
7/4/2026 17:24,2.1,0,0,-0.31,0.13,21.69
7/4/2026 17:24,2.02,0,0,-0.33,0.04,21.68
7/4/2026 17:24,1.96,0,0,-0.35,-0.03,28.27
7/4/2026 17:24,1.91,0,0,-0.37,-0.08,7.78
7/4/2026 17:24,1.85,0,0,-0.39,-0.13,6.31
7/4/2026 17:24,1.8,0.03,0,-0.41,-0.18,21.44
7/4/2026 17:24,0.58,0.06,0,-0.39,-0.2,20.84
7/4/2026 17:24,0.28,0.09,0,-0.37,-0.21,20.82
7/4/2026 17:24,0.15,0.12,0,-0.35,-0.22,71.34
7/4/2026 17:24,0.1,0.15,0,-0.33,-0.22,71.27
7/4/2026 17:24,0.01,0.18,0,-0.31,-0.22,45
7/4/2026 17:24,0,0.21,0,-0.29,-0.22,21.21
7/4/2026 17:24,0.01,0.24,0,-0.27,-0.22,31.24
7/4/2026 17:24,0.03,0.27,0,-0.25,-0.22,44.99
7/4/2026 17:24,0.05,0.3,0,-0.23,-0.22,22.8
7/4/2026 17:24,0.16,0.33,0,-0.21,-0.22,29.85
7/4/2026 17:24,0.2,0.36,0,-0.19,-0.21,20.33
7/4/2026 17:24,0.33,0.39,0,-0.17,-0.2,20.82
7/4/2026 17:24,0.43,0.42,0,-0.15,-0.19,28.52
7/4/2026 17:24,0.59,0.45,0,-0.13,-0.18,21.62
7/4/2026 17:24,0.75,0.48,0,-0.11,-0.15,23.87
7/4/2026 17:24,0.84,0.51,0,-0.09,-0.13,28.45
7/4/2026 17:24,1,0.54,0,-0.07,-0.1,21.44
7/4/2026 17:24,1.12,0.57,0,-0.05,-0.07,22.45
7/4/2026 17:24,1.42,0.6,0,-0.03,-0.02,39.68
7/4/2026 17:24,1.6,0.63,0,-0.01,0.03,21.75
7/4/2026 17:24,1.76,0.66,0,0.01,0.09,22.81
7/4/2026 17:24,1.98,0.69,0,0.03,0.17,23
7/4/2026 17:24,2.21,0.72,0,0.05,0.26,22.25
7/4/2026 17:24,2.38,0.75,0,0.07,0.33,36.75
7/4/2026 17:24,2.59,0,0,0.09,0.42,23.1
7/4/2026 17:24,2.72,0,0,0.11,0.53,22.38
7/4/2026 17:24,2.59,0,0,0.13,0.65,9.06
7/4/2026 17:24,2.42,0,0,0.15,0.73,9.21
7/4/2026 17:24,2.13,0.03,0,0.13,0.84,9.36
7/4/2026 17:24,0.95,0.06,0,0.11,0.91,24.4
7/4/2026 17:24,0.48,0.09,0,0.09,0.93,24.32
7/4/2026 17:24,0.27,0.12,0,0.07,0.95,10.96
7/4/2026 17:24,0.14,0.15,0,0.05,0.95,24.59
7/4/2026 17:24,0.04,0.18,0,0.03,0.96,11.02
7/4/2026 17:24,0.03,0.21,0,0.01,0.96,77.16
7/4/2026 17:24,0.03,0.24,0,-0.01,0.96,23.53
7/4/2026 17:24,0.12,0.27,0,-0.03,0.95,9.19
7/4/2026 17:24,0.21,0.3,0,-0.05,0.95,23.42
7/4/2026 17:24,0.34,0.33,0,-0.07,0.94,24.16
7/4/2026 17:24,0.4,0.36,0,-0.09,0.93,23.54
7/4/2026 17:24,0.55,0.39,0,-0.11,0.91,23.45
7/4/2026 17:24,0.68,0.42,0,-0.13,0.89,23.51
7/4/2026 17:24,0.84,0.45,0,-0.15,0.87,45.73
7/4/2026 17:24,1.03,0.48,0,-0.17,0.84,45.89
7/4/2026 17:24,1.22,0.51,0,-0.19,0.81,24.32
7/4/2026 17:24,1.41,0.54,0,-0.21,0.78,77.81
7/4/2026 17:24,1.63,0.57,0,-0.23,0.74,9.05
7/4/2026 17:24,1.88,0.6,0,-0.25,0.68,46.48
7/4/2026 17:24,2.13,0.63,0,-0.27,0.63,8.47
7/4/2026 17:24,2.34,0.66,0,-0.29,0.58,79.88
7/4/2026 17:24,2.6,0.69,0,-0.31,0.53,69.69
7/4/2026 17:24,2.8,0.72,0,-0.33,0.49,5.66
7/4/2026 17:24,3.17,0.75,0,-0.35,0.42,32.06
7/4/2026 17:24,3.46,0.78,0,-0.37,0.37,67.95
7/4/2026 17:24,3.76,0.81,0,-0.39,0.32,72.4
7/4/2026 17:24,4.08,0.84,0,-0.41,0.28,13.19
7/4/2026 17:24,4.46,0.87,0,-0.43,0.24,16.37
7/4/2026 17:24,4.78,0.9,0,-0.39,0.22,15.93
7/4/2026 17:24,5.14,0.93,0,-0.35,0.22,15.57
7/4/2026 17:24,5.53,0.96,0,-0.31,0.22,34
7/4/2026 17:24,5.92,0.99,0,-0.27,0.23,19.06
7/4/2026 17:24,6.35,1,0,-0.23,0.25,30.06
7/4/2026 17:24,6.77,1,0,-0.19,0.28,84.51
7/4/2026 17:24,7.21,1,0,-0.15,0.32,52.19
7/4/2026 17:24,7.67,1,0,-0.11,0.37,67.95
7/4/2026 17:24,8.08,1,0,-0.07,0.43,100
7/4/2026 17:24,8.53,1,0,-0.03,0.49,65.47
7/4/2026 17:24,8.97,1,0,0,0.56,56.78
7/4/2026 17:24,9.42,1,0,0,0.64,65.9
7/4/2026 17:24,9.85,1,0,0.02,0.71,32.98
7/4/2026 17:24,10.26,1,0,0.04,0.79,57.32
7/4/2026 17:24,10.72,1,0,0.06,0.87,60.87
7/4/2026 17:24,11.14,1,0,0.02,0.93,41.27
7/4/2026 17:24,11.61,1,0,0,1.01,51.05
7/4/2026 17:24,12.07,1,0,0,1.08,29.96
7/4/2026 17:24,12.52,1,0,0,1.15,24.8
7/4/2026 17:24,12.96,1,0,0,1.23,100
7/4/2026 17:24,13.37,1,0,0,1.3,31.16
7/4/2026 17:24,13.78,1,0,0,1.37,31.11
7/4/2026 17:24,14.36,1,0,0,1.47,27.76
7/4/2026 17:24,14.83,1,0,0,1.56,49.98
7/4/2026 17:24,15.3,1,0,0,1.65,74.69
7/4/2026 17:24,15.72,1,0,0,1.74,49.89
7/4/2026 17:24,16.22,1,0,0,-1.66,100
7/4/2026 17:24,16.65,1,0,0,-1.57,26.74
7/4/2026 17:24,17.07,1,0,0,-1.47,42.37
7/4/2026 17:24,17.47,1,0,0,-1.38,65.96
7/4/2026 17:24,17.89,1,0,0,-1.28,30.12
7/4/2026 17:24,18.3,1,0,0,-1.18,26.07
7/4/2026 17:24,18.71,1,0,0,-1.08,40.24
7/4/2026 17:24,19.11,1,0,0.02,-0.98,44.17
7/4/2026 17:24,19.53,1,0,0.04,-0.88,40.28
7/4/2026 17:24,19.93,1,0,0.06,-0.78,94.57
7/4/2026 17:24,20.32,1,0,0.08,-0.69,100
7/4/2026 17:24,20.7,1,0,0.1,-0.62,29.18
7/4/2026 17:24,21.07,1,0,0.12,-0.57,39.85
7/4/2026 17:24,21.35,1,0,0.14,-0.56,31.13
7/4/2026 17:24,21.67,1,0,0.16,-0.57,67.51
7/4/2026 17:24,21.98,1,0,0.18,-0.64,86.99
7/4/2026 17:24,22.25,1,0,0.2,-0.77,47.65
7/4/2026 17:24,22.47,0,0,0.22,-0.94,31.97
7/4/2026 17:24,22.63,0,0,0.24,-1.07,25.04
7/4/2026 17:24,22.48,0.93,0,0.26,-1.11,48.54
7/4/2026 17:24,22.09,0.96,0,0.28,-1.06,26.59
7/4/2026 17:24,21.59,0.99,0,0.24,0.8,28.63
7/4/2026 17:24,21.18,1,0,0.2,0.14,26.99
7/4/2026 17:24,20.89,1,0,0.16,-0.38,25.2
7/4/2026 17:24,20.71,1,0,0.12,-0.33,27.69
7/4/2026 17:24,20.63,1,0,0.08,-0.1,27.56
7/4/2026 17:24,20.62,1,0,0.04,-0.12,29.43
7/4/2026 17:24,20.68,1,0,0,0.43,30.6
7/4/2026 17:24,20.83,1,0,0,0.67,44.45
7/4/2026 17:24,21.01,1,0,0,0.16,41.52
7/4/2026 17:24,21.25,1,0,0,-0.16,41.65
7/4/2026 17:24,21.52,1,0,0,0.36,34.86
7/4/2026 17:24,21.88,1,0,0,0.96,31.46
7/4/2026 17:24,22.23,1,0,0,0.2,57.33
7/4/2026 17:24,22.66,1,0,0.02,-1.56,52.13
7/4/2026 17:24,23.07,1,0,0.04,-1.12,22.54
7/4/2026 17:24,23.46,1,0,0.06,-0.71,21.66
7/4/2026 17:24,23.82,1,0,0.08,-0.35,28.04
7/4/2026 17:24,24.22,1,0,0.1,0.03,94.25
7/4/2026 17:24,24.57,1,0,0.06,-0.1,22.81
7/4/2026 17:24,24.94,1,0,0.02,0.57,90.53
7/4/2026 17:24,25.31,1,0,0,0.88,77.88
7/4/2026 17:24,25.71,1,0,0,1.13,91.81
7/4/2026 17:24,26.09,1,0,0,1.33,68.63
7/4/2026 17:24,26.47,1,0,0,1.5,57.5
7/4/2026 17:24,26.86,1,0,0,1.65,64.94
7/4/2026 17:24,27.23,1,0,0,1.78,68.8
7/4/2026 17:24,27.74,1,0,0,1.92,50.11
7/4/2026 17:24,28.13,1,0,0,2.02,59.67
7/4/2026 17:24,28.5,1,0,0,2.1,56.74
7/4/2026 17:24,28.91,1,0,0,2.2,63.13
7/4/2026 17:24,29.35,1,0,0.02,2.31,69.96
7/4/2026 17:24,29.73,1,0,0.04,2.4,52.65
7/4/2026 17:24,30.15,1,0,0.06,2.5,65.86
7/4/2026 17:24,30.51,1,0,0.08,2.56,34.82
7/4/2026 17:24,30.84,1,0,0.04,2.6,32
7/4/2026 17:24,31.19,1,0,0,2.61,29.88
7/4/2026 17:24,31.56,1,0,0.02,2.6,40.22
7/4/2026 17:24,31.89,1,0,0.04,2.56,55.8
7/4/2026 17:24,32.27,1,0,0.06,2.48,45.79
7/4/2026 17:24,32.56,1,0,0.08,2.37,37.19
7/4/2026 17:24,32.87,1,0,0.1,2.2,38.05
7/4/2026 17:24,33.21,1,0,0.12,1.93,28.77
7/4/2026 17:24,33.45,1,0,0.14,1.66,33.79
7/4/2026 17:24,33.65,1,0,0.16,1.29,25.86
7/4/2026 17:24,33.8,1,0,0.18,0.79,29.43
7/4/2026 17:24,33.87,0,0,0.2,-0.09,24.97
7/4/2026 17:24,33.85,0,0,0.22,-1.52,26.98
7/4/2026 17:24,33.6,0,0,0.24,-3.12,21.3
7/4/2026 17:24,33.03,0,0,0.26,1.38,40.26
7/4/2026 17:24,32.29,0,0,0.28,-0.52,100
7/4/2026 17:24,31.36,0,0,0.3,-0.49,22.13
7/4/2026 17:24,30.25,0,0,0.32,-0.68,24.6
7/4/2026 17:24,29.04,0.68,0,0.34,-1.07,61.34
7/4/2026 17:24,27.86,0.71,0,0.36,0.42,25.3
7/4/2026 17:24,26.48,0.74,0,0.32,-1.48,16.78
7/4/2026 17:24,25.3,0.77,0,0.28,-0.16,15.13
7/4/2026 17:24,24.13,0.8,0,0.26,1.09,13.74
7/4/2026 17:24,23.11,0.83,0,0.24,2.12,21.81
7/4/2026 17:24,22.1,0.86,0,0.22,3.04,20.56
7/4/2026 17:24,21.1,0.89,0,0.2,3.83,74.88
7/4/2026 17:24,7.11,0.92,0,0.18,3.67,16.33
7/4/2026 17:24,6.94,0.95,0,0.16,3.38,11.41
7/4/2026 17:24,6.77,0.98,0,0.14,3.12,13.65
7/4/2026 17:24,6.64,1,0,0.12,2.88,13.29
7/4/2026 17:24,6.67,1,0,0.1,2.67,16.03
7/4/2026 17:24,6.35,1,0,0.08,2.45,41.1
7/4/2026 17:24,5.54,1,0,0.04,2.4,55.7
7/4/2026 17:24,6.1,1,0,0,2.57,22.65
7/4/2026 17:24,7.01,1,0,0,2.8,22.39
7/4/2026 17:24,8.01,1,0,0,3.14,24.85
7/4/2026 17:24,8.91,1,0,0,3.6,21.03
7/4/2026 17:24,9.73,1,0,0,4.06,20.36
7/4/2026 17:24,10.5,1,0,0,4.59,25.65
7/4/2026 17:24,10.97,1,0,0.02,5.14,19.06
7/4/2026 17:24,11.52,1,0,0.04,5.7,18.22
7/4/2026 17:24,11.93,1,0,0.06,6.25,20.79
7/4/2026 17:24,12.42,1,0,0.02,6.87,16.98
7/4/2026 17:24,12.9,1,0,0.04,7.5,45.49
7/4/2026 17:24,13.37,1,0,0.06,8.17,18.29
7/4/2026 17:24,13.8,1,0,0.08,8.84,17.41
7/4/2026 17:24,14.24,1,0,0.1,9.55,16.44
7/4/2026 17:24,14.58,1,0,0.12,10.12,15.3
7/4/2026 17:24,14.05,1,0,0.14,11.05,14.43
7/4/2026 17:24,14.52,1,0,0.16,11.79,40.26
7/4/2026 17:24,14.92,1,0,0.18,12.44,38.06
7/4/2026 17:24,15.28,1,0,0.2,13.06,38.45
7/4/2026 17:24,15.63,1,0,0.22,13.67,47.9
7/4/2026 17:24,15.95,1,0,0.24,14.27,16.1
7/4/2026 17:24,16.26,1,0,0.26,14.86,44.09
7/4/2026 17:24,16.54,1,0,0.22,15.41,49.05
7/4/2026 17:24,16.83,1,0,0.18,15.89,19.78
7/4/2026 17:24,17.15,1,0,0.2,16.34,18.4
7/4/2026 17:24,17.5,1,0,0.22,16.82,41.08
7/4/2026 17:24,17.74,1,0,0.18,17.13,19.36
7/4/2026 17:24,18,1,0,0.14,17.34,23.01
7/4/2026 17:24,18.32,1,0,0.1,17.5,16.78
7/4/2026 17:24,18.61,1,0,0.06,17.56,23.54
7/4/2026 17:24,19.01,1,0,0.02,17.55,31.79
7/4/2026 17:24,19.44,1,0,0,17.46,20.46
7/4/2026 17:24,19.89,1,0,-0.02,17.3,53.86
7/4/2026 17:24,20.3,1,0,-0.04,17.11,24.89
7/4/2026 17:24,20.74,1,0,-0.06,16.87,32.03
7/4/2026 17:24,21.15,1,0,-0.08,16.62,30.6
7/4/2026 17:24,21.55,1,0,-0.1,16.37,23.49
7/4/2026 17:24,21.96,1,0,-0.12,16.11,100
7/4/2026 17:24,22.36,1,0,-0.14,15.86,10.63
7/4/2026 17:24,22.66,1,0,-0.16,15.69,100
7/4/2026 17:24,22.98,1,0,-0.12,15.54,36.4
7/4/2026 17:24,23.29,1,0,-0.08,15.44,24.4
7/4/2026 17:24,23.6,1,0,-0.04,15.4,34.2
7/4/2026 17:24,23.93,1,0,0,15.41,25.87
7/4/2026 17:24,24.27,1,0,0.02,15.46,28.91
7/4/2026 17:24,24.65,1,0,0.04,15.57,27.21
7/4/2026 17:24,25.06,1,0,0.06,15.73,22.86
7/4/2026 17:24,25.42,1,0,0.08,15.9,76.13
7/4/2026 17:24,25.81,1,0,0.1,16.1,23.82
7/4/2026 17:24,26.19,1,0,0.06,16.31,72.82
7/4/2026 17:24,26.57,1,0,0.02,16.5,40.91
7/4/2026 17:24,26.92,1,0,0,16.68,31.3
7/4/2026 17:24,27.22,1,0,-0.02,16.82,68.01
7/4/2026 17:24,27.77,1,0,-0.04,17.07,27.97
7/4/2026 17:24,28.2,1,0,-0.06,17.24,85.55
7/4/2026 17:24,28.55,1,0,-0.02,17.38,44.14
7/4/2026 17:24,28.94,1,0,0,17.53,58.83
7/4/2026 17:24,29.34,1,0,0,17.69,57.57
7/4/2026 17:24,29.72,1,0,0,17.85,55.67
7/4/2026 17:24,30.09,1,0,0,18.01,22.96
7/4/2026 17:24,30.58,1,0,0.02,18.25,51.21
7/4/2026 17:24,30.94,1,0,0.04,18.42,25.89
7/4/2026 17:24,31.31,1,0,0.06,18.61,25.5
7/4/2026 17:24,31.68,1,0,0.02,18.8,29.58
7/4/2026 17:24,32.02,1,0,0,18.96,45.87
7/4/2026 17:24,32.34,1,0,0,19.11,39.52
7/4/2026 17:24,32.69,1,0,0,19.26,30.65
7/4/2026 17:24,33.07,1,0,0,19.42,26.54
7/4/2026 17:24,33.6,1,0,0,19.61,31.91
7/4/2026 17:24,33.95,1,0,0,19.72,28.97
7/4/2026 17:24,11.82,1,0,0.02,20.23,41.66
7/4/2026 17:24,11.48,1,0,0.04,21.05,31.8
7/4/2026 17:24,10.06,1,0,0,22.13,15.92
7/4/2026 17:24,8.18,1,0,0,22.78,16.13
7/4/2026 17:24,6.03,1,0,0,23.35,39.93
7/4/2026 17:24,4.38,1,0,0,23.65,17.1
7/4/2026 17:24,2.83,1,0,0,23.83,11.61
7/4/2026 17:24,1.07,1,0,0,23.93,17.16
7/4/2026 17:24,0.7,1,0,0,23.93,16.77
7/4/2026 17:24,2.51,1,0,0,23.82,16.74
7/4/2026 17:24,3.93,1,0,0,23.62,16.73
7/4/2026 17:24,5.1,1,0,0,23.32,16.22
7/4/2026 17:24,6.03,1,0,0,22.94,11.59
7/4/2026 17:24,6.64,1,0,0,22.59,15.44
7/4/2026 17:24,7.2,1,0,0,22.16,9.63
7/4/2026 17:24,7.71,1,0,0,21.7,14.5
7/4/2026 17:24,8.1,1,0,0,21.31,14.15
7/4/2026 17:24,8.54,1,0,0,20.82,13.6
7/4/2026 17:24,9.01,1,0,-0.02,20.25,12.96
7/4/2026 17:24,9.46,0,0,-0.04,19.67,32.35
7/4/2026 17:24,9.85,0,0,-0.06,19.07,11.76
7/4/2026 17:24,10.03,0,0,-0.08,18.46,10.97
7/4/2026 17:24,9.99,0,0,-0.1,17.79,10.58
7/4/2026 17:24,9.76,0,0,-0.12,16.91,9.38
7/4/2026 17:24,9.52,0,0,-0.14,16.26,8.78
7/4/2026 17:24,9.28,0,0,-0.16,15.68,7.87
7/4/2026 17:24,9.02,0,0,-0.18,15.07,7.4
7/4/2026 17:24,8.74,0,0,-0.2,14.43,6.81
7/4/2026 17:24,8.44,0,0,-0.22,13.73,6.04
7/4/2026 17:24,8.27,0,0,-0.24,13.36,5.73
7/4/2026 17:24,0.42,0,0,-0.26,13.45,6.19
7/4/2026 17:24,0.09,0,0,-0.28,13.47,5.82
7/4/2026 17:24,0.1,0.03,0,-0.3,13.47,6.65
7/4/2026 17:24,0.08,0.06,0,-0.28,13.47,5.8
7/4/2026 17:24,0.05,0.09,0,-0.26,13.46,5.81
7/4/2026 17:24,0.04,0.12,0,-0.24,13.46,37.6
7/4/2026 17:24,0.02,0.15,0,-0.22,13.46,5.79
7/4/2026 17:24,0.01,0.18,0,-0.2,13.46,5.88
7/4/2026 17:24,0.01,0.21,0,-0.18,13.46,100
7/4/2026 17:24,0.03,0.24,0,-0.16,13.47,33.02
7/4/2026 17:24,0.04,0.27,0,-0.14,13.47,5.81
7/4/2026 17:24,0.05,0.3,0,-0.12,13.47,6.18
7/4/2026 17:24,0.05,0.33,0,-0.1,13.47,6.19
7/4/2026 17:24,0.16,0.36,0,-0.08,13.48,32.14
7/4/2026 17:24,0.25,0.39,0,-0.06,13.5,5.8
7/4/2026 17:24,0.25,0.42,0,-0.04,13.51,5.89
7/4/2026 17:24,0.37,0.45,0,-0.02,13.53,5.91
7/4/2026 17:24,0.55,0.48,0,0,13.56,5.87
7/4/2026 17:24,0.69,0.51,0,0.02,13.6,5.95
7/4/2026 17:24,0.72,0.54,0,0.04,13.66,6.04
7/4/2026 17:24,0.99,0.57,0,0.06,13.73,6.05
7/4/2026 17:24,1.3,0.6,0,0.08,13.8,6.15
7/4/2026 17:24,1.4,0.63,0,0.1,13.89,39.66
7/4/2026 17:24,1.63,0.66,0,0.12,14,6.88
7/4/2026 17:24,1.74,0.69,0,0.14,14.11,6.51
7/4/2026 17:24,2.04,0.72,0,0.16,14.25,7.11
7/4/2026 17:24,2.33,0,0,0.18,14.47,7.66
7/4/2026 17:24,2.55,0,0,0.2,14.68,30.31
7/4/2026 17:24,2.48,0,0,0.22,14.83,27.63
7/4/2026 17:24,2.29,0,0,0.24,15,63.39
7/4/2026 17:24,2.1,0,0,0.26,15.13,39.34
7/4/2026 17:24,1.91,0,0,0.28,15.25,40.79
7/4/2026 17:24,1.72,0.03,0,0.26,15.37,39.48
7/4/2026 17:24,0.85,0.06,0,0.24,15.45,39.55
7/4/2026 17:24,0.48,0.09,0,0.22,15.49,39.71
7/4/2026 17:24,0.27,0.12,0,0.2,15.52,39.62
7/4/2026 17:24,0.18,0.15,0,0.18,15.53,39.73
7/4/2026 17:24,0.11,0.18,0,0.16,15.54,33.51
7/4/2026 17:24,0.05,0.21,0,0.14,15.55,28.32
7/4/2026 17:24,0.01,0.24,0,0.12,15.55,41.12
7/4/2026 17:24,0.04,0.27,0,0.1,15.55,39.86
7/4/2026 17:24,0.15,0.3,0,0.08,15.54,39.65
7/4/2026 17:24,0.25,0.33,0,0.06,15.52,39.62
7/4/2026 17:24,0.38,0.36,0,0.04,15.5,39.61
7/4/2026 17:24,0.48,0.39,0,0.02,15.47,33.93
7/4/2026 17:24,0.62,0.42,0,0,15.43,39.53
7/4/2026 17:24,0.85,0.45,0,-0.02,15.36,39.49
7/4/2026 17:24,1.04,0.48,0,-0.04,15.29,39.49
7/4/2026 17:24,1.24,0.51,0,-0.06,15.22,39.32
7/4/2026 17:24,1.45,0.54,0,-0.08,15.13,39.33
7/4/2026 17:24,1.68,0.57,0,-0.04,14.99,39.19
7/4/2026 17:24,1.92,0.6,0,0,14.86,38.94
7/4/2026 17:24,2.16,0.63,0,0,14.71,30.44
7/4/2026 17:24,2.43,0.66,0,-0.02,14.55,38.78
7/4/2026 17:24,2.75,0.69,0,-0.04,14.34,38.44
7/4/2026 17:24,3.02,0.72,0,-0.06,14.15,38.3
7/4/2026 17:24,3.28,0.75,0,-0.08,13.95,27.86
7/4/2026 17:24,3.56,0.78,0,-0.1,13.73,38.39
7/4/2026 17:24,3.86,0.81,0,-0.12,13.48,37.71
7/4/2026 17:24,4.17,0.84,0,-0.14,13.22,26.4
7/4/2026 17:24,0.19,0.87,0,-0.16,13.16,37.64
7/4/2026 17:24,0.71,0.9,0,-0.18,13.14,37.33
7/4/2026 17:24,0.12,0.93,0,-0.2,13.12,33.85
7/4/2026 17:24,0.04,0.96,0,-0.22,13.11,27.14
7/4/2026 17:24,0.05,0.99,0,-0.24,13.11,36.36
7/4/2026 17:24,0.05,0,0,-0.26,13.11,37.24
7/4/2026 17:24,0.04,0,0,-0.22,13.11,26.34
7/4/2026 17:24,0.02,0,0,-0.2,13.11,36.66
7/4/2026 17:24,0.01,0.03,0,-0.18,13.11,27.56
7/4/2026 17:24,0.01,0.06,0,-0.16,13.11,37.31
7/4/2026 17:24,0.01,0.09,0,-0.14,13.11,37.23
7/4/2026 17:24,0.01,0.12,0,-0.12,13.12,29.18
7/4/2026 17:24,0.01,0.15,0,-0.1,13.12,37.32
7/4/2026 17:24,0.02,0.18,0,-0.08,13.12,37.79
7/4/2026 17:24,0.03,0.21,0,-0.06,13.12,37.3
7/4/2026 17:24,0.04,0.24,0,-0.04,13.12,28.78
7/4/2026 17:24,0.04,0.27,0,-0.02,13.12,37.21
7/4/2026 17:24,0.05,0.3,0,0,13.13,37.21
7/4/2026 17:24,0.05,0.33,0,0.02,13.13,29.2
7/4/2026 17:24,0.05,0.36,0,0.04,13.14,31.02
7/4/2026 17:24,0.06,0.39,0,0.06,13.14,37.4
7/4/2026 17:24,0.07,0.42,0,0.08,13.14,37.23
7/4/2026 17:24,0.42,0.45,0,0.1,13.16,37.34
7/4/2026 17:24,0.64,0.48,0,0.12,13.2,37.37
7/4/2026 17:24,0.74,0.51,0,0.14,13.25,37.34
7/4/2026 17:24,0.92,0.54,0,0.16,13.3,26.17
7/4/2026 17:24,1.1,0.57,0,0.18,13.37,28.4
7/4/2026 17:24,1.28,0.6,0,0.2,13.44,26.65
7/4/2026 17:24,1.4,0.63,0,0.22,13.53,27.48
7/4/2026 17:24,1.56,0.66,0,0.24,13.64,37.82
7/4/2026 17:24,1.89,0.69,0,0.26,13.75,37.98
7/4/2026 17:24,2.15,0.72,0,0.28,13.87,28.71
7/4/2026 17:24,2.39,0.75,0,0.3,14.03,27.57
7/4/2026 17:24,2.61,0.78,0,0.32,14.2,28.33
7/4/2026 17:24,2.83,0.81,0,0.34,14.38,29.31
7/4/2026 17:24,3.1,0,0,0.36,14.62,29.5
7/4/2026 17:24,3.26,0,0,0.38,14.83,39.67
7/4/2026 17:24,3.17,0,0,0.4,15.04,39.85
7/4/2026 17:24,2.87,0.03,0,0.36,15.29,30.34
7/4/2026 17:24,1.33,0.06,0,0.32,15.44,39.97
7/4/2026 17:24,0.59,0.09,0,0.28,15.51,30.3
7/4/2026 17:24,0.37,0.12,0,0.24,15.54,30.29
7/4/2026 17:24,0.23,0.15,0,0.2,15.56,39.85
7/4/2026 17:24,0.15,0.18,0,0.16,15.57,39.49
7/4/2026 17:24,0.1,0.21,0,0.12,15.58,39.51
7/4/2026 17:24,0.04,0.24,0,0.08,15.58,30.52
7/4/2026 17:24,0.07,0.27,0,0.04,15.58,29.78
7/4/2026 17:24,0.14,0.3,0,0,15.58,40.09
7/4/2026 17:24,0.23,0.33,0,0,15.56,30.68
7/4/2026 17:24,0.37,0.36,0,0,15.55,40.5
7/4/2026 17:24,0.51,0.39,0,0,15.52,40.35
7/4/2026 17:24,0.57,0.42,0,0,15.5,31.19
7/4/2026 17:24,0.79,0.45,0,0,15.44,51.05
7/4/2026 17:24,0.93,0.48,0,0,15.38,39.97
7/4/2026 17:24,1.13,0.51,0,0,15.32,39.24
7/4/2026 17:24,1.33,0.54,0,0,15.24,39.14
7/4/2026 17:24,1.54,0.57,0,0,15.14,39.7
7/4/2026 17:24,1.75,0.6,0,0,15.05,39.58
7/4/2026 17:24,2.01,0.63,0,0,14.93,30.54
7/4/2026 17:24,2.27,0.66,0,0.02,14.78,29.68
7/4/2026 17:24,2.5,0.69,0,0.04,14.65,29.72
7/4/2026 17:24,2.68,0.72,0,0.06,14.53,38.97
7/4/2026 17:24,2.96,0.75,0,0.08,14.34,38.43
7/4/2026 17:24,3.27,0.78,0,0.04,14.13,37.99
7/4/2026 17:24,3.54,0.81,0,0,13.93,27.91
7/4/2026 17:24,3.86,0.84,0,0,13.69,38.21
7/4/2026 17:24,4.26,0.87,0,0,13.38,37.21
7/4/2026 17:24,4.61,0.9,0,0,13.09,28.03
7/4/2026 17:24,4.97,0.93,0,0,12.79,36.53
7/4/2026 17:24,5.34,0.96,0,0,12.46,27.63
7/4/2026 17:24,5.8,0.99,0,0,12.05,32.66
7/4/2026 17:24,6.24,1,0,0,11.63,26.51
7/4/2026 17:24,6.71,1,0,0,11.14,26.1
7/4/2026 17:24,7.21,1,0,0,10.65,35.03
7/4/2026 17:24,7.67,1,0,-0.02,10.17,33.86
7/4/2026 17:24,8.09,1,0,-0.04,9.69,33.81
7/4/2026 17:24,8.54,1,0,-0.06,9.16,33.69
7/4/2026 17:24,8.95,1,0,-0.08,8.64,32.88
7/4/2026 17:24,9.38,1,0,-0.1,8.06,32.24
7/4/2026 17:24,9.8,1,0,-0.06,7.47,22.45
7/4/2026 17:24,10.24,1,0,-0.02,6.86,21.41
7/4/2026 17:24,10.7,1,0,0,6.18,30.22
7/4/2026 17:24,11,1,0,-0.02,5.51,20.03
7/4/2026 17:24,11.12,1,0,-0.04,4.88,19.37
7/4/2026 17:24,11.53,1,0,-0.06,4.18,17.8
7/4/2026 17:24,12.12,1,0,-0.08,3.45,11.36
7/4/2026 17:24,12.47,1,0,-0.1,2.69,16.81
7/4/2026 17:24,12.53,1,0,-0.12,1.97,16.27
7/4/2026 17:24,12.98,1,0,-0.14,1.22,17.79
7/4/2026 17:24,13.58,1,0,-0.16,0.44,17.36
7/4/2026 17:24,14.09,1,0,-0.18,-0.36,23.7
7/4/2026 17:24,14.56,1,0,-0.2,-1.17,25.32
7/4/2026 17:24,14.99,1,0,-0.22,1.48,24.75
7/4/2026 17:24,15.52,1,0,-0.24,0.34,35.86
7/4/2026 17:24,15.84,1,0,-0.26,-0.39,47.44
7/4/2026 17:24,16.13,1,0,-0.22,-1.1,60.94
7/4/2026 17:24,16.46,1,0,-0.18,-1.72,27.14
7/4/2026 17:24,16.82,1,0,-0.14,-1.09,54.42
7/4/2026 17:24,17.18,1,0,-0.12,-0.56,48.3
7/4/2026 17:24,17.53,1,0,-0.1,-0.17,32.54
7/4/2026 17:24,17.91,1,0,-0.08,0.21,34.74
7/4/2026 17:24,18.3,1,0,-0.06,0.43,76.73
7/4/2026 17:24,18.68,1,0,-0.04,0.56,32.75
7/4/2026 17:24,19.05,1,0,-0.02,0.58,27.87
7/4/2026 17:24,19.47,1,0,0,0.52,57.61
7/4/2026 17:24,19.88,1,0,0.02,0.4,55.72
7/4/2026 17:24,20.28,1,0,0.04,0.19,53.79
7/4/2026 17:24,20.72,1,0,0.06,-0.11,52.32
7/4/2026 17:24,21.12,1,0,0.08,-0.44,52.31
7/4/2026 17:24,21.53,1,0,0.1,-0.85,45.13
7/4/2026 17:24,21.89,1,0,0.12,-1.24,26.52
7/4/2026 17:24,22.26,1,0,0.14,-1.71,19.99
7/4/2026 17:24,22.61,1,0,0.16,-1.29,26.84
7/4/2026 17:24,22.91,1,0,0.18,-0.8,25.91
7/4/2026 17:24,23.16,1,0,0.2,-0.33,26.46
7/4/2026 17:24,23.37,1,0,0.22,0.15,25
7/4/2026 17:24,23.54,1,0,0.24,0.62,29.32
7/4/2026 17:24,23.64,1,0,0.26,1.05,29.5
7/4/2026 17:24,23.69,1,0,0.28,1.52,27.26
7/4/2026 17:24,23.64,1,0,0.24,-1.6,21.98
7/4/2026 17:24,23.59,1,0,0.2,-1.34,31.92
7/4/2026 17:24,23.54,1,0,0.16,-1.16,36.2
7/4/2026 17:24,23.47,1,0,0.12,-0.97,38.96
7/4/2026 17:24,23.39,1,0,0.08,-0.85,42.42
7/4/2026 17:24,23.31,1,0,0.04,-0.83,40.54
7/4/2026 17:24,23.21,1,0,0,-0.86,30.4
7/4/2026 17:24,23.15,1,0,0,-0.93,41.72
7/4/2026 17:24,23.09,1,0,0,-1.09,98.11
7/4/2026 17:24,23,1,0,-0.02,-1.36,81.09
7/4/2026 17:24,22.97,1,0,-0.04,-1.62,41.06
7/4/2026 17:24,22.98,1,0,-0.06,1.53,26.66
7/4/2026 17:24,23.05,1,0,-0.08,1.13,25.38
7/4/2026 17:24,23.19,1,0,-0.1,0.66,57.15
7/4/2026 17:24,23.4,1,0,-0.12,0.16,38.69
7/4/2026 17:24,23.72,1,0,-0.14,-0.4,29.35
7/4/2026 17:24,24.11,1,0,-0.16,-0.96,22.89
7/4/2026 17:24,24.58,1,0,-0.18,-1.57,31.08
7/4/2026 17:24,25.05,1,0,-0.2,-1.38,47.69
7/4/2026 17:24,25.5,1,0,-0.16,-0.85,63.75
7/4/2026 17:24,25.87,1,0,-0.12,-0.45,28.53
7/4/2026 17:24,26.2,1,0,-0.08,-0.09,100
7/4/2026 17:24,26.51,1,0,-0.04,0.24,100
7/4/2026 17:24,26.81,1,0,0,0.5,39.03
7/4/2026 17:24,27.09,1,0,0.02,0.69,75.28
7/4/2026 17:24,27.39,1,0,0.04,0.83,100
7/4/2026 17:24,27.71,1,0,0.06,0.89,30.91
7/4/2026 17:24,28.16,0,0,0.08,0.88,100
7/4/2026 17:24,28.55,0,0,0.1,0.82,100
7/4/2026 17:24,28.67,0,0,0.12,0.75,26.63
7/4/2026 17:24,28.5,0,0,0.14,0.67,100
7/4/2026 17:24,28.09,0,0,0.16,0.61,100
7/4/2026 17:24,27.48,0,0,0.18,0.61,30.62
7/4/2026 17:24,26.72,0,0,0.2,0.68,29.83
7/4/2026 17:24,25.79,0,0,0.22,0.85,23.32
7/4/2026 17:24,24.91,0,0,0.24,1.1,36.5
7/4/2026 17:24,24.05,0,0,0.26,1.4,27.32
7/4/2026 17:24,23.12,0,0,0.28,-1.72,32.06
7/4/2026 17:24,22.19,0,0,0.3,-1.3,31.07
7/4/2026 17:24,21.17,0,0,0.32,-0.77,26.51
7/4/2026 17:24,20.11,0,0,0.34,-0.18,24.97
7/4/2026 17:24,19.03,0,0,0.36,0.46,30.42
7/4/2026 17:24,17.95,0,0,0.38,-0.35,29.09
7/4/2026 17:24,16.84,0,0,0.4,-1.5,6.43
7/4/2026 17:24,15.72,0,0,0.42,0.79,5.4
7/4/2026 17:24,14.67,0,0,0.44,-0.16,10.55
7/4/2026 17:24,13.62,0,0,0.46,-0.9,37.17
7/4/2026 17:24,12.65,0,0,0.48,-1.53,13.7
7/4/2026 17:24,11.65,0,0,0.5,-2.07,6.77
7/4/2026 17:24,10.76,0,0,0.52,-2.45,5.94
7/4/2026 17:24,9.98,0,0,0.54,-2.68,95.48
7/4/2026 17:24,6.55,0,0,0.55,-2.71,100
7/4/2026 17:24,6.44,0,0,0.55,-2.64,87.27
7/4/2026 17:24,6.29,0,0,0.55,-2.53,44.19
7/4/2026 17:24,6.11,0,0,0.55,-2.37,43.72
7/4/2026 17:24,5.89,0,0,0.55,-2.13,48.58
7/4/2026 17:24,5.78,0,0,0.55,-1.9,43.16
7/4/2026 17:24,5.47,0,0,0.53,-1.69,45.95
7/4/2026 17:24,5.32,0.03,0,0.51,-1.51,21.68
7/4/2026 17:24,5.13,0.06,0,0.49,-1.19,27.88
7/4/2026 17:24,4.98,0.09,0,0.47,-0.9,30.88
7/4/2026 17:24,4.83,0.12,0,0.45,-0.63,10.4
7/4/2026 17:24,4.71,0.15,0,0.43,-0.29,32.88
7/4/2026 17:24,4.64,0.18,0,0.41,-0.05,34.14
7/4/2026 17:24,4.59,0.21,0,0.39,0.22,36.81
7/4/2026 17:24,4.56,0.24,0,0.37,0.48,36.11
7/4/2026 17:24,4.54,0.27,0,0.35,0.74,37.58
7/4/2026 17:24,4.54,0.3,0,0.33,0.96,7.37
7/4/2026 17:24,4.56,0.33,0,0.31,1.25,40.06
7/4/2026 17:24,4.6,0.36,0,0.29,1.6,30.43
7/4/2026 17:24,4.65,0.39,0,0.27,-1.62,36.86
7/4/2026 17:24,4.71,0.42,0,0.25,-1.31,36.55
7/4/2026 17:24,4.79,0.45,0,0.23,-1.02,30.19
7/4/2026 17:24,4.88,0.48,0,0.21,-0.72,39.78
7/4/2026 17:24,4.99,0.51,0,0.19,-0.41,40.09
7/4/2026 17:24,5.12,0.54,0,0.17,-0.08,33.33
7/4/2026 17:24,5.25,0.57,0,0.13,0.1,32.35
7/4/2026 17:24,5.42,0.6,0,0.09,0.43,38.4
7/4/2026 17:24,5.58,0.63,0,0.05,0.78,38.26
7/4/2026 17:24,5.77,0.66,0,0.01,1.16,31.11
7/4/2026 17:24,6.01,0.69,0,0,1.62,21.14
7/4/2026 17:24,6.24,0.72,0,0,2.06,30.27
7/4/2026 17:24,6.47,0.75,0,0.02,2.47,28.78
7/4/2026 17:24,6.7,0.78,0,0.04,2.88,29.84
7/4/2026 17:24,6.91,0.81,0,0.06,3.43,28.44
7/4/2026 17:24,7.18,0.84,0,0.08,3.89,35.76
7/4/2026 17:24,7.56,0.87,0,0.1,4.5,27.39
7/4/2026 17:24,7.9,0.9,0,0.12,5.04,34.67
7/4/2026 17:24,8.21,0.93,0,0.14,5.54,26.4
7/4/2026 17:24,8.43,0.96,0,0.16,6.05,35.48
7/4/2026 17:24,8.68,0.99,0,0.18,6.58,26.7
7/4/2026 17:24,9.06,1,0,0.2,7.15,26.58
7/4/2026 17:24,9.45,1,0,0.22,7.75,27.3
7/4/2026 17:24,9.85,1,0,0.24,8.4,27.06
7/4/2026 17:24,10.25,1,0,0.2,9.04,27.73
7/4/2026 17:24,10.68,1,0,0.16,9.73,27.4
7/4/2026 17:24,11.09,1,0,0.12,10.36,42.4
7/4/2026 17:24,11.55,1,0,0.08,11.07,39.45
7/4/2026 17:24,11.96,1,0,0.04,11.71,25.36
7/4/2026 17:24,12.43,1,0,0,12.4,50.93
7/4/2026 17:24,12.85,1,0,0,12.57,39.37
7/4/2026 17:24,13.26,1,0,0,12.38,58.73
7/4/2026 17:24,13.69,1,0,0,12.17,52
7/4/2026 17:24,14.1,1,0,0.02,11.95,39.9
7/4/2026 17:24,14.53,1,0,0.04,11.71,70.26
7/4/2026 17:24,14.91,1,0,0.06,11.48,67.89
7/4/2026 17:24,15.34,1,0,0.02,11.21,41.88
7/4/2026 17:24,15.77,1,0,0,10.91,85.11
7/4/2026 17:24,16.11,1,0,0,10.68,46.54
7/4/2026 17:24,16.62,1,0,0,10.3,83.82
7/4/2026 17:24,17.03,1,0,0,9.99,58.42
7/4/2026 17:24,17.45,1,0,0,9.65,80.21
7/4/2026 17:24,17.88,1,0,0,9.3,79.6
7/4/2026 17:24,18.31,1,0,0,8.93,53.15
7/4/2026 17:24,18.72,1,0,0,8.56,58.01
7/4/2026 17:24,19.12,1,0,0,8.18,38.28
7/4/2026 17:24,19.6,1,0,0,7.73,55.29
7/4/2026 17:24,20.07,1,0,0,7.27,48.59
7/4/2026 17:24,20.42,1,0,0,6.93,67.06
7/4/2026 17:24,20.85,1,0,-0.02,6.5,29.06
7/4/2026 17:24,21.24,1,0,-0.04,6.11,49.66
7/4/2026 17:24,21.65,1,0,-0.06,5.7,28.96
7/4/2026 17:24,21.95,1,0,-0.08,5.25,35.79
7/4/2026 17:24,22.25,1,0,-0.1,4.46,21.86
7/4/2026 17:24,22.48,1,0,-0.12,3.9,21.09
7/4/2026 17:24,22.77,1,0,-0.14,3.22,57.87
7/4/2026 17:24,22.98,1,0,-0.16,2.49,23.01
7/4/2026 17:24,23.16,1,0,-0.18,1.87,18.2
7/4/2026 17:24,23.52,1,0,-0.2,1.22,21.48
7/4/2026 17:24,23.82,1,0,-0.22,0.59,40.32
7/4/2026 17:24,24.05,1,0,-0.24,-0.17,59.43
7/4/2026 17:24,24.21,1,0,-0.26,-0.69,46.26
7/4/2026 17:24,24.31,1,0,-0.28,-1.3,46.05
7/4/2026 17:24,24.32,1,0,-0.3,1.61,52.6
7/4/2026 17:24,24.25,1,0,-0.32,1.03,58.24
7/4/2026 17:24,24.1,1,0,-0.34,0.5,26.92
7/4/2026 17:24,23.88,1,0,-0.3,0.08,65.89
7/4/2026 17:24,23.62,1,0,-0.26,-0.41,60.62
7/4/2026 17:24,23.3,1,0,-0.22,-0.8,44.67
7/4/2026 17:24,22.98,1,0,-0.24,-1.1,26.12
7/4/2026 17:24,22.6,1,0,-0.2,-1.34,40.4
7/4/2026 17:24,22.21,1,0,-0.16,-1.51,75.18
7/4/2026 17:24,21.77,1,0,-0.12,-1.63,77.2
7/4/2026 17:24,21.3,1,0,-0.08,-1.68,38.83
7/4/2026 17:24,20.82,1,0,-0.04,-1.66,42.63
7/4/2026 17:24,20.34,1,0,0,-1.58,16.06
7/4/2026 17:24,19.81,1,0,0,-1.42,21.32
7/4/2026 17:24,19.28,1,0,0,-1.21,35.77
7/4/2026 17:24,18.78,1,0,0,-0.98,9.57
7/4/2026 17:24,17.84,1,0,0,-0.48,8.28
7/4/2026 17:24,17.11,1,0,0,-0.08,20.2
7/4/2026 17:24,16.34,1,0,0,0.47,16.85
7/4/2026 17:24,15.58,1,0,0,1,13.35
7/4/2026 17:24,14.77,1,0,0,1.61,12.46
7/4/2026 17:24,13.85,1,0,-0.02,-1.18,10.99
7/4/2026 17:24,13.16,1,0,-0.04,-0.6,10.31
7/4/2026 17:24,12.1,1,0,-0.06,0.34,9.6
7/4/2026 17:24,11.43,1,0,-0.08,0.99,9.07
7/4/2026 17:24,10.66,1,0,-0.1,1.75,8.63
7/4/2026 17:24,4.53,1,0,-0.12,2.34,8.51
7/4/2026 17:24,3.88,1,0,-0.14,2.25,9.37
7/4/2026 17:24,2.57,1,0,-0.16,2.19,10.71
7/4/2026 17:24,1.18,1,0,-0.18,2.18,11.33
7/4/2026 17:24,0.71,1,0,-0.2,2.2,11.49
7/4/2026 17:24,2.63,1,0,-0.22,2.27,11.14
7/4/2026 17:24,3.88,1,0,-0.24,2.4,13.74
7/4/2026 17:24,4.72,1,0,-0.26,2.54,66.84
7/4/2026 17:24,5.2,1,0,-0.28,2.7,52.18
7/4/2026 17:24,5.71,1,0,-0.3,2.85,82.29
7/4/2026 17:24,6.25,1,0,-0.32,3,21.4
7/4/2026 17:24,6.7,1,0,-0.34,3.14,61.78
7/4/2026 17:24,7.12,1,0,-0.36,3.26,51.29
7/4/2026 17:24,7.54,1,0,-0.32,3.37,48.57
7/4/2026 17:24,8,1,0,-0.28,3.42,74.64
7/4/2026 17:24,8.47,1,0,-0.26,3.47,68.16
7/4/2026 17:24,8.86,1,0,-0.24,3.48,65.18
7/4/2026 17:24,9.26,1,0,-0.22,3.45,42.51
7/4/2026 17:24,9.51,1,0,-0.2,3.39,38.48
7/4/2026 17:24,9.85,1,0,-0.18,3.29,37.8
7/4/2026 17:24,10.34,1,0,-0.16,3.17,39.43
7/4/2026 17:24,10.76,1,0,-0.14,2.98,36.81
7/4/2026 17:24,11.29,1,0,-0.12,2.72,33.4
7/4/2026 17:24,11.73,1,0,-0.1,2.47,24.59
7/4/2026 17:24,12.23,1,0,-0.08,2.08,24.46
7/4/2026 17:24,12.79,1,0,-0.06,1.58,32.07
7/4/2026 17:24,13.21,1,0,-0.04,1.15,49.2
7/4/2026 17:24,13.66,1,0,-0.02,0.68,48.38
7/4/2026 17:24,14.08,1,0,0,0.15,47.49
7/4/2026 17:24,14.5,1,0,0.02,-0.46,47.42
7/4/2026 17:24,14.92,1,0,0.04,-1.03,22.79
7/4/2026 17:24,15.35,1,0,0.06,-1.68,44.47
7/4/2026 17:24,15.76,0,0,0.08,1.16,31.34
7/4/2026 17:24,16.14,0,0,0.1,0.47,25.59
7/4/2026 17:24,16.3,0,0,0.12,-0.24,41.36
7/4/2026 17:24,16.21,0,0,0.14,-0.9,26.05
7/4/2026 17:24,15.96,0,0,0.16,-1.62,21.6
7/4/2026 17:24,15.63,0,0,0.18,-1.25,23.42
7/4/2026 17:24,15.21,0,0,0.2,-0.58,25.66
7/4/2026 17:24,14.8,0,0,0.22,-0.03,58.06
7/4/2026 17:24,14.39,0,0,0.24,0.49,19.03
7/4/2026 17:24,13.93,0.58,0,0.26,0.99,17.58
7/4/2026 17:24,13.5,0.61,0,0.28,1.43,16.7
7/4/2026 17:24,13.14,0.64,0,0.3,-1.67,19.82
7/4/2026 17:24,12.91,0.67,0,0.32,-1.3,20.93
7/4/2026 17:24,12.77,0.7,0,0.34,-0.96,21.12
7/4/2026 17:24,12.7,0.73,0,0.36,-0.74,20.37
7/4/2026 17:24,12.66,0.76,0,0.38,-0.54,22.6
7/4/2026 17:24,12.65,0.79,0,0.34,-0.41,22.03
7/4/2026 17:24,12.72,0.82,0,0.3,-0.37,24.02
7/4/2026 17:24,12.84,0.85,0,0.26,-0.33,21.92
7/4/2026 17:24,13.02,0.88,0,0.22,-0.44,32.22
7/4/2026 17:24,13.27,0.91,0,0.18,-0.51,33.16
7/4/2026 17:24,13.5,0.94,0,0.14,-0.63,32.36
7/4/2026 17:24,13.78,0.97,0,0.1,-0.82,39.24
7/4/2026 17:24,14.15,1,0,0.06,-1.05,42.71
7/4/2026 17:24,14.47,1,0,0.02,-1.28,59.11
7/4/2026 17:24,14.85,1,0,0,-1.5,63.74
7/4/2026 17:24,15.27,1,0,0,1.73,78.03
7/4/2026 17:24,15.69,1,0,0,1.47,25.13
7/4/2026 17:24,16.11,1,0,0,1.21,38.87
7/4/2026 17:24,16.5,1,0,0,0.98,31.12
7/4/2026 17:24,16.94,1,0,0,0.74,24.37
7/4/2026 17:24,17.34,1,0,0,0.54,36.87
7/4/2026 17:24,17.75,1,0,0,0.38,82.59
7/4/2026 17:24,18.16,1,0,0,0.21,36.86
7/4/2026 17:24,18.57,1,0,0,0.12,48.12
7/4/2026 17:24,19.03,1,0,0,-0.02,29.03
7/4/2026 17:24,19.41,1,0,0,-0.08,65.25
7/4/2026 17:24,19.8,1,0,0,-0.08,26.13
7/4/2026 17:24,20.2,1,0,0,-0.06,24.57
7/4/2026 17:24,20.62,1,0,0,0.02,58.77
7/4/2026 17:24,21.04,1,0,0.02,0.09,26.97
7/4/2026 17:24,21.56,1,0,0.04,0.17,73.97
7/4/2026 17:24,21.97,1,0,0.06,0.22,25.16
7/4/2026 17:24,22.42,1,0,0.08,0.26,100
7/4/2026 17:24,22.8,0,0,0.1,0.26,64.77
7/4/2026 17:24,23.11,0,0,0.12,0.25,45.11
7/4/2026 17:24,23.16,0,0,0.14,0.17,40.49
7/4/2026 17:24,22.85,0,0,0.16,0.04,83.94
7/4/2026 17:24,22.31,0.83,0,0.18,-0.16,67.85
7/4/2026 17:24,21.72,0.86,0,0.14,-0.42,56.28
7/4/2026 17:24,21.31,0.89,0,0.1,-0.68,46.63
7/4/2026 17:24,20.99,0.92,0,0.06,-1.07,39.62
7/4/2026 17:24,20.88,0.95,0,0.02,-1.46,35.44
7/4/2026 17:24,20.91,0.98,0,0.04,-1.49,43.12
7/4/2026 17:25,21.02,1,0,0.06,-0.98,41
7/4/2026 17:25,21.19,1,0,0.08,-0.4,40.1
7/4/2026 17:25,21.42,1,0,0.1,0.28,19.13
7/4/2026 17:25,21.67,1,0,0.12,0.98,29.68
7/4/2026 17:25,21.92,1,0,0.14,1.7,38.05
7/4/2026 17:25,22.19,1,0,0.16,-0.94,23.98
7/4/2026 17:25,22.45,1,0,0.18,-0.02,39.92
7/4/2026 17:25,22.65,1,0,0.2,0.82,34.42
7/4/2026 17:25,22.85,1,0,0.22,1.87,13.59
7/4/2026 17:25,23.02,1,0,0.24,-2.33,37.34
7/4/2026 17:25,23.11,1,0,0.26,1.5,33.98
7/4/2026 17:25,23.17,1,0,0.28,-0.03,10.56
7/4/2026 17:25,23.14,1,0,0.3,-1.33,14.31
7/4/2026 17:25,23.03,1,0,0.28,1.33,18.93
7/4/2026 17:25,22.89,1,0,0.26,0.69,26.24
7/4/2026 17:25,22.74,1,0,0.24,0.24,100
7/4/2026 17:25,22.41,1,0,0.22,-0.27,41.16
7/4/2026 17:25,22.15,1,0,0.2,-0.44,33.81
7/4/2026 17:25,21.85,1,0,0.18,-0.5,19.15
7/4/2026 17:25,21.41,1,0,0.14,-0.38,17.6
7/4/2026 17:25,21.1,1,0,0.1,-0.18,34.89
7/4/2026 17:25,20.73,1,0,0.08,0.15,23.44
7/4/2026 17:25,20.35,1,0,0.06,0.59,7.96
7/4/2026 17:25,19.99,1,0,0.04,1.09,19.37
7/4/2026 17:25,19.58,1,0,0.02,1.7,18.92
7/4/2026 17:25,19.14,0,0,0,-1.09,21.03
7/4/2026 17:25,18.63,0,0,-0.02,-0.23,30.98
7/4/2026 17:25,18.08,0,0,-0.04,0.58,31.16
7/4/2026 17:25,17.36,0.88,0,-0.06,1.47,1.56
7/4/2026 17:25,16.12,0.91,0,-0.08,2.44,29.32
7/4/2026 17:25,8.98,0.94,0,-0.1,2.89,35.75
7/4/2026 17:25,6.82,0.97,0,-0.12,3.03,100
7/4/2026 17:25,5.19,1,0,-0.14,3.19,100
7/4/2026 17:25,4.09,1,0,-0.16,3.33,79.63
7/4/2026 17:25,3.23,1,0,-0.12,3.46,48.82
7/4/2026 17:25,2.42,1,0,-0.08,3.54,100
7/4/2026 17:25,1.53,1,0,-0.04,3.56,53.12
7/4/2026 17:25,0.52,1,0,-0.02,3.56,14.06
7/4/2026 17:25,0.64,1,0,0,3.56,57.12
7/4/2026 17:25,1.77,1,0,0.02,3.58,71.63
7/4/2026 17:25,2.53,1,0,0.04,3.61,71.51
7/4/2026 17:25,3.08,1,0,0.06,3.65,52.1
7/4/2026 17:25,3.62,1,0,0.08,3.69,49.37
7/4/2026 17:25,4.06,1,0,0.1,3.74,13.09
7/4/2026 17:25,4.54,1,0,0.12,3.79,12.83
7/4/2026 17:25,3.84,1,0,0.14,3.81,67.41
7/4/2026 17:25,4.48,1,0,0.16,3.83,12.2
7/4/2026 17:25,4.96,1,0,0.18,3.85,11.86
7/4/2026 17:25,5.41,1,0,0.2,3.87,70.94
7/4/2026 17:25,5.82,1,0,0.22,3.89,67.21
7/4/2026 17:25,6.28,1,0,0.24,3.89,70.19
7/4/2026 17:25,6.71,1,0,0.2,3.88,50.29
7/4/2026 17:25,7.15,1,0,0.16,3.85,57.45
7/4/2026 17:25,7.61,1,0,0.12,3.82,57.36
7/4/2026 17:25,7.81,1,0,0.08,3.78,100
7/4/2026 17:25,8.27,1,0,0.04,3.73,39.44
7/4/2026 17:25,8.7,1,0,0,3.68,55.5
7/4/2026 17:25,9.17,1,0,0,3.62,66.41
7/4/2026 17:25,9.63,1,0,0,3.56,100
7/4/2026 17:25,10.06,1,0,0,3.5,100
7/4/2026 17:25,10.49,1,0,0,3.44,36.1
7/4/2026 17:25,10.93,1,0,0,3.38,36.19
7/4/2026 17:25,11.37,1,0,0.02,3.31,34.83
7/4/2026 17:25,11.79,1,0,0.04,3.24,100
7/4/2026 17:25,12.09,1,0,0.06,3.14,42.47
7/4/2026 17:25,12.51,1,0,0.08,3.02,30.25
7/4/2026 17:25,13.04,1,0,0.1,2.91,31.38
7/4/2026 17:25,13.3,1,0,0.12,2.79,15.25
7/4/2026 17:25,13.77,1,0,0.14,2.6,29.58
7/4/2026 17:25,14.23,1,0,0.16,2.4,37.66
7/4/2026 17:25,14.66,1,0,0.18,2.16,45.94
7/4/2026 17:25,15.06,1,0,0.2,1.84,27.9
7/4/2026 17:25,15.5,1,0,0.22,1.3,26.88
7/4/2026 17:25,15.81,1,0,0.24,0.79,36.22
7/4/2026 17:25,16.11,1,0,0.26,0.15,43.03
7/4/2026 17:25,16.39,1,0,0.28,0.11,24.73
7/4/2026 17:25,16.64,1,0,0.24,-0.5,37
7/4/2026 17:25,16.9,1,0,0.2,-1.1,44.24
7/4/2026 17:25,17.19,1,0,0.16,-1.75,43.11
7/4/2026 17:25,17.5,1,0,0.12,1.05,28.81
7/4/2026 17:25,17.79,1,0,0.08,0.44,44.89
7/4/2026 17:25,18.12,1,0,0.04,-0.25,31.53
7/4/2026 17:25,18.49,1,0,0,-0.95,40.23
7/4/2026 17:25,18.89,1,0,0,-1.64,36.31
7/4/2026 17:25,19.29,1,0,0,-2.3,51.46
7/4/2026 17:25,19.68,1,0,0,-1.47,36.56
7/4/2026 17:25,20.12,1,0,0,-0.08,48.58
7/4/2026 17:25,20.52,1,0,0.02,0.85,47.62
7/4/2026 17:25,20.94,1,0,0.04,0.26,46.31
7/4/2026 17:25,21.34,1,0,0.06,-0.32,41.51
7/4/2026 17:25,21.76,1,0,0.02,-0.93,33.12
7/4/2026 17:25,22.17,1,0,0,-1.49,43.36
7/4/2026 17:25,22.58,1,0,0,1.44,56.24
7/4/2026 17:25,22.99,1,0,0,0.88,49.91
7/4/2026 17:25,23.45,1,0,0,0.24,46.94
7/4/2026 17:25,23.85,1,0,0,-0.32,41.25
7/4/2026 17:25,24.28,1,0,0.02,-0.92,38.32
7/4/2026 17:25,24.8,1,0,0.04,-1.67,35.24
7/4/2026 17:25,25.19,1,0,0.06,-1.27,43.78
7/4/2026 17:25,25.58,1,0,0.08,-0.7,33.33
7/4/2026 17:25,25.96,1,0,0.1,-0.14,31.14
7/4/2026 17:25,26.32,1,0,0.12,0.39,35.33
7/4/2026 17:25,26.62,1,0,0.14,0.84,33.66
7/4/2026 17:25,26.89,1,0,0.1,1.27,30.25
7/4/2026 17:25,27.17,1,0,0.06,1.63,41.27
7/4/2026 17:25,27.44,1,0,0.02,-1.57,42.74
7/4/2026 17:25,27.73,1,0,0,-1.29,38.98
7/4/2026 17:25,28.09,1,0,0,-1.03,60.12
7/4/2026 17:25,28.39,1,0,0,-0.86,28.07
7/4/2026 17:25,28.72,1,0,0,-0.73,48.99
7/4/2026 17:25,29.07,1,0,0,-0.65,47.28
7/4/2026 17:25,29.44,1,0,0,-0.61,51.55
7/4/2026 17:25,29.78,1,0,0,-0.6,37.57
7/4/2026 17:25,30.19,1,0,0,-0.63,45.74
7/4/2026 17:25,30.55,1,0,0,-0.69,45.26
7/4/2026 17:25,30.95,1,0,0,-0.77,38.9
7/4/2026 17:25,31.32,1,0,0,-0.86,46.58
7/4/2026 17:25,31.72,1,0,0,-0.98,37.72
7/4/2026 17:25,32.12,1,0,0.02,-1.11,42.07
7/4/2026 17:25,32.56,1,0,0.04,-1.27,24.57
7/4/2026 17:25,32.93,1,0,0,-1.42,32.83
7/4/2026 17:25,33.3,1,0,0,-1.59,29.07
7/4/2026 17:25,33.65,1,0,0,1.73,100
7/4/2026 17:25,34.02,1,0,0.02,1.54,25.55
7/4/2026 17:25,34.39,1,0,0.04,1.32,22.04
7/4/2026 17:25,34.84,1,0,0.06,1.07,35.05
7/4/2026 17:25,35.16,1,0,0.08,0.97,32.75
7/4/2026 17:25,35.43,1,0,0.1,0.94,30.33
7/4/2026 17:25,35.71,1,0,0.12,0.98,25.83
7/4/2026 17:25,35.93,1,0,0.14,1.07,27.05
7/4/2026 17:25,36.1,1,0,0.16,1.21,25.74
7/4/2026 17:25,36.21,1,0,0.18,1.39,91.51
7/4/2026 17:25,36.26,1,0,0.2,1.59,52.69
7/4/2026 17:25,36.22,1,0,0.22,-1.69,91.56
7/4/2026 17:25,36.09,1,0,0.24,-1.47,38.82
7/4/2026 17:25,35.88,1,0,0.26,-1.24,63.59
7/4/2026 17:25,35.58,1,0,0.22,-1.02,80.26
7/4/2026 17:25,35.25,1,0,0.18,-0.81,46.39
7/4/2026 17:25,34.87,1,0,0.16,-0.62,35.67
7/4/2026 17:25,34.44,1,0,0.14,-0.45,42.51
7/4/2026 17:25,33.99,1,0,0.12,-0.32,43.58
7/4/2026 17:25,33.47,1,0,0.1,-0.19,41.5
7/4/2026 17:25,32.91,1,0,0.08,0.16,34.39
7/4/2026 17:25,32.33,1,0,0.06,0.27,71.27
7/4/2026 17:25,31.69,1,0,0.02,0.41,100
7/4/2026 17:25,31.04,1,0,0,0.55,32.22
7/4/2026 17:25,30.16,1,0,0,0.67,52.4
7/4/2026 17:25,29.26,1,0,0,0.78,47.92
7/4/2026 17:25,28.46,1,0,-0.02,0.87,28
7/4/2026 17:25,27.6,1,0,-0.04,0.91,25.36
7/4/2026 17:25,26.64,1,0,-0.06,0.89,25.32
7/4/2026 17:25,25.67,1,0,-0.08,0.87,21.22
7/4/2026 17:25,24.62,1,0,-0.1,0.82,21.56
7/4/2026 17:25,23.64,1,0,-0.12,0.76,18.81
7/4/2026 17:25,22.1,1,0,-0.14,0.56,45.02
7/4/2026 17:25,20.94,1,0,-0.16,0.26,44.12
7/4/2026 17:25,19.96,1,0,-0.18,0.2,42.26
7/4/2026 17:25,18.95,1,0,-0.2,-0.28,40.43
7/4/2026 17:25,18.05,1,0,-0.22,-0.62,40.08
7/4/2026 17:25,17.21,1,0,-0.24,-1,37.05
7/4/2026 17:25,16.49,1,0,-0.26,-1.44,25.04
7/4/2026 17:25,15.81,1,0,-0.28,1.45,35.85
7/4/2026 17:25,15.39,1,0,-0.3,0.86,35.24
7/4/2026 17:25,15.12,1,0,-0.32,0.14,34.45
7/4/2026 17:25,15.08,1,0,-0.34,-0.86,10.24
7/4/2026 17:25,15.29,1,0,-0.36,-1.72,32.68
7/4/2026 17:25,15.65,1,0,-0.38,-0.95,8.46
7/4/2026 17:25,16.32,1,0,-0.4,0.15,7.36
7/4/2026 17:25,17.01,1,0,-0.42,1.16,6.42
7/4/2026 17:25,17.68,1,0,-0.44,-1.19,5.02
7/4/2026 17:25,18.11,1,0,-0.46,-0.1,3.04
7/4/2026 17:25,18.34,1,0,-0.48,0.95,2.95
7/4/2026 17:25,5.42,1,0,-0.5,2.18,1.83
7/4/2026 17:25,2.25,1,0,-0.52,1.99,30.68
7/4/2026 17:25,2.26,1,0,-0.54,1.98,33.95
7/4/2026 17:25,3.71,1,0,-0.55,2.09,28.12
7/4/2026 17:25,4.91,1,0,-0.55,2.26,31.71
7/4/2026 17:25,5.98,1,0,-0.55,2.53,28.36
7/4/2026 17:25,6.74,1,0,-0.55,2.78,27.74
7/4/2026 17:25,7.51,0,0,-0.55,3.07,24.07
7/4/2026 17:25,7.94,0,0,-0.53,3.26,23.42
7/4/2026 17:25,8.17,0.03,0,-0.51,3.42,16.54
7/4/2026 17:25,6.97,0.06,0,-0.49,3.56,14.15
7/4/2026 17:25,6.03,0.09,0,-0.47,3.64,2.3
7/4/2026 17:25,5.21,0.12,0,-0.43,3.68,13.38
7/4/2026 17:25,3.52,0.15,0,-0.39,3.7,48.13
7/4/2026 17:25,2.34,0.18,0,-0.35,3.7,52.15
7/4/2026 17:25,1.08,0.21,0,-0.31,3.69,48.8
7/4/2026 17:25,0.27,0.24,0,-0.29,3.69,62.82
7/4/2026 17:25,0.12,0.27,0,-0.27,3.69,21.24
7/4/2026 17:25,0.06,0.3,0,-0.25,3.69,20.99
7/4/2026 17:25,0.02,0.33,0,-0.23,3.69,21.54
7/4/2026 17:25,0.1,0.36,0,-0.21,3.69,21.71
7/4/2026 17:25,0.15,0.39,0,-0.19,3.69,21.59
7/4/2026 17:25,0.31,0.42,0,-0.17,3.69,57.03
7/4/2026 17:25,0.43,0.45,0,-0.15,3.69,55.87
7/4/2026 17:25,0.58,0.48,0,-0.13,3.69,23.22
7/4/2026 17:25,0.71,0.51,0,-0.09,3.68,61.29
7/4/2026 17:25,0.81,0.54,0,-0.05,3.68,59.24
7/4/2026 17:25,0.96,0.57,0,-0.07,3.67,21.35
7/4/2026 17:25,1.11,0.6,0,-0.09,3.66,21.35
7/4/2026 17:25,1.49,0.63,0,-0.11,3.66,21.59
7/4/2026 17:25,1.67,0.66,0,-0.13,3.65,47.61
7/4/2026 17:25,1.86,0.69,0,-0.15,3.64,29.23
7/4/2026 17:25,2,0.72,0,-0.17,3.63,43.17
7/4/2026 17:25,2.29,0.75,0,-0.19,3.61,51.14
7/4/2026 17:25,2.65,0.78,0,-0.21,3.6,53.17
7/4/2026 17:25,2.91,0.81,0,-0.23,3.58,43.86
7/4/2026 17:25,3.14,0.84,0,-0.25,3.56,16.44
7/4/2026 17:25,3.35,0.87,0,-0.27,3.54,16.99
7/4/2026 17:25,3.62,0.9,0,-0.29,3.52,3.31
7/4/2026 17:25,3.86,0.93,0,-0.31,3.49,3.55
7/4/2026 17:25,4.14,0.96,0,-0.33,3.45,17.98
7/4/2026 17:25,4.49,0.99,0,-0.31,3.4,16.59
7/4/2026 17:25,4.84,1,0,-0.29,3.33,18.59
7/4/2026 17:25,5.17,1,0,-0.27,3.26,19.49
7/4/2026 17:25,5.49,1,0,-0.25,3.16,23.49
7/4/2026 17:25,5.81,1,0,-0.23,3.04,24.19
7/4/2026 17:25,6.12,1,0,-0.21,2.85,24.39
7/4/2026 17:25,5.88,1,0,-0.19,2.67,24.83
7/4/2026 17:25,6.04,1,0,-0.17,2.48,25.59
7/4/2026 17:25,6.79,1,0,-0.15,2.21,27.59
7/4/2026 17:25,7.33,1,0,-0.13,1.98,27.19
7/4/2026 17:25,7.84,1,0,-0.11,1.69,3.74
7/4/2026 17:25,8.24,1,0,-0.09,1.41,4.17
7/4/2026 17:25,8.63,1,0,-0.07,1.08,4.41
7/4/2026 17:25,8.98,1,0,-0.05,0.73,4.99
7/4/2026 17:25,9.31,1,0,-0.03,0.37,5.57
7/4/2026 17:25,9.63,1,0,-0.01,-0.04,5.1
7/4/2026 17:25,9.93,1,0,0.01,-0.46,5.54
7/4/2026 17:25,10.19,0,0,0.03,-0.87,6.08
7/4/2026 17:25,10.42,0,0,0.05,-1.42,6.9
7/4/2026 17:25,10.32,0,0,0.07,1.7,7.48
7/4/2026 17:25,9.93,0,0,0.09,1.26,8.37
7/4/2026 17:25,9.37,0.03,0,0.11,0.83,10.19
7/4/2026 17:25,7.6,0.06,0,0.09,0.44,35.09
7/4/2026 17:25,5.75,0.09,0,0.07,0.15,11.22
7/4/2026 17:25,3.96,0.12,0,0.05,-0.11,36.71
7/4/2026 17:25,2.71,0.15,0,0.03,-0.24,36.71
7/4/2026 17:25,2.01,0.18,0,0.01,-0.34,11.93
7/4/2026 17:25,1.57,0.21,0,-0.01,-0.43,12.16
7/4/2026 17:25,1.31,0.24,0,-0.03,-0.49,37.21
7/4/2026 17:25,1.05,0.27,0,-0.05,-0.54,12.25
7/4/2026 17:25,0.84,0.3,0,-0.07,-0.59,12.41
7/4/2026 17:25,0.69,0.33,0,-0.09,-0.62,12.31
7/4/2026 17:25,0.54,0.36,0,-0.11,-0.64,12.4
7/4/2026 17:25,0.35,0.39,0,-0.13,-0.66,12.42
7/4/2026 17:25,0.21,0.42,0,-0.15,-0.68,12.68
7/4/2026 17:25,0.07,0.45,0,-0.17,-0.68,12.42
7/4/2026 17:25,0.12,0.48,0,-0.19,-0.68,12.41
7/4/2026 17:25,0.27,0.51,0,-0.21,-0.67,12.5
7/4/2026 17:25,0.51,0.54,0,-0.23,-0.66,12.56
7/4/2026 17:25,0.7,0.57,0,-0.25,-0.64,12.43
7/4/2026 17:25,0.9,0.6,0,-0.27,-0.61,34.16
7/4/2026 17:25,1.17,0.63,0,-0.29,-0.57,12.43
7/4/2026 17:25,1.42,0.66,0,-0.31,-0.53,38.35
7/4/2026 17:25,1.69,0.69,0,-0.33,-0.49,24.71
7/4/2026 17:25,1.96,0.72,0,-0.35,-0.43,35.71
7/4/2026 17:25,2.25,0.75,0,-0.37,-0.37,21.53
7/4/2026 17:25,2.55,0.78,0,-0.39,-0.31,35.55
7/4/2026 17:25,2.86,0.81,0,-0.41,-0.24,34.87
7/4/2026 17:25,3.17,0.84,0,-0.43,-0.18,21.73
7/4/2026 17:25,3.5,0.87,0,-0.45,-0.12,29.21
7/4/2026 17:25,3.82,0.9,0,-0.47,-0.04,15.49
7/4/2026 17:25,4.18,0.93,0,-0.49,0.03,29.9
7/4/2026 17:25,4.54,0.96,0,-0.51,0.08,36.47
7/4/2026 17:25,5.04,0.99,0,-0.53,0.13,29.06
7/4/2026 17:25,5.48,1,0,-0.49,0.14,24.63
7/4/2026 17:25,5.9,1,0,-0.45,0.14,24.29
7/4/2026 17:25,6.33,1,0,-0.41,0.12,23.81
7/4/2026 17:25,6.78,1,0,-0.37,0.08,29.99
7/4/2026 17:25,7.23,1,0,-0.33,0.02,52.02
7/4/2026 17:25,7.74,1,0,-0.29,-0.09,32.7
7/4/2026 17:25,8.26,1,0,-0.25,-0.23,28.7
7/4/2026 17:25,8.72,1,0,-0.21,-0.38,39.57
7/4/2026 17:25,9.17,1,0,-0.17,-0.56,28.71
7/4/2026 17:25,9.59,1,0,-0.13,-0.75,36.94
7/4/2026 17:25,10.01,1,0,-0.09,-0.97,48.99
7/4/2026 17:25,10.52,1,0,-0.07,-1.26,52.87
7/4/2026 17:25,10.95,1,0,-0.05,-1.53,39.59
7/4/2026 17:25,11.37,1,0,-0.03,-1.69,27.18
7/4/2026 17:25,11.82,1,0,-0.01,-1.37,42.23
7/4/2026 17:25,12.24,1,0,0.01,-1.04,33.5
7/4/2026 17:25,12.67,1,0,0.03,-0.7,32.76
7/4/2026 17:25,13.09,1,0,0.05,-0.36,36.17
7/4/2026 17:25,13.49,1,0,0.07,-0.01,29.41
7/4/2026 17:25,13.93,1,0,0.09,0.36,30.49
7/4/2026 17:25,14.34,1,0,0.05,0.71,39.45
7/4/2026 17:25,14.76,1,0,0.01,1.07,41.51
7/4/2026 17:25,15.19,1,0,0,1.42,35.56
7/4/2026 17:25,15.59,1,0,0.02,-1.74,33.31
7/4/2026 17:25,15.99,1,0,0.04,-1.41,33.54
7/4/2026 17:25,16.44,1,0,0,-1.02,37.54
7/4/2026 17:25,16.97,1,0,0,-0.57,71.55
7/4/2026 17:25,17.38,1,0,0.02,-0.22,70.04
7/4/2026 17:25,17.79,1,0,0.04,0.15,27.63
7/4/2026 17:25,18.28,1,0,0.06,0.58,32.72
7/4/2026 17:25,18.71,1,0,0.08,0.96,9.18
7/4/2026 17:25,19.1,1,0,0.1,1.3,34.47
7/4/2026 17:25,19.47,1,0,0.12,1.62,28.09
7/4/2026 17:25,19.95,1,0,0.14,2.01,39.5
7/4/2026 17:25,20.26,1,0,0.16,2.25,11.64
7/4/2026 17:25,20.58,1,0,0.18,2.47,10.33
7/4/2026 17:25,20.84,1,0,0.14,2.61,8.92
7/4/2026 17:25,21.17,1,0,0.1,2.72,7.51
7/4/2026 17:25,21.47,1,0,0.06,2.75,6.32
7/4/2026 17:25,21.74,1,0,0.02,2.74,5.06
7/4/2026 17:25,22.1,1,0,0,2.66,29.92
7/4/2026 17:25,22.43,1,0,0,2.54,45.94
7/4/2026 17:25,22.82,1,0,0,2.35,45.11
7/4/2026 17:25,7.05,1,0,0,1.96,67.26
7/4/2026 17:25,5.31,1,0,0,1.64,4
7/4/2026 17:25,3.54,1,0,0,1.38,5.46
7/4/2026 17:25,1.86,1,0,0,1.22,2.93
7/4/2026 17:25,0.64,1,0,0,1.14,2.08
7/4/2026 17:25,2.02,1,0,0,1.14,1.96
7/4/2026 17:25,3.41,1,0,0,1.17,1.63
7/4/2026 17:25,4.48,1,0,0,1.22,1.42
7/4/2026 17:25,5.25,1,0,0,1.28,1.25
7/4/2026 17:25,0.29,0,0,0,1.26,1.07
7/4/2026 17:25,0.22,0,0,0,1.26,1.22
7/4/2026 17:25,0.06,0,0,0,1.26,1.09
7/4/2026 17:25,0.06,0,0,0,1.26,1.11
7/4/2026 17:25,0.04,0,0,0,1.26,1.4
7/4/2026 17:25,0.03,0,0,0,1.26,1.37
7/4/2026 17:25,0.02,0,0,0,1.26,1.45
7/4/2026 17:25,0.01,0,0,0,1.26,1.05
7/4/2026 17:25,0.01,0,0,0,1.26,1.25
7/4/2026 17:25,0.01,0,0,0,1.26,2.71
7/4/2026 17:25,0,0,0,0,1.26,1.93
7/4/2026 17:25,0,0,0,0,1.26,1.04
7/4/2026 17:25,0,0,0,0,1.26,1.93
7/4/2026 17:25,0,0,0,0,1.26,1.29
7/4/2026 17:25,0,0,0,0,1.26,1.26
7/4/2026 17:25,0,0,0,0,1.26,1.21
7/4/2026 17:25,0,0,0,0,1.26,1.46
7/4/2026 17:25,0,0,0,0,1.26,2.64
7/4/2026 17:25,0,0,0,0,1.26,1.54
7/4/2026 17:25,0,0,0,0,1.26,1.09
7/4/2026 17:25,0,0,0,0,1.26,1.69
7/4/2026 17:25,0,0,0,0,1.26,1.16
7/4/2026 17:25,0,0,0,0,1.26,1.27
7/4/2026 17:25,0,0,0,0,1.26,1.33
7/4/2026 17:25,0,0,0,0,1.26,1
7/4/2026 17:25,0,0,0,0,1.26,2.05
7/4/2026 17:25,0,0,0,0,1.26,1.16
7/4/2026 17:25,0,0,0,0,1.26,1.19
7/4/2026 17:25,0,0,0,0,1.26,1.13
7/4/2026 17:25,0,0,0,0,1.26,1.05
7/4/2026 17:25,0,0,0,0,1.26,1.09
7/4/2026 17:25,0,0,0,0,1.26,1.27
7/4/2026 17:25,0,0,0,0,1.26,1.29
7/4/2026 17:25,0,0,0,0,1.26,1.15
7/4/2026 17:25,0,0,0,0,1.26,1.04
7/4/2026 17:25,0,0,0,0,1.26,1.2
7/4/2026 17:25,0,0,0,0,1.26,1.32
7/4/2026 17:25,0,0,0,0,1.26,1.03
7/4/2026 17:25,0,0,0,0,1.26,1.16
7/4/2026 17:25,0,0,0,0,1.26,1.09
7/4/2026 17:25,0,0,0,0,1.26,1.07
7/4/2026 17:25,0,0,0,0,1.26,1.34
7/4/2026 17:25,0,0,0,0,1.26,1.16
7/4/2026 17:25,0,0,0,0,1.26,1.12
7/4/2026 17:25,0,0,0,0,1.26,1.43
7/4/2026 17:25,0,0,0,0,1.26,1.03
7/4/2026 17:25,0,0,0,0,1.26,1.08
7/4/2026 17:25,0,0,0,0,1.26,1.01
7/4/2026 17:25,0,0,0,0,1.26,1.26
7/4/2026 17:25,0,0,0,0,1.26,1.49
7/4/2026 17:25,0,0,0,0,1.26,1.22
7/4/2026 17:25,0,0,0,0,1.26,1.16
7/4/2026 17:25,0,0,0,0,1.26,1.09
7/4/2026 17:25,0,0,0,0,1.26,1.34
7/4/2026 17:25,0,0,0,0,1.26,1.32
7/4/2026 17:25,0,0,0,0,1.26,1
7/4/2026 17:25,0,0,0,0,1.26,1.05
7/4/2026 17:25,0,0,0,0,1.26,1.06
7/4/2026 17:25,0,0,0,0,1.26,1
7/4/2026 17:25,0,0,0,0,1.26,1.09
7/4/2026 17:25,0,0,0,0,1.26,1.11
7/4/2026 17:25,0,0,0,0,1.26,1.46
7/4/2026 17:25,0,0,0,0,1.26,1.04
7/4/2026 17:25,0,0,0,0,1.26,1.1
7/4/2026 17:25,0,0,0,0,1.26,1.09
7/4/2026 17:25,0,0,0,0,1.26,1.24
7/4/2026 17:25,0,0,0,0,1.26,1.31
7/4/2026 17:25,0,0,0,0,1.26,1.1
7/4/2026 17:25,0,0,0,0,1.26,1.24
7/4/2026 17:25,0,0,0,0,1.26,1.02
7/4/2026 17:25,0,0,0,0,1.26,1.72
7/4/2026 17:25,0,0,0,0,1.26,1.24
7/4/2026 17:25,0,0,0,0,1.26,1.18
7/4/2026 17:25,0,0,0,0,1.26,1.06
7/4/2026 17:25,0,0,0,0,1.26,1.03
7/4/2026 17:25,0,0,0,0,1.26,1.21
7/4/2026 17:25,0,0,0,0,1.26,1.05
7/4/2026 17:25,0,0,0,0,1.26,1.11
7/4/2026 17:25,0,0,0,0,1.26,1.45
7/4/2026 17:25,0,0,0,0,1.26,1.2
7/4/2026 17:25,0,0,0,0,1.26,1.04
7/4/2026 17:25,0,0,0,0,1.26,1.13
7/4/2026 17:25,0,0,0,0,1.26,1.4
7/4/2026 17:25,0,0,0,0,1.26,1.28
7/4/2026 17:25,0,0,0,0,1.26,1.04
7/4/2026 17:25,0,0,0,0,1.26,1.25
7/4/2026 17:25,0,0,0,0,1.26,1.04
7/4/2026 17:25,0,0,0,0,1.26,1.23
7/4/2026 17:25,0,0,0,0,1.26,1.13
7/4/2026 17:25,0,0,0,0,1.26,1.2
7/4/2026 17:25,0,0,0,0,1.26,1.14
7/4/2026 17:25,0,0,0,0,1.26,1.32
7/4/2026 17:25,0,0,0,0,1.26,1.11
7/4/2026 17:25,0,0,0,0,1.26,1.46
7/4/2026 17:25,0,0,0,0,1.26,1.68
7/4/2026 17:25,0,0,0,0,1.26,1.01
7/4/2026 17:25,0,0,0,0,1.26,1.13
7/4/2026 17:25,0,0,0,0,1.26,1.37
7/4/2026 17:25,0,0,0,0,1.26,1.03
7/4/2026 17:25,0,0,0,0,1.26,1.29
7/4/2026 17:25,0,0,0,0,1.26,1.18
7/4/2026 17:25,0,0,0,0,1.26,1.04
7/4/2026 17:25,0,0,0,0,1.26,1.12
7/4/2026 17:25,0,0,0,0,1.26,1.01
7/4/2026 17:25,0,0,0,0,1.26,1.05
7/4/2026 17:25,0,0,0,0,1.26,1.38
7/4/2026 17:25,0,0,0,0,1.26,1.07
7/4/2026 17:25,0,0,0,0,1.26,1.48
7/4/2026 17:25,0,0,0,0,1.26,1.12
7/4/2026 17:25,0,0,0,0,1.26,1.31
7/4/2026 17:25,0,0,0,0,1.26,1
7/4/2026 17:25,0,0,0,0,1.26,1.08
7/4/2026 17:25,0,0,0,0,1.26,1.27
7/4/2026 17:25,0,0,0,0,1.26,1.02
7/4/2026 17:25,0,0,0,0,1.26,1.24
7/4/2026 17:25,0,0,0,0,1.26,1.5
7/4/2026 17:25,0,0,0,0,1.26,1.65
7/4/2026 17:25,0,0,0,0,1.26,1.11
7/4/2026 17:25,0,0,0,0,1.26,1.36
7/4/2026 17:25,0,0,0,0,1.26,1.29
7/4/2026 17:25,0,0,0,0,1.26,1.05
7/4/2026 17:25,0,0,0,0,1.26,1.2
7/4/2026 17:25,0,0,0,0,1.26,1.02
7/4/2026 17:25,0,0,0,0,1.26,1.01
7/4/2026 17:25,0,0,0,0,1.26,1.02
7/4/2026 17:25,0,0,0,0,1.26,1.3
7/4/2026 17:25,0,0,0,0,1.26,1.47
7/4/2026 17:25,0,0,0,0,1.26,1.01
7/4/2026 17:25,0,0,0,0,1.26,1.07
7/4/2026 17:25,0,0,0,0,1.26,1.35
7/4/2026 17:25,0,0,0,0,1.26,1.28
7/4/2026 17:25,0,0,0,0,1.26,1.06
7/4/2026 17:25,0,0,0,0,1.26,1.21
7/4/2026 17:25,0,0,0,0,1.26,1.07
7/4/2026 17:25,0,0,0,0,1.26,1.11
7/4/2026 17:25,0,0,0,0,1.26,1.25
7/4/2026 17:25,0,0,0,0,1.26,1.01
7/4/2026 17:25,0,0,0,0,1.26,1.43
7/4/2026 17:25,0,0,0,0,1.26,1.07
7/4/2026 17:25,0,0,0,0,1.26,1.03
7/4/2026 17:25,0,0,0,0,1.26,1.29
7/4/2026 17:25,0,0,0,0,1.26,1.43
7/4/2026 17:25,0,0,0,0,1.26,1.23
7/4/2026 17:25,0,0,0,0,1.26,1
7/4/2026 17:25,0,0,0,0,1.26,1.26
7/4/2026 17:25,0,0,0,0,1.26,1.07
7/4/2026 17:25,0,0,0,0,1.26,1.01
7/4/2026 17:25,0,0,0,0,1.26,1.12
7/4/2026 17:25,0,0,0,0,1.26,1.05
7/4/2026 17:25,0,0,0,0,1.26,1.23
7/4/2026 17:25,0,0,0,0,1.26,1.02
7/4/2026 17:25,0,0,0,0,1.26,1.21
7/4/2026 17:25,0,0,0,0,1.26,1.06
7/4/2026 17:25,0,0,0,0,1.26,1.04
7/4/2026 17:25,0,0,0,0,1.26,1.23
7/4/2026 17:25,0,0,0,0,1.26,1.02
7/4/2026 17:25,0,0,0,0,1.26,1.31
7/4/2026 17:25,0,0,0,0,1.26,1.27
7/4/2026 17:25,0,0,0,0,1.26,1.04
7/4/2026 17:25,0,0,0,0,1.26,1.07
7/4/2026 17:25,0,0,0,0,1.26,1.46
7/4/2026 17:25,0,0,0,0,1.26,1.03
7/4/2026 17:25,0,0,0,0,1.26,1.13
7/4/2026 17:25,0,0,0,0,1.26,1.36
7/4/2026 17:25,0,0,0,0,1.26,1.27
7/4/2026 17:25,0,0,0,0,1.26,1.48
7/4/2026 17:25,0,0,0,0,1.26,1.35
7/4/2026 17:25,0,0,0,0,1.26,1.01
7/4/2026 17:25,0,0,0,0,1.26,1.04
7/4/2026 17:25,0,0,0,0,1.26,1.06
7/4/2026 17:25,0,0,0,0,1.26,1.31
7/4/2026 17:25,0,0,0,0,1.26,1.07
7/4/2026 17:25,0,0,0,0,1.26,1.21
7/4/2026 17:25,0,0,0,0,1.26,1.11
7/4/2026 17:25,0,0,0,0,1.26,1.1
7/4/2026 17:25,0,0,0,0,1.26,1.11
7/4/2026 17:25,0,0,0,0,1.26,1.06
7/4/2026 17:25,0,0,0,0,1.26,1.32
7/4/2026 17:25,0,0,0,0,1.26,1.23
7/4/2026 17:25,0,0,0,0,1.26,1.06
7/4/2026 17:25,0,0,0,0,1.26,1.09
7/4/2026 17:25,0,0,0,0,1.26,1.14
7/4/2026 17:25,0,0,0,0,1.26,1.31
7/4/2026 17:25,0,0,0,0,1.26,1.33
7/4/2026 17:25,0,0,0,0,1.26,1.38
7/4/2026 17:25,0,0,0,0,1.26,1.25
7/4/2026 17:25,0,0,0,0,1.26,1.13
7/4/2026 17:25,0,0,0,0,1.26,1.36
7/4/2026 17:25,0,0,0,0,1.26,1.03
7/4/2026 17:25,0,0,0,0,1.26,1.02
7/4/2026 17:25,0,0,0,0,1.26,1.03
7/4/2026 17:25,0,0,0,0,1.26,1.2
7/4/2026 17:25,0,0,0,0,1.26,1.02
7/4/2026 17:25,0,0,0,0,1.26,1.06
7/4/2026 17:25,0,0,0,0,1.26,1.05
7/4/2026 17:25,0,0,0,0,1.26,1
7/4/2026 17:25,0,0,0,0,1.26,1.45
7/4/2026 17:25,0,0,0,0,1.26,2.56
7/4/2026 17:25,0,0,0,0,1.26,1.29
7/4/2026 17:25,0,0,0,0,1.26,1
7/4/2026 17:25,0,0,0,0,1.26,1.04
7/4/2026 17:25,0,0,0,0,1.26,1.82
7/4/2026 17:25,0,0,0,0,1.26,1.23
7/4/2026 17:25,0,0,0,0,1.26,1.16
7/4/2026 17:25,0,0,0,0,1.26,1.04
7/4/2026 17:25,0,0,0,0,1.26,1.44
7/4/2026 17:25,0,0,0,0,1.26,1.1
7/4/2026 17:25,0,0,0,0,1.26,1.18
7/4/2026 17:25,0,0,0,0,1.26,1
7/4/2026 17:25,0,0,0,0,1.26,1.41
7/4/2026 17:25,0,0,0,0,1.26,1
7/4/2026 17:25,0,0,0,0,1.26,1.01
7/4/2026 17:25,0,0,0,0,1.26,1.36
7/4/2026 17:25,0,0,0,0,1.26,1.3
7/4/2026 17:25,0,0,0,0,1.26,1.17
7/4/2026 17:25,0,0,0,0,1.26,1.1
7/4/2026 17:25,0,0,0,0,1.26,1.03
7/4/2026 17:25,0,0,0,0,1.26,1.11
7/4/2026 17:25,0,0,0,0,1.26,1.15
7/4/2026 17:25,0,0,0,0,1.26,1.46
7/4/2026 17:25,0,0,0,0,1.26,1.04
7/4/2026 17:25,0,0,0,0,1.26,1.36
7/4/2026 17:25,0,0,0,0,1.26,1.03
7/4/2026 17:25,0,0,0,0,1.26,1.22
7/4/2026 17:25,0,0,0,0,1.26,1.11
7/4/2026 17:25,0,0,0,0,1.26,1.16
7/4/2026 17:25,0,0,0,0,1.26,1.07
7/4/2026 17:25,0,0,0,0,1.26,1.05
7/4/2026 17:25,0,0,0,0,1.26,1.39
7/4/2026 17:25,0,0,0,0,1.26,1.19
7/4/2026 17:25,0,0,0,0,1.26,1.52
7/4/2026 17:25,0,0,0,0,1.26,1
7/4/2026 17:25,0,0,0,0,1.26,1.54
7/4/2026 17:25,0,0,0,0,1.26,1.07
7/4/2026 17:25,0,0,0,0,1.26,1.2
7/4/2026 17:25,0,0,0,0,1.26,1.2
7/4/2026 17:25,0,0,0,0,1.26,1.16
7/4/2026 17:25,0,0,0,0,1.26,1.06
7/4/2026 17:25,0,0,0,0,1.26,1.25
7/4/2026 17:25,0,0,0,0,1.26,1.18
7/4/2026 17:25,0,0,0,0,1.26,1.21
7/4/2026 17:25,0,0,0,0,1.26,1.41
7/4/2026 17:25,0,0,0,0,1.26,1.16
7/4/2026 17:25,0,0,0,0,1.26,1.05
7/4/2026 17:25,0,0,0,0,1.26,1.17
7/4/2026 17:25,0,0,0,0,1.26,1
7/4/2026 17:25,0,0,0,0,1.26,1.05
7/4/2026 17:25,0,0,0,0,1.26,1.34
7/4/2026 17:25,0,0,0,0,1.26,1.04
7/4/2026 17:25,0,0,0,0,1.26,1.01
7/4/2026 17:25,0,0,0,0,1.26,1.18
7/4/2026 17:25,0,0,0,0,1.26,1.08
7/4/2026 17:25,0,0,0,0,1.26,1.04
7/4/2026 17:25,0,0,0,0,1.26,1.24
7/4/2026 17:25,0,0,0,0,1.26,1.01
7/4/2026 17:25,0,0,0,0,1.26,1.03
7/4/2026 17:25,0,0,0,0,1.26,1.08
7/4/2026 17:25,0,0,0,0,1.26,1.23
7/4/2026 17:25,0,0,0,0,1.26,1.07
7/4/2026 17:25,0,0,0,0,1.26,1.02
7/4/2026 17:25,0,0,0,0,1.26,1.1
7/4/2026 17:25,0,0,0,0,1.26,1.29
7/4/2026 17:25,0,0,0,0,1.26,1.36
7/4/2026 17:25,0,0,0,0,1.26,1.02
7/4/2026 17:25,0,0,0,0,1.26,1.01
7/4/2026 17:25,0,0,0,0,1.26,1.1
7/4/2026 17:25,0,0,0,0,1.26,1.23
7/4/2026 17:25,0,0,0,0,1.26,1.08
7/4/2026 17:25,0,0,0,0,1.26,1.06
7/4/2026 17:25,0,0,0,0,1.26,1.1
7/4/2026 17:25,0,0,0,0,1.26,1.53
7/4/2026 17:25,0,0,0,0,1.26,1.06
7/4/2026 17:25,0,0,0,0,1.26,1.02
7/4/2026 17:25,0,0,0,0,1.26,1.32
7/4/2026 17:25,0,0,0,0,1.26,1.17
7/4/2026 17:25,0,0,0,0,1.26,1.42
7/4/2026 17:25,0,0,0,0,1.26,1.03
7/4/2026 17:25,0,0,0,0,1.26,1.07
7/4/2026 17:25,0,0,0,0,1.26,1.04
7/4/2026 17:25,0,0,0,0,1.26,1.12
7/4/2026 17:25,0,0,0,0,1.26,1.05
7/4/2026 17:25,0,0,0,0,1.26,1.05
7/4/2026 17:25,0,0,0,0,1.26,1.01
7/4/2026 17:25,0,0,0,0,1.26,1.36
7/4/2026 17:25,0,0,0,0,1.26,1.01
7/4/2026 17:25,0,0,0,0,1.26,1.15
7/4/2026 17:25,0,0,0,0,1.26,1.01
7/4/2026 17:25,0,0,0,0,1.26,1.2
7/4/2026 17:25,0,0,0,0,1.26,1.15
7/4/2026 17:25,0,0,0,0,1.26,1.73
7/4/2026 17:25,0,0,0,0,1.26,1.26
7/4/2026 17:25,0,0,0,0,1.26,1
7/4/2026 17:25,0,0,0,0,1.26,1.12
7/4/2026 17:25,0,0,0,0,1.26,1.45
7/4/2026 17:25,0,0,0,0,1.26,1.14
7/4/2026 17:25,0,0,0,0,1.26,1.08
7/4/2026 17:25,0,0,0,0,1.26,1.09
7/4/2026 17:25,0,0,0,0,1.26,1.11
7/4/2026 17:25,0,0,0,0,1.26,1.26
7/4/2026 17:25,0,0,0,0,1.26,1.04
7/4/2026 17:25,0,0,0,0,1.26,1.15
7/4/2026 17:25,0,0,0,0,1.26,1.02
7/4/2026 17:25,0,0,0,0,1.26,1.12
7/4/2026 17:25,0,0,0,0,1.26,1.22
7/4/2026 17:25,0,0,0,0,1.26,1.09
7/4/2026 17:25,0,0,0,0,1.26,1.02
7/4/2026 17:25,0,0,0,0,1.26,1.4
7/4/2026 17:25,0,0,0,0,1.26,1.21
7/4/2026 17:25,0,0,0,0,1.26,1.49
7/4/2026 17:25,0,0,0,0,1.26,1.29
7/4/2026 17:25,0,0,0,0,1.26,1.06
7/4/2026 17:25,0,0,0,0,1.26,1.03
7/4/2026 17:25,0,0,0,0,1.26,1.06
7/4/2026 17:25,0,0,0,0,1.26,1.33
7/4/2026 17:25,0,0,0,0,1.26,1.09
7/4/2026 17:25,0,0,0,0,1.26,1.44
7/4/2026 17:25,0,0,0,0,1.26,1.21
7/4/2026 17:25,0,0,0,0,1.26,1.04
7/4/2026 17:25,0,0,0,0,1.26,1.1
7/4/2026 17:25,0,0,0,0,1.26,1.17
7/4/2026 17:25,0,0,0,0,1.26,1.1
7/4/2026 17:25,0,0,0,0,1.26,1.27
7/4/2026 17:25,0,0,0,0,1.26,1.01
7/4/2026 17:25,0,0,0,0,1.26,1.07
7/4/2026 17:25,0,0,0,0,1.26,1.34
7/4/2026 17:25,0,0,0,0,1.26,1.09
7/4/2026 17:25,0,0,0,0,1.26,1.01
7/4/2026 17:25,0,0,0,0,1.26,1.12
7/4/2026 17:25,0,0,0,0,1.26,1.03
7/4/2026 17:25,0,0,0,0,1.26,1.04
7/4/2026 17:25,0,0,0,0,1.26,1.03
7/4/2026 17:25,0,0,0,0,1.26,1.54
7/4/2026 17:25,0,0,0,0,1.26,1.34
7/4/2026 17:25,0,0,0,0,1.26,1.37
7/4/2026 17:25,0,0,0,0,1.26,1.45
7/4/2026 17:25,0,0,0,0,1.26,1.19
7/4/2026 17:25,0,0,0,0,1.26,1.06
7/4/2026 17:25,0,0,0,0,1.26,1.07
7/4/2026 17:25,0,0,0,0,1.26,1.17
7/4/2026 17:25,0,0,0,0,1.26,1.16
7/4/2026 17:25,0,0,0,0,1.26,1.02
7/4/2026 17:25,0,0,0,0,1.26,1.15
7/4/2026 17:25,0,0,0,0,1.26,1.06
7/4/2026 17:25,0,0,0,0,1.26,1.72
7/4/2026 17:25,0,0,0,0,1.26,1.1
7/4/2026 17:25,0,0,0,0,1.26,1.26
7/4/2026 17:25,0,0,0,0,1.26,1.12
7/4/2026 17:25,0,0,0,0,1.26,1
7/4/2026 17:25,0,0,0,0,1.26,1.04
7/4/2026 17:25,0,0,0,0,1.26,1.33
7/4/2026 17:25,0,0,0,0,1.26,1.13
7/4/2026 17:25,0,0,0,0,1.26,1.14
7/4/2026 17:25,0,0,0,0,1.26,1.11
7/4/2026 17:25,0,0,0,0,1.26,1.03
7/4/2026 17:25,0,0,0,0,1.26,1.18
7/4/2026 17:25,0,0,0,0,1.26,1.24
7/4/2026 17:25,0,0,0,0,1.26,1.03
7/4/2026 17:25,0,0,0,0,1.26,1.23
7/4/2026 17:25,0,0,0,0,1.26,1.28
7/4/2026 17:25,0,0,0,0,1.26,1.45
7/4/2026 17:25,0,0,0,0,1.26,1.06
7/4/2026 17:25,0,0,0,0,1.26,1.41
7/4/2026 17:25,0,0,0,0,1.26,1.12
7/4/2026 17:25,0,0,0,0,1.26,1.38
7/4/2026 17:25,0,0,0,0,1.26,1.03
7/4/2026 17:25,0,0,0,0,1.26,1.38
7/4/2026 17:25,0,0,0,0,1.26,1.48
7/4/2026 17:25,0,0,0,0,1.26,1.07
7/4/2026 17:25,0,0,0,0,1.26,1.05
7/4/2026 17:25,0,0,0,0,1.26,1.48
7/4/2026 17:25,0,0,0,0,1.26,1
7/4/2026 17:25,0,0,0,0,1.26,1.3
7/4/2026 17:25,0,0,0,0,1.26,1.12
7/4/2026 17:25,0,0,0,0,1.26,1.27
7/4/2026 17:25,0,0,0,0,1.26,1.09
7/4/2026 17:25,0,0,0,0,1.26,1.18
7/4/2026 17:25,0,0,0,0,1.26,1.01
7/4/2026 17:25,0,0,0,0,1.26,1.05
7/4/2026 17:25,0,0,0,0,1.26,1.04
7/4/2026 17:25,0,0,0,0,1.26,1.05
7/4/2026 17:25,0,0,0,0,1.26,1.08
7/4/2026 17:25,0,0,0,0,1.26,1.24
7/4/2026 17:25,0,0,0,0,1.26,1.25
7/4/2026 17:25,0,0,0,0,1.26,1.03
7/4/2026 17:25,0,0,0,0,1.26,1.13
7/4/2026 17:25,0,0,0,0,1.26,1.2
7/4/2026 17:25,0,0,0,0,1.26,1.04
7/4/2026 17:25,0,0,0,0,1.26,1.37
7/4/2026 17:25,0,0,0,0,1.26,1.15
7/4/2026 17:25,0,0,0,0,1.26,1.01
7/4/2026 17:25,0,0,0,0,1.26,1.17
7/4/2026 17:25,0,0,0,0,1.26,1.14
7/4/2026 17:25,0,0,0,0,1.26,1.01
7/4/2026 17:25,0,0,0,0,1.26,1.05
7/4/2026 17:25,0,0,0,0,1.26,1.07
7/4/2026 17:25,0,0,0,0,1.26,1.07
7/4/2026 17:25,0,0,0,0,1.26,1.44
7/4/2026 17:25,0,0,0,0,1.26,1.05
7/4/2026 17:25,0,0,0,0,1.26,1.36
7/4/2026 17:25,0,0,0,0,1.26,1.32
7/4/2026 17:25,0,0,0,0,1.26,1.02
7/4/2026 17:25,0,0,0,0,1.26,1.04
7/4/2026 17:25,0,0,0,0,1.26,1.23
7/4/2026 17:25,0,0,0,0,1.26,1.32
7/4/2026 17:25,0,0,0,0,1.26,1.21
7/4/2026 17:25,0,0,0,0,1.26,1.27
7/4/2026 17:25,0,0,0,0,1.26,1.2
7/4/2026 17:25,0,0,0,0,1.26,1.02
7/4/2026 17:25,0,0,0,0,1.26,1.03
7/4/2026 17:25,0,0,0,0,1.26,1.15
7/4/2026 17:25,0,0,0,0,1.26,1.01
7/4/2026 17:25,0,0,0,0,1.26,1
7/4/2026 17:25,0,0,0,0,1.26,1.2
7/4/2026 17:25,0,0,0,0,1.26,1.28
7/4/2026 17:25,0,0,0,0,1.26,1.14
7/4/2026 17:25,0,0,0,0,1.26,1.01
7/4/2026 17:25,0,0,0,0,1.26,1.23
7/4/2026 17:25,0,0,0,0,1.26,1.36
7/4/2026 17:25,0,0,0,0,1.26,1.07
7/4/2026 17:25,0,0,0,0,1.26,1.71
7/4/2026 17:25,0,0,0,0,1.26,1.09
7/4/2026 17:25,0,0,0,0,1.26,1.08
7/4/2026 17:25,0,0,0,0,1.26,1.02
7/4/2026 17:25,0,0,0,0,1.26,1.44
7/4/2026 17:25,0,0,0,0,1.26,1.45
7/4/2026 17:25,0,0,0,0,1.26,1.05
7/4/2026 17:25,0,0,0,0,1.26,1.04
7/4/2026 17:25,0,0,0,0,1.26,1.06
7/4/2026 17:25,0,0,0,0,1.26,1.34
7/4/2026 17:25,0,0,0,0,1.26,1.02
7/4/2026 17:25,0,0,0,0,1.26,1
7/4/2026 17:25,0,0,0,0,1.26,1.31
7/4/2026 17:25,0,0,0,0,1.26,1.16
7/4/2026 17:25,0,0,0,0,1.26,1.19
7/4/2026 17:25,0,0,0,0,1.26,1.08
7/4/2026 17:25,0,0,0,0,1.26,1.04
7/4/2026 17:25,0,0,0,0,1.26,1.35
7/4/2026 17:25,0,0,0,0,1.26,1.1
7/4/2026 17:25,0,0,0,0,1.26,1.02
7/4/2026 17:25,0,0,0,0,1.26,1.15
7/4/2026 17:25,0,0,0,0,1.26,1.35
7/4/2026 17:25,0,0,0,0,1.26,1.29
7/4/2026 17:25,0,0,0,0,1.26,1.01
7/4/2026 17:25,0,0,0,0,1.26,1.02
7/4/2026 17:25,0,0,0,0,1.26,1.45
7/4/2026 17:25,0,0,0,0,1.26,1.03
7/4/2026 17:25,0,0,0,0,1.26,1.07
7/4/2026 17:25,0,0,0,0,1.26,1.44
7/4/2026 17:25,0,0,0,0,1.26,1.32
7/4/2026 17:25,0,0,0,0,1.26,1.08
7/4/2026 17:25,0,0,0,0,1.26,1.35
7/4/2026 17:25,0,0,0,0,1.26,1.05
7/4/2026 17:25,0,0,0,0,1.26,1
7/4/2026 17:25,0,0,0,0,1.26,1.04
7/4/2026 17:25,0,0,0,0,1.26,1.36
7/4/2026 17:25,0,0,0,0,1.26,1.12
7/4/2026 17:25,0,0,0,0,1.26,1.34
7/4/2026 17:25,0,0,0,0,1.26,1.04
7/4/2026 17:25,0,0,0,0,1.26,1.25
7/4/2026 17:25,0,0,0,0,1.26,1.48
7/4/2026 17:25,0,0,0,0,1.26,1.17
7/4/2026 17:25,0,0,0,0,1.26,1.01
7/4/2026 17:25,0,0,0,0,1.26,1.12
7/4/2026 17:25,0,0,0,0,1.26,1.17
7/4/2026 17:25,0,0,0,0,1.26,1.22
7/4/2026 17:25,0,0,0,0,1.26,1.1
7/4/2026 17:25,0,0,0,0,1.26,1
7/4/2026 17:25,0,0,0,0,1.26,1.07
7/4/2026 17:25,0,0,0,0,1.26,1.1
7/4/2026 17:25,0,0,0,0,1.26,1.11
7/4/2026 17:25,0,0,0,0,1.26,1.01
7/4/2026 17:25,0,0,0,0,1.26,1.01
7/4/2026 17:25,0,0,0,0,1.26,1.28
7/4/2026 17:25,0,0,0,0,1.26,1.36
7/4/2026 17:25,0,0,0,0,1.26,1.25
7/4/2026 17:25,0,0,0,0,1.26,1.45
7/4/2026 17:25,0,0,0,0,1.26,1.04
7/4/2026 17:25,0,0,0,0,1.26,1.06
7/4/2026 17:25,0,0,0,0,1.26,1.32
7/4/2026 17:25,0,0,0,0,1.26,1.04
7/4/2026 17:25,0,0,0,0,1.26,1.22
7/4/2026 17:25,0,0,0,0,1.26,1.28
7/4/2026 17:25,0,0,0,0,1.26,1.49
7/4/2026 17:25,0,0,0,0,1.26,1.02
7/4/2026 17:25,0,0,0,0,1.26,1.05
7/4/2026 17:25,0,0,0,0,1.26,1.03
7/4/2026 17:25,0,0,0,0,1.26,1.29
7/4/2026 17:25,0,0,0,0,1.26,1.36
7/4/2026 17:25,0,0,0,0,1.26,1.47
7/4/2026 17:25,0,0,0,0,1.26,1.24
7/4/2026 17:25,0,0,0,0,1.26,1.06
7/4/2026 17:25,0,0,0,0,1.26,1.02
7/4/2026 17:25,0,0,0,0,1.26,1.01
7/4/2026 17:25,0,0,0,0,1.26,1.26
7/4/2026 17:25,0,0,0,0,1.26,1.11
7/4/2026 17:25,0,0,0,0,1.26,1.12
7/4/2026 17:25,0,0,0,0,1.26,1.1
7/4/2026 17:25,0,0,0,0,1.26,1.21
7/4/2026 17:25,0,0,0,0,1.26,1.46
7/4/2026 17:25,0,0,0,0,1.26,1.24
7/4/2026 17:25,0,0,0,0,1.26,1.06
7/4/2026 17:25,0,0,0,0,1.26,1.04
7/4/2026 17:25,0,0,0,0,1.26,1.17
7/4/2026 17:26,0,0,0,0,1.26,1.31
7/4/2026 17:26,0,0,0,0,1.26,1.24
7/4/2026 17:26,0,0,0,0,1.26,1.38
7/4/2026 17:26,0,0,0,0,1.26,1.1
7/4/2026 17:26,0,0,0,0,1.26,1.02
7/4/2026 17:26,0,0,0,0,1.26,1.11
7/4/2026 17:26,0,0,0,0,1.26,1.26
7/4/2026 17:26,0,0,0,0,1.26,1.48
7/4/2026 17:26,0,0,0,0,1.26,1.02
7/4/2026 17:26,0,0,0,0,1.26,1.49
7/4/2026 17:26,0,0,0,0,1.26,1.02
7/4/2026 17:26,0,0,0,0,1.26,1.06
7/4/2026 17:26,0,0,0,0,1.26,1.03
7/4/2026 17:26,0,0,0,0,1.26,1.03
7/4/2026 17:26,0,0,0,0,1.26,1.32
7/4/2026 17:26,0,0,0,0,1.26,1.1
7/4/2026 17:26,0,0,0,0,1.26,1.04
7/4/2026 17:26,0,0,0,0,1.26,1.04
7/4/2026 17:26,0,0,0,0,1.26,1.33
7/4/2026 17:26,0,0,0,0,1.26,1.26
7/4/2026 17:26,0,0,0,0,1.26,1.03
7/4/2026 17:26,0,0,0,0,1.26,1.14
7/4/2026 17:26,0,0,0,0,1.26,1.01
7/4/2026 17:26,0,0,0,0,1.26,1.05
7/4/2026 17:26,0,0,0,0,1.26,1.03
7/4/2026 17:26,0,0,0,0,1.26,1.08
7/4/2026 17:26,0,0,0,0,1.26,100
7/4/2026 17:26,0,0,0,0,1.26,1.47
7/4/2026 17:26,0,0,0,0,1.26,1.39
7/4/2026 17:26,0,0,0,0,1.26,1.14
7/4/2026 17:26,0,0,0,0,1.26,1.18
7/4/2026 17:26,0,0,0,0,1.26,1.04
7/4/2026 17:26,0,0,0,0,1.26,1.12
7/4/2026 17:26,0,0,0,0,1.26,1.24
7/4/2026 17:26,0,0,0,0,1.26,1.01
7/4/2026 17:26,0,0,0,0,1.26,1.24
7/4/2026 17:26,0,0,0,0,1.26,1.19
7/4/2026 17:26,0,0,0,0,1.26,1.11
7/4/2026 17:26,0,0,0,0,1.26,1.13
7/4/2026 17:26,0,0,0,0,1.26,1.23
7/4/2026 17:26,0,0,0,0,1.26,1.38
7/4/2026 17:26,0,0,0,0,1.26,1.22
7/4/2026 17:26,0,0,0,0,1.26,1.3
7/4/2026 17:26,0,0,0,0,1.26,1.28
7/4/2026 17:26,0,0,0,0,1.26,1.07
7/4/2026 17:26,0,0,0,0,1.26,1.52
7/4/2026 17:26,0,0,0,0,1.26,1.11
7/4/2026 17:26,0,0,0,0,1.26,1.13
7/4/2026 17:26,0,0,0,0,1.26,1.38
7/4/2026 17:26,0,0,0,0,1.26,1.14
7/4/2026 17:26,0,0,0,0,1.26,1.08
7/4/2026 17:26,0,0,0,0,1.26,2.72
7/4/2026 17:26,0,0,0,0,1.26,1.43
7/4/2026 17:26,0,0,0,0,1.26,1.14
7/4/2026 17:26,0,0,0,0,1.26,1.54
7/4/2026 17:26,0,0,0,0,1.26,1.23
7/4/2026 17:26,0,0,0,0,1.26,1.33
7/4/2026 17:26,0,0,0,0,1.26,1.3
7/4/2026 17:26,0,0,0,0,1.26,1.05
7/4/2026 17:26,0,0,0,0,1.26,1.08
7/4/2026 17:26,0,0,0,0,1.26,1.23
7/4/2026 17:26,0,0,0,0,1.26,1.65
7/4/2026 17:26,0,0,0,0,1.26,1.02
7/4/2026 17:26,0,0,0,0,1.26,1.33
7/4/2026 17:26,0,0,0,0,1.26,1.55
7/4/2026 17:26,0,0,0,0,1.26,1.45
7/4/2026 17:26,0,0,0,0,1.26,1.2
7/4/2026 17:26,0,0,0,0,1.26,1.04
7/4/2026 17:26,0,0,0,0,1.26,1.05
7/4/2026 17:26,0,0,0,0,1.26,1.02
7/4/2026 17:26,0,0,0,0,1.26,1.07
7/4/2026 17:26,0,0,0,0,1.26,1.03
7/4/2026 17:26,0,0,0,0,1.26,1.12
7/4/2026 17:26,0,0,0,0,1.26,1.23
7/4/2026 17:26,0,0,0,0,1.26,1.01
7/4/2026 17:26,0,0,0,0,1.26,1.18
7/4/2026 17:26,0,0,0,0,1.26,1.17
7/4/2026 17:26,0,0,0,0,1.26,1.09
7/4/2026 17:26,0,0,0,0,1.26,1.28
7/4/2026 17:26,0,0,0,0,1.26,1.67
7/4/2026 17:26,0,0,0,0,1.26,1.17
7/4/2026 17:26,0,0,0,0,1.26,1.14
7/4/2026 17:26,0,0,0,0,1.26,1.43
7/4/2026 17:26,0,0,0,0,1.26,1.14
7/4/2026 17:26,0,0,0,0,1.26,1.08
7/4/2026 17:26,0,0,0,0,1.26,1.25
7/4/2026 17:26,0,0,0,0,1.26,1.02
7/4/2026 17:26,0,0,0,0,1.26,1.32
7/4/2026 17:26,0,0,0,0,1.26,1.35
7/4/2026 17:26,0,0,0,0,1.26,1.28
7/4/2026 17:26,0,0,0,0,1.26,1.33
7/4/2026 17:26,0,0,0,0,1.26,1.02
7/4/2026 17:26,0,0,0,0,1.26,1.02
7/4/2026 17:26,0,0,0,0,1.26,1.06
7/4/2026 17:26,0,0,0,0,1.26,1.16
7/4/2026 17:26,0,0,0,0,1.26,1.06
7/4/2026 17:26,0,0,0,0,1.26,1.38
7/4/2026 17:26,0,0,0,0,1.26,1.39
7/4/2026 17:26,0,0,0,0,1.26,1.08
7/4/2026 17:26,0,0,0,0,1.26,1.06
7/4/2026 17:26,0,0,0,0,1.26,1
7/4/2026 17:26,0,0,0,0,1.26,1.34
7/4/2026 17:26,0,0,0,0,1.26,1.22
7/4/2026 17:26,0,0,0,0,1.26,1.02
7/4/2026 17:26,0,0,0,0,1.26,1.01
7/4/2026 17:26,0,0,0,0,1.26,1.37
7/4/2026 17:26,0,0,0,0,1.26,1.56
7/4/2026 17:26,0,0,0,0,1.26,1.05
7/4/2026 17:26,0,0,0,0,1.26,1.59
7/4/2026 17:26,0,0,0,0,1.26,2.91
7/4/2026 17:26,0,0,0,0,1.26,1.33
7/4/2026 17:26,0,0,0,0,1.26,1.25
7/4/2026 17:26,0,0,0,0,1.26,1.37
7/4/2026 17:26,0,0,0,0,1.26,1.62
7/4/2026 17:26,0,0,0,0,1.26,1.04
7/4/2026 17:26,0,0,0,0,1.26,1.01
7/4/2026 17:26,0,0,0,0,1.26,1.08
7/4/2026 17:26,0,0,0,0,1.26,1.22
7/4/2026 17:26,0,0,0,0,1.26,1.36
7/4/2026 17:26,0,0,0,0,1.26,1.02
7/4/2026 17:26,0,0,0,0,1.26,1.2
7/4/2026 17:26,0,0,0,0,1.26,1.39
7/4/2026 17:26,0,0,0,0,1.26,1.18
7/4/2026 17:26,0,0,0,0,1.26,1.03
7/4/2026 17:26,0,0,0,0,1.26,1.5
7/4/2026 17:26,0,0,0,0,1.26,1.1
7/4/2026 17:26,0,0,0,0,1.26,1.09
7/4/2026 17:26,0,0,0,0,1.26,1.69
7/4/2026 17:26,0,0,0,0,1.26,1.49
7/4/2026 17:26,0,0,0,0,1.26,1.52
7/4/2026 17:26,0,0,0,0,1.26,1.1
7/4/2026 17:26,0,0,0,0,1.26,1.18
7/4/2026 17:26,0,0,0,0,1.26,1.52
7/4/2026 17:26,0,0,0,0,1.26,2.12
7/4/2026 17:26,0,0,0,0,1.26,1.29
7/4/2026 17:26,0,0,0,0,1.26,1.13
7/4/2026 17:26,0,0,0,0,1.26,1.25
7/4/2026 17:26,0,0,0,0,1.26,1.02
7/4/2026 17:26,0,0,0,0,1.26,1.27
7/4/2026 17:26,0,0,0,0,1.26,1.19
7/4/2026 17:26,0,0,0,0,1.26,1.48
7/4/2026 17:26,0,0,0,0,1.26,1.07
7/4/2026 17:26,0,0,0,0,1.26,1.03
7/4/2026 17:26,0,0,0,0,1.26,1.02
7/4/2026 17:26,0,0,0,0,1.26,1.32
7/4/2026 17:26,0,0,0,0,1.26,1.01
7/4/2026 17:26,0,0,0,0,1.26,1.05
7/4/2026 17:26,0,0,0,0,1.26,1.23
7/4/2026 17:26,0,0,0,0,1.26,1.01
7/4/2026 17:26,0,0,0,0,1.26,1.17
7/4/2026 17:26,0,0,0,0,1.26,1.18
7/4/2026 17:26,0,0,0,0,1.26,1.3
7/4/2026 17:26,0,0,0,0,1.26,1.13
7/4/2026 17:26,0,0,0,0,1.26,1.17
7/4/2026 17:26,0,0,0,0,1.26,1.04
7/4/2026 17:26,0,0,0,0,1.26,1.03
7/4/2026 17:26,0,0,0,0,1.26,1.02
7/4/2026 17:26,0,0,0,0,1.26,1.33
7/4/2026 17:26,0,0,0,0,1.26,1.09
7/4/2026 17:26,0,0,0,0,1.26,1
7/4/2026 17:26,0,0,0,0,1.26,1.01
7/4/2026 17:26,0,0,0,0,1.26,1.47
7/4/2026 17:26,0,0,0,0,1.26,1.36
7/4/2026 17:26,0,0,0,0,1.26,1.03
7/4/2026 17:26,0,0,0,0,1.26,1.26
7/4/2026 17:26,0,0,0,0,1.26,1.11
7/4/2026 17:26,0,0,0,0,1.26,2.08
7/4/2026 17:26,0,0,0,0,1.26,1.06
7/4/2026 17:26,0,0,0,0,1.26,1.45
7/4/2026 17:26,0,0,0,0,1.26,1.07
7/4/2026 17:26,0,0,0,0,1.26,1.01
7/4/2026 17:26,0,0,0,0,1.26,1.04
7/4/2026 17:26,0,0,0,0,1.26,1.06
7/4/2026 17:26,0,0,0,0,1.26,1.09
7/4/2026 17:26,0,0,0,0,1.26,1.43
7/4/2026 17:26,0,0,0,0,1.26,1.09
7/4/2026 17:26,0,0,0,0,1.26,1.09
7/4/2026 17:26,0,0,0,0,1.26,1.06
7/4/2026 17:26,0,0,0,0,1.26,1.02
7/4/2026 17:26,0,0,0,0,1.26,1
7/4/2026 17:26,0,0,0,0,1.26,1.01
7/4/2026 17:26,0,0,0,0,1.26,1.28
7/4/2026 17:26,0,0,0,0,1.26,1.57
7/4/2026 17:26,0,0,0,0,1.26,1.23
7/4/2026 17:26,0,0,0,0,1.26,1.44
7/4/2026 17:26,0,0,0,0,1.26,1.15
7/4/2026 17:26,0,0,0,0,1.26,1.04
7/4/2026 17:26,0,0,0,0,1.26,1.02
7/4/2026 17:26,0,0,0,0,1.26,1.24
7/4/2026 17:26,0,0,0,0,1.26,1.04
7/4/2026 17:26,0,0,0,0,1.26,1.12
7/4/2026 17:26,0,0,0,0,1.26,1.11
7/4/2026 17:26,0,0,0,0,1.26,1.21
7/4/2026 17:26,0,0,0,0,1.26,1.5
7/4/2026 17:26,0,0,0,0,1.26,1.12
7/4/2026 17:26,0,0,0,0,1.26,1.01
7/4/2026 17:26,0,0,0,0,1.26,1.44
7/4/2026 17:26,0,0,0,0,1.26,1.05
7/4/2026 17:26,0,0,0,0,1.26,1.34
7/4/2026 17:26,0,0,0,0,1.26,1.27
7/4/2026 17:26,0,0,0,0,1.26,1.06
7/4/2026 17:26,0,0,0,0,1.26,1.15
7/4/2026 17:26,0,0,0,0,1.26,1.02
7/4/2026 17:26,0,0,0,0,1.26,1.46
7/4/2026 17:26,0,0,0,0,1.26,1.11
7/4/2026 17:26,0,0,0,0,1.26,1.09
7/4/2026 17:26,0,0,0,0,1.26,1.28
7/4/2026 17:26,0,0,0,0,1.26,1.04
7/4/2026 17:26,0,0,0,0,1.26,1.11
7/4/2026 17:26,0,0,0,0,1.26,1.07
7/4/2026 17:26,0,0,0,0,1.26,1.07
7/4/2026 17:26,0,0,0,0,1.26,1.14
7/4/2026 17:26,0,0,0,0,1.26,1.15
7/4/2026 17:26,0,0,0,0,1.26,1.03
7/4/2026 17:26,0,0,0,0,1.26,1.17
7/4/2026 17:26,0,0,0,0,1.26,1.18
7/4/2026 17:26,0,0,0,0,1.26,1.18
7/4/2026 17:26,0,0,0,0,1.26,1.19
7/4/2026 17:26,0,0,0,0,1.26,1.08
7/4/2026 17:26,0,0,0,0,1.26,1.07
7/4/2026 17:26,0,0,0,0,1.26,1.13
7/4/2026 17:26,0,0,0,0,1.26,1.02
7/4/2026 17:26,0,0,0,0,1.26,1.25
7/4/2026 17:26,0,0,0,0,1.26,1.19
7/4/2026 17:26,0,0,0,0,1.26,1.01
7/4/2026 17:26,0,0,0,0,1.26,1.48
7/4/2026 17:26,0,0,0,0,1.26,1
7/4/2026 17:26,0,0,0,0,1.26,1.11
7/4/2026 17:26,0,0,0,0,1.26,1.19
7/4/2026 17:26,0,0,0,0,1.26,1.39
7/4/2026 17:26,0,0,0,0,1.26,1.01
7/4/2026 17:26,0,0,0,0,1.26,1.01
7/4/2026 17:26,0,0,0,0,1.26,1.37
7/4/2026 17:26,0,0,0,0,1.26,1.03
7/4/2026 17:26,0,0,0,0,1.26,1.03
7/4/2026 17:26,0,0,0,0,1.26,1.13
7/4/2026 17:26,0,0,0,0,1.26,1.04
7/4/2026 17:26,0,0,0,0,1.26,1.14
7/4/2026 17:26,0,0,0,0,1.26,1.04
7/4/2026 17:26,0,0,0,0,1.26,1.17
7/4/2026 17:26,0,0,0,0,1.26,1.14
7/4/2026 17:26,0,0,0,0,1.26,1.05
7/4/2026 17:26,0,0,0,0,1.26,1.03
7/4/2026 17:26,0,0,0,0,1.26,1.39
7/4/2026 17:26,0,0,0,0,1.26,1.03
7/4/2026 17:26,0,0,0,0,1.26,1.11
7/4/2026 17:26,0,0,0,0,1.26,1.26
7/4/2026 17:26,0,0,0,0,1.26,1.2
7/4/2026 17:26,0,0,0,0,1.26,1.03
7/4/2026 17:26,0,0,0,0,1.26,1.49
7/4/2026 17:26,0,0,0,0,1.26,1.13
7/4/2026 17:26,0,0,0,0,1.26,1.06
7/4/2026 17:26,0,0,0,0,1.26,1.64
7/4/2026 17:26,0,0,0,0,1.26,1.11
7/4/2026 17:26,0,0,0,0,1.26,1.06
7/4/2026 17:26,0,0,0,0,1.26,1.2
7/4/2026 17:26,0,0,0,0,1.26,1.28
7/4/2026 17:26,0,0,0,0,1.26,1.18
7/4/2026 17:26,0,0,0,0,1.26,1.01
7/4/2026 17:26,0,0,0,0,1.26,1.01
7/4/2026 17:26,0,0,0,0,1.26,1.4
7/4/2026 17:26,0,0,0,0,1.26,1.12
7/4/2026 17:26,0,0,0,0,1.26,1.35
7/4/2026 17:26,0,0,0,0,1.26,1.1
7/4/2026 17:26,0,0,0,0,1.26,1.08
7/4/2026 17:26,0,0,0,0,1.26,1.12
7/4/2026 17:26,0,0,0,0,1.26,1
7/4/2026 17:26,0,0,0,0,1.26,1.18
7/4/2026 17:26,0,0,0,0,1.26,1.08
7/4/2026 17:26,0,0,0,0,1.26,1.05
7/4/2026 17:26,0,0,0,0,1.26,1.45
7/4/2026 17:26,0,0,0,0,1.26,1.17
7/4/2026 17:26,0,0,0,0,1.26,1.17
7/4/2026 17:26,0,0,0,0,1.26,1.28
7/4/2026 17:26,0,0,0,0,1.26,1.46
7/4/2026 17:26,0,0,0,0,1.26,1.03
7/4/2026 17:26,0,0,0,0,1.26,1.03
7/4/2026 17:26,0,0,0,0,1.26,1.11
7/4/2026 17:26,0,0,0,0,1.26,1.01
7/4/2026 17:26,0,0,0,0,1.26,1.1
7/4/2026 17:26,0,0,0,0,1.26,1.36
7/4/2026 17:26,0,0,0,0,1.26,1.49
7/4/2026 17:26,0,0,0,0,1.26,1.06
7/4/2026 17:26,0,0,0,0,1.26,1.03
7/4/2026 17:26,0,0,0,0,1.26,1.22
7/4/2026 17:26,0,0,0,0,1.26,1.1
7/4/2026 17:26,0,0,0,0,1.26,1.2
7/4/2026 17:26,0,0,0,0,1.26,1.37
7/4/2026 17:26,0,0,0,0,1.26,1.31
7/4/2026 17:26,0,0,0,0,1.26,1.09
7/4/2026 17:26,0,0,0,0,1.26,1.03
7/4/2026 17:26,0,0,0,0,1.26,1.04
7/4/2026 17:26,0,0,0,0,1.26,1.19
7/4/2026 17:26,0,0,0,0,1.26,1.07
7/4/2026 17:26,0,0,0,0,1.26,1.19
7/4/2026 17:26,0,0,0,0,1.26,1.09
7/4/2026 17:26,0,0,0,0,1.26,1.32
7/4/2026 17:26,0,0,0,0,1.26,1.42
7/4/2026 17:26,0,0,0,0,1.26,1.04
7/4/2026 17:26,0,0,0,0,1.26,1.17
7/4/2026 17:26,0,0,0,0,1.26,1
7/4/2026 17:26,0,0,0,0,1.26,1.12
7/4/2026 17:26,0,0,0,0,1.26,1.06
7/4/2026 17:26,0,0,0,0,1.26,1.02
7/4/2026 17:26,0,0,0,0,1.26,1.26
7/4/2026 17:26,0,0,0,0,1.26,1.25
7/4/2026 17:26,0,0,0,0,1.26,1.23
7/4/2026 17:26,0,0,0,0,1.26,1.04
7/4/2026 17:26,0,0,0,0,1.26,1.08
7/4/2026 17:26,0,0,0,0,1.26,1.05
7/4/2026 17:26,0,0,0,0,1.26,1.03
7/4/2026 17:26,0,0,0,0,1.26,1.21
7/4/2026 17:26,0,0,0,0,1.26,1.1
7/4/2026 17:26,0,0,0,0,1.26,1.07
7/4/2026 17:26,0,0,0,0,1.26,1.19
7/4/2026 17:26,0,0,0,0,1.26,1.03
7/4/2026 17:26,0,0,0,0,1.26,1.03
7/4/2026 17:26,0,0,0,0,1.26,1.5
7/4/2026 17:26,0,0,0,0,1.26,1.55
7/4/2026 17:26,0,0,0,0,1.26,1.43
7/4/2026 17:26,0,0,0,0,1.26,1.43
7/4/2026 17:26,0,0,0,0,1.26,1.03
7/4/2026 17:26,0,0,0,0,1.26,1.59
7/4/2026 17:26,0,0,0,0,1.26,1.07
7/4/2026 17:26,0,0,0,0,1.26,1.86
7/4/2026 17:26,0,0,0,0,1.26,1.06
7/4/2026 17:26,0,0,0,0,1.26,1.39
7/4/2026 17:26,0,0,0,0,1.26,1.1
7/4/2026 17:26,0,0,0,0,1.26,1.17
7/4/2026 17:26,0,0,0,0,1.26,1.03
7/4/2026 17:26,0,0,0,0,1.26,1.14
7/4/2026 17:26,0,0,0,0,1.26,1.01
7/4/2026 17:26,0,0,0,0,1.26,1.01
7/4/2026 17:26,0,0,0,0,1.26,1.08
7/4/2026 17:26,0,0,0,0,1.26,1.48
7/4/2026 17:26,0,0,0,0,1.26,1.06
7/4/2026 17:26,0,0,0,0,1.26,1.03
7/4/2026 17:26,0,0,0,0,1.26,1.12
7/4/2026 17:26,0,0,0,0,1.26,1.44
7/4/2026 17:26,0,0,0,0,1.26,1.04
7/4/2026 17:26,0,0,0,0,1.26,1.14
7/4/2026 17:26,0,0,0,0,1.26,1.15
7/4/2026 17:26,0,0,0,0,1.26,1.14
7/4/2026 17:26,0,0,0,0,1.26,1.3
7/4/2026 17:26,0,0,0,0,1.26,1.28
7/4/2026 17:26,0,0,0,0,1.26,1.31
7/4/2026 17:26,0,0,0,0,1.26,1.11
7/4/2026 17:26,0,0,0,0,1.26,1.27
7/4/2026 17:26,0,0,0,0,1.26,1.25
7/4/2026 17:26,0,0,0,0,1.26,1.1
7/4/2026 17:26,0,0,0,0,1.26,1.1
7/4/2026 17:26,0,0,0,0,1.26,1.1
7/4/2026 17:26,0,0,0,0,1.26,1.21
7/4/2026 17:26,0,0,0,0,1.26,1.15
7/4/2026 17:26,0,0,0,0,1.26,1.15
7/4/2026 17:26,0,0,0,0,1.26,1.02
7/4/2026 17:26,0,0,0,0,1.26,1.05
7/4/2026 17:26,0,0,0,0,1.26,1.08
7/4/2026 17:26,0,0,0,0,1.26,1.01
7/4/2026 17:26,0,0,0,0,1.26,1.04
7/4/2026 17:26,0,0,0,0,1.26,1.28
7/4/2026 17:26,0,0,0,0,1.26,1.08
7/4/2026 17:26,0,0,0,0,1.26,1.24
7/4/2026 17:26,0,0,0,0,1.26,1.29
7/4/2026 17:26,0,0,0,0,1.26,1.07
7/4/2026 17:26,0,0,0,0,1.26,1.67
7/4/2026 17:26,0,0,0,0,1.26,1.4
7/4/2026 17:26,0,0,0,0,1.26,1.13
7/4/2026 17:26,0,0,0,0,1.26,1.1
7/4/2026 17:26,0,0,0,0,1.26,1.04
7/4/2026 17:26,0,0,0,0,1.26,1.3
7/4/2026 17:26,0,0,0,0,1.26,1.16
7/4/2026 17:26,0,0,0,0,1.26,1.22
7/4/2026 17:26,0,0,0,0,1.26,1.08
7/4/2026 17:26,0,0,0,0,1.26,1.09
7/4/2026 17:26,0,0,0,0,1.26,1.03
7/4/2026 17:26,0,0,0,0,1.26,1.43
7/4/2026 17:26,0,0,0,0,1.26,1.02
7/4/2026 17:26,0,0,0,0,1.26,1.45
7/4/2026 17:26,0,0,0,0,1.26,1.04
7/4/2026 17:26,0,0,0,0,1.26,1.15
7/4/2026 17:26,0,0,0,0,1.26,1.19
7/4/2026 17:26,0,0,0,0,1.26,1.02
7/4/2026 17:26,0,0,0,0,1.26,1.06
7/4/2026 17:26,0,0,0,0,1.26,1.09
7/4/2026 17:26,0,0,0,0,1.26,1.16
7/4/2026 17:26,0,0,0,0,1.26,1.13
7/4/2026 17:26,0,0,0,0,1.26,1.01
7/4/2026 17:26,0,0,0,0,1.26,1.36
7/4/2026 17:26,0,0,0,0,1.26,1.14
7/4/2026 17:26,0,0,0,0,1.26,1.02
7/4/2026 17:26,0,0,0,0,1.26,1.34
7/4/2026 17:26,0,0,0,0,1.26,1.06
7/4/2026 17:26,0,0,0,0,1.26,1.09
7/4/2026 17:26,0,0,0,0,1.26,1.03
7/4/2026 17:26,0,0,0,0,1.26,2.33
7/4/2026 17:26,0,0,0,0,1.26,1.23
7/4/2026 17:26,0,0,0,0,1.26,1.54
7/4/2026 17:26,0,0,0,0,1.26,1.04
7/4/2026 17:26,0,0,0,0,1.26,1.01
7/4/2026 17:26,0,0,0,0,1.26,2.1
7/4/2026 17:26,0,0,0,0,1.26,1.19
7/4/2026 17:26,0,0,0,0,1.26,1
7/4/2026 17:26,0,0,0,0,1.26,1.12
7/4/2026 17:26,0,0,0,0,1.26,1.2
7/4/2026 17:26,0,0,0,0,1.26,1.04
7/4/2026 17:26,0,0,0,0,1.26,1.16
7/4/2026 17:26,0,0,0,0,1.26,1.04
7/4/2026 17:26,0,0,0,0,1.26,1.03
7/4/2026 17:26,0,0,0,0,1.26,1.07
7/4/2026 17:26,0,0,0,0,1.26,1.02
7/4/2026 17:26,0,0,0,0,1.26,1
7/4/2026 17:26,0,0,0,0,1.26,1
7/4/2026 17:26,0,0,0,0,1.26,1.23
7/4/2026 17:26,0,0,0,0,1.26,1
7/4/2026 17:26,0,0,0,0,1.26,1.17
7/4/2026 17:26,0,0,0,0,1.26,1.14
7/4/2026 17:26,0,0,0,0,1.26,1.04
7/4/2026 17:26,0,0,0,0,1.26,1.17
7/4/2026 17:26,0,0,0,0,1.26,1.05
7/4/2026 17:26,0,0,0,0,1.26,1.11
7/4/2026 17:26,0,0,0,0,1.26,1.12
7/4/2026 17:26,0,0,0,0,1.26,1.1
7/4/2026 17:26,0,0,0,0,1.26,1.09
7/4/2026 17:26,0,0,0,0,1.26,1.06
7/4/2026 17:26,0,0,0,0,1.26,1.02
7/4/2026 17:26,0,0,0,0,1.26,1.02
7/4/2026 17:26,0,0,0,0,1.26,1.14
7/4/2026 17:26,0,0,0,0,1.26,1
7/4/2026 17:26,0,0,0,0,1.26,1.32
7/4/2026 17:26,0,0,0,0,1.26,1.04
7/4/2026 17:26,0,0,0,0,1.26,1.2
7/4/2026 17:26,0,0,0,0,1.26,1.23
7/4/2026 17:26,0,0,0,0,1.26,1.46
7/4/2026 17:26,0,0,0,0,1.26,1.27
7/4/2026 17:26,0,0,0,0,1.26,1.37
7/4/2026 17:26,0,0,0,0,1.26,1.03
7/4/2026 17:26,0,0,0,0,1.26,1.07
7/4/2026 17:26,0,0,0,0,1.26,1.15
7/4/2026 17:26,0,0,0,0,1.26,1.1
7/4/2026 17:26,0,0,0,0,1.26,1.15
7/4/2026 17:26,0,0,0,0,1.26,1.27
7/4/2026 17:26,0,0,0,0,1.26,1.25
7/4/2026 17:26,0,0,0,0,1.26,1.3
7/4/2026 17:26,0,0,0,0,1.26,1.09
7/4/2026 17:26,0,0,0,0,1.26,1.09
7/4/2026 17:26,0,0,0,0,1.26,1.01
7/4/2026 17:26,0,0,0,0,1.26,1.46
7/4/2026 17:26,0,0,0,0,1.26,1.1
7/4/2026 17:26,0,0,0,0,1.26,1.43
7/4/2026 17:26,0,0,0,0,1.26,1.03
7/4/2026 17:26,0,0,0,0,1.26,1.19
7/4/2026 17:26,0,0,0,0,1.26,1.07
7/4/2026 17:26,0,0,0,0,1.26,1.34
7/4/2026 17:26,0,0,0,0,1.26,1.06
7/4/2026 17:26,0,0,0,0,1.26,1.01
7/4/2026 17:26,0,0,0,0,1.26,1
7/4/2026 17:26,0,0,0,0,1.26,1.04
7/4/2026 17:26,0,0,0,0,1.26,1.12
7/4/2026 17:26,0,0,0,0,1.26,1.02
7/4/2026 17:26,0,0,0,0,1.26,1.29
7/4/2026 17:26,0,0,0,0,1.26,1.09
7/4/2026 17:26,0,0,0,0,1.26,1.02
7/4/2026 17:26,0,0,0,0,1.26,1.28
7/4/2026 17:26,0,0,0,0,1.26,1.44
7/4/2026 17:26,0,0,0,0,1.26,1.04
7/4/2026 17:26,0,0,0,0,1.26,1.07
7/4/2026 17:26,0,0,0,0,1.26,1.03
7/4/2026 17:26,0,0,0,0,1.26,1.46
7/4/2026 17:26,0,0,0,0,1.26,1.46
7/4/2026 17:26,0,0,0,0,1.26,1.2
7/4/2026 17:26,0,0,0,0,1.26,1.06
7/4/2026 17:26,0,0,0,0,1.26,1.07
7/4/2026 17:26,0,0,0,0,1.26,1.14
7/4/2026 17:26,0,0,0,0,1.26,1.23
7/4/2026 17:26,0,0,0,0,1.26,1.21
7/4/2026 17:26,0,0,0,0,1.26,1.48
7/4/2026 17:26,0,0,0,0,1.26,1.11
7/4/2026 17:26,0,0,0,0,1.26,1.06
7/4/2026 17:26,0,0,0,0,1.26,1.02
7/4/2026 17:26,0,0,0,0,1.26,1.07
7/4/2026 17:26,0,0,0,0,1.26,1.08
7/4/2026 17:26,0,0,0,0,1.26,1.09
7/4/2026 17:26,0,0,0,0,1.26,1.15
7/4/2026 17:26,0,0,0,0,1.26,1.29
7/4/2026 17:26,0,0,0,0,1.26,1.01
7/4/2026 17:26,0,0,0,0,1.26,1.07
7/4/2026 17:26,0,0,0,0,1.26,1.27
7/4/2026 17:26,0,0,0,0,1.26,1.17
7/4/2026 17:26,0,0,0,0,1.26,1.06
7/4/2026 17:26,0,0,0,0,1.26,1.11
7/4/2026 17:26,0,0,0,0,1.26,1.09
7/4/2026 17:26,0,0,0,0,1.26,1.02
7/4/2026 17:26,0,0,0,0,1.26,1.14
7/4/2026 17:26,0,0,0,0,1.26,1.14
7/4/2026 17:26,0,0,0,0,1.26,1.22
7/4/2026 17:26,0,0,0,0,1.26,1.23
7/4/2026 17:26,0,0,0,0,1.26,1.2
7/4/2026 17:26,0,0,0,0,1.26,1.04
7/4/2026 17:26,0,0,0,0,1.26,1.32
7/4/2026 17:26,0,0,0,0,1.26,1.13
7/4/2026 17:26,0,0,0,0,1.26,1.27
7/4/2026 17:26,0,0,0,0,1.26,1.31
7/4/2026 17:26,0,0,0,0,1.26,1.12
7/4/2026 17:26,0,0,0,0,1.26,1.04
7/4/2026 17:26,0,0,0,0,1.26,1.04
7/4/2026 17:26,0,0,0,0,1.26,1.47
7/4/2026 17:26,0,0,0,0,1.26,1
7/4/2026 17:26,0,0,0,0,1.26,1.04
7/4/2026 17:26,0,0,0,0,1.26,1.06
7/4/2026 17:26,0,0,0,0,1.26,1.06
7/4/2026 17:26,0,0,0,0,1.26,1.08
7/4/2026 17:26,0,0,0,0,1.26,1.05
7/4/2026 17:26,0,0,0,0,1.26,1.08
7/4/2026 17:26,0,0,0,0,1.26,1.05
7/4/2026 17:26,0,0,0,0,1.26,1.18
7/4/2026 17:26,0,0,0,0,1.26,1.14
7/4/2026 17:26,0,0,0,0,1.26,1.37
7/4/2026 17:26,0,0,0,0,1.26,1.06
7/4/2026 17:26,0,0,0,0,1.26,1.48
7/4/2026 17:26,0,0,0,0,1.26,1.13
7/4/2026 17:26,0,0,0,0,1.26,1.24
7/4/2026 17:26,0,0,0,0,1.26,1.04
7/4/2026 17:26,0,0,0,0,1.26,1.16
7/4/2026 17:26,0,0,0,0,1.26,1
7/4/2026 17:26,0,0,0,0,1.26,1.09
7/4/2026 17:26,0,0,0,0,1.26,1.1
7/4/2026 17:26,0,0,0,0,1.26,1.21
7/4/2026 17:26,0,0,0,0,1.26,1.05
7/4/2026 17:26,0,0,0,0,1.26,1.2
7/4/2026 17:26,0,0,0,0,1.26,1.22
7/4/2026 17:26,0,0,0,0,1.26,1.31
7/4/2026 17:26,0,0,0,0,1.26,1.05
7/4/2026 17:26,0,0,0,0,1.26,1.38
7/4/2026 17:26,0,0,0,0,1.26,1.04
7/4/2026 17:26,0,0,0,0,1.26,1.14
7/4/2026 17:26,0,0,0,0,1.26,1.33
7/4/2026 17:26,0,0,0,0,1.26,1.86
7/4/2026 17:26,0,0,0,0,1.26,1.8
7/4/2026 17:26,0,0,0,0,1.26,1.33
7/4/2026 17:26,0,0,0,0,1.26,1.05
7/4/2026 17:26,0,0,0,0,1.26,1.53
7/4/2026 17:26,0,0,0,0,1.26,1.16
7/4/2026 17:26,0,0,0,0,1.26,1.21
7/4/2026 17:26,0,0,0,0,1.26,1.38
7/4/2026 17:26,0,0,0,0,1.26,1.01
7/4/2026 17:26,0,0,0,0,1.26,1.28
7/4/2026 17:26,0,0,0,0,1.26,1.03
7/4/2026 17:26,0,0,0,0,1.26,1.45
7/4/2026 17:26,0,0,0,0,1.26,1.39
7/4/2026 17:26,0,0,0,0,1.26,1.2
7/4/2026 17:26,0,0,0,0,1.26,1.01
7/4/2026 17:26,0,0,0,0,1.26,1.01
7/4/2026 17:26,0,0,0,0,1.26,1.36
7/4/2026 17:26,0,0,0,0,1.26,1.16
7/4/2026 17:26,0,0,0,0,1.26,1.76
7/4/2026 17:26,0,0,0,0,1.26,1.26
7/4/2026 17:26,0,0,0,0,1.26,1.17
7/4/2026 17:26,0,0,0,0,1.26,1.09
7/4/2026 17:26,0,0,0,0,1.26,1.45
7/4/2026 17:26,0,0,0,0,1.26,1.03
7/4/2026 17:26,0,0,0,0,1.26,1.55
7/4/2026 17:26,0,0,0,0,1.26,1.33
7/4/2026 17:26,0,0,0,0,1.26,1.97
7/4/2026 17:26,0,0,0,0,1.26,1.13
7/4/2026 17:26,0,0,0,0,1.26,1.11
7/4/2026 17:26,0,0,0,0,1.26,1.39
7/4/2026 17:26,0,0,0,0,1.26,1.01
7/4/2026 17:26,0,0,0,0,1.26,1.02
7/4/2026 17:26,0,0,0,0,1.26,1.03
7/4/2026 17:26,0,0,0,0,1.26,1.35
7/4/2026 17:26,0,0,0,0,1.26,1.02
7/4/2026 17:26,0,0,0,0,1.26,1.39
7/4/2026 17:26,0,0,0,0,1.26,1.26
7/4/2026 17:26,0,0,0,0,1.26,1.34
7/4/2026 17:26,0,0,0,0,1.26,1.12
7/4/2026 17:26,0,0,0,0,1.26,1.22
7/4/2026 17:26,0,0,0,0,1.26,1.18
7/4/2026 17:26,0,0,0,0,1.26,1.02
7/4/2026 17:26,0,0,0,0,1.26,1.41
7/4/2026 17:26,0,0,0,0,1.26,1
7/4/2026 17:26,0,0,0,0,1.26,1.02
7/4/2026 17:26,0,0,0,0,1.26,1.03
7/4/2026 17:26,0,0,0,0,1.26,1.34
7/4/2026 17:26,0,0,0,0,1.26,1.12
7/4/2026 17:26,0,0,0,0,1.26,1.26
7/4/2026 17:26,0,0,0,0,1.26,1.03
7/4/2026 17:26,0,0,0,0,1.26,1
7/4/2026 17:26,0,0,0,0,1.26,1.42
7/4/2026 17:26,0,0,0,0,1.26,1.12
7/4/2026 17:26,0,0,0,0,1.26,1.16
7/4/2026 17:26,0,0,0,0,1.26,1.22
7/4/2026 17:26,0,0,0,0,1.26,1.3
7/4/2026 17:26,0,0,0,0,1.26,1.81
7/4/2026 17:26,0,0,0,0,1.26,1.28
7/4/2026 17:26,0,0,0,0,1.26,1.06
7/4/2026 17:26,0,0,0,0,1.26,1.06
7/4/2026 17:26,0,0,0,0,1.26,1.21
7/4/2026 17:26,0,0,0,0,1.26,1.17
7/4/2026 17:26,0,0,0,0,1.26,1.13
7/4/2026 17:26,0,0,0,0,1.26,1.64
7/4/2026 17:26,0,0,0,0,1.26,1.15
7/4/2026 17:26,0,0,0,0,1.26,1.01
7/4/2026 17:26,0,0,0,0,1.26,1.42
7/4/2026 17:26,0,0,0,0,1.26,1.31
7/4/2026 17:26,0,0,0,0,1.26,2.13
7/4/2026 17:26,0,0,0,0,1.26,1.4
7/4/2026 17:26,0,0,0,0,1.26,1.06
7/4/2026 17:26,0,0,0,0,1.26,100
7/4/2026 17:26,0,0,0,0,1.26,1.39
7/4/2026 17:26,0,0,0,0,1.26,1.08
7/4/2026 17:26,0,0,0,0,1.26,1.16
7/4/2026 17:26,0,0,0,0,1.26,1.08
7/4/2026 17:26,0,0,0,0,1.26,1.24
7/4/2026 17:26,0,0,0,0,1.26,1.27
7/4/2026 17:26,0,0,0,0,1.26,1.04
7/4/2026 17:26,0,0,0,0,1.26,1.49
7/4/2026 17:26,0,0,0,0,1.26,1.04
7/4/2026 17:26,0,0,0,0,1.26,1.22
7/4/2026 17:26,0,0,0,0,1.26,1.4
7/4/2026 17:26,0,0,0,0,1.26,1.07
7/4/2026 17:26,0,0,0,0,1.26,1.19
7/4/2026 17:26,0,0,0,0,1.26,1.32
7/4/2026 17:26,0,0,0,0,1.26,1.36
7/4/2026 17:26,0,0,0,0,1.26,1.01
7/4/2026 17:26,0,0,0,0,1.26,1.33
7/4/2026 17:26,0,0,0,0,1.26,1.35
7/4/2026 17:26,0,0,0,0,1.26,1.18
7/4/2026 17:26,0,0,0,0,1.26,1.06
7/4/2026 17:26,0,0,0,0,1.26,1.38
7/4/2026 17:26,0,0,0,0,1.26,1.06
7/4/2026 17:26,0,0,0,0,1.26,1.06
7/4/2026 17:26,0,0,0,0,1.26,1.08
7/4/2026 17:26,0,0,0,0,1.26,1.11
7/4/2026 17:26,0,0,0,0,1.26,1.47
7/4/2026 17:26,0,0,0,0,1.26,1.09
7/4/2026 17:26,0,0,0,0,1.26,1.05
7/4/2026 17:26,0,0,0,0,1.26,1.2
7/4/2026 17:26,0,0,0,0,1.26,1.1
7/4/2026 17:26,0,0,0,0,1.26,2.07
7/4/2026 17:26,0,0,0,0,1.26,1.37
7/4/2026 17:26,0,0,0,0,1.26,1.17
7/4/2026 17:26,0,0,0,0,1.26,1.21
7/4/2026 17:26,0,0,0,0,1.26,1.04
7/4/2026 17:26,0,0,0,0,1.26,2.33
7/4/2026 17:26,0,0,0,0,1.26,1.01
7/4/2026 17:26,0,0,0,0,1.26,1.06
7/4/2026 17:26,0,0,0,0,1.26,1.28
7/4/2026 17:26,0,0,0,0,1.26,1.05
7/4/2026 17:26,0,0,0,0,1.26,1.2
7/4/2026 17:26,0,0,0,0,1.26,1.05
7/4/2026 17:26,0,0,0,0,1.26,100
7/4/2026 17:26,0,0,0,0,1.26,1.62
7/4/2026 17:26,0,0,0,0,1.26,1.09
7/4/2026 17:26,0,0,0,0,1.26,1.14
7/4/2026 17:26,0,0,0,0,1.26,1.43
7/4/2026 17:26,0,0,0,0,1.26,1.09
7/4/2026 17:26,0,0,0,0,1.26,1.1
7/4/2026 17:26,0,0,0,0,1.26,1.07
7/4/2026 17:26,0,0,0,0,1.26,1.03
7/4/2026 17:26,0,0,0,0,1.26,1.34
7/4/2026 17:26,0,0,0,0,1.26,1.05
7/4/2026 17:26,0,0,0,0,1.26,1.02
7/4/2026 17:26,0,0,0,0,1.26,1.44
7/4/2026 17:26,0,0,0,0,1.26,1.08
7/4/2026 17:26,0,0,0,0,1.26,1.07
7/4/2026 17:26,0,0,0,0,1.26,1.1
7/4/2026 17:26,0,0,0,0,1.26,1.01
7/4/2026 17:26,0,0,0,0,1.26,1.1
7/4/2026 17:26,0,0,0,0,1.26,1.09
7/4/2026 17:26,0,0,0,0,1.26,1.17
7/4/2026 17:26,0,0,0,0,1.26,1.07
7/4/2026 17:26,0,0,0,0,1.26,1.18
7/4/2026 17:26,0,0,0,0,1.26,1
7/4/2026 17:26,0,0,0,0,1.26,1.29
7/4/2026 17:26,0,0,0,0,1.26,1.08
7/4/2026 17:26,0,0,0,0,1.26,1.48
7/4/2026 17:26,0,0,0,0,1.26,1.25
7/4/2026 17:26,0,0,0,0,1.26,1.31
7/4/2026 17:26,0,0,0,0,1.26,1.43
7/4/2026 17:26,0,0,0,0,1.26,1.03
7/4/2026 17:26,0,0,0,0,1.26,1.01
7/4/2026 17:26,0,0,0,0,1.26,1.07
7/4/2026 17:26,0,0,0,0,1.26,1.15
7/4/2026 17:26,0,0,0,0,1.26,1.53
7/4/2026 17:26,0,0,0,0,1.26,1.13
7/4/2026 17:26,0,0,0,0,1.26,1.16
7/4/2026 17:26,0,0,0,0,1.26,1.05
7/4/2026 17:26,0,0,0,0,1.26,1.32
7/4/2026 17:26,0,0,0,0,1.26,1.36
7/4/2026 17:26,0,0,0,0,1.26,1.03
7/4/2026 17:26,0,0,0,0,1.26,1.18
7/4/2026 17:26,0,0,0,0,1.26,1.05
7/4/2026 17:26,0,0,0,0,1.26,1.35
7/4/2026 17:26,0,0,0,0,1.26,1.16
7/4/2026 17:26,0,0,0,0,1.26,1.03
7/4/2026 17:26,0,0,0,0,1.26,1.44
7/4/2026 17:26,0,0,0,0,1.26,1.4
7/4/2026 17:26,0,0,0,0,1.26,1.22
7/4/2026 17:26,0,0,0,0,1.26,1.07
7/4/2026 17:26,0,0,0,0,1.26,1.08
7/4/2026 17:26,0,0,0,0,1.26,1.19
7/4/2026 17:26,0,0,0,0,1.26,1.04
7/4/2026 17:26,0,0,0,0,1.26,1.21
7/4/2026 17:26,0,0,0,0,1.26,1.38
7/4/2026 17:26,0,0,0,0,1.26,1.07
7/4/2026 17:26,0,0,0,0,1.26,1
7/4/2026 17:26,0,0,0,0,1.26,1.14
7/4/2026 17:26,0,0,0,0,1.26,1.19
7/4/2026 17:26,0,0,0,0,1.26,1.52
7/4/2026 17:26,0,0,0,0,1.26,1.41
7/4/2026 17:26,0,0,0,0,1.26,1.09
7/4/2026 17:26,0,0,0,0,1.26,1.46
7/4/2026 17:26,0,0,0,0,1.26,1.07
7/4/2026 17:26,0,0,0,0,1.26,1.57
7/4/2026 17:26,0,0,0,0,1.26,1.25
7/4/2026 17:26,0,0,0,0,1.26,1.13
7/4/2026 17:26,0,0,0,0,1.26,1.23
7/4/2026 17:26,0,0,0,0,1.26,1.34
7/4/2026 17:26,0,0,0,0,1.26,1.05
7/4/2026 17:26,0,0,0,0,1.26,1.02
7/4/2026 17:26,0,0,0,0,1.26,1.31
7/4/2026 17:26,0,0,0,0,1.26,1.31
7/4/2026 17:26,0,0,0,0,1.26,1
7/4/2026 17:26,0,0,0,0,1.26,1.38
7/4/2026 17:26,0,0,0,0,1.26,1.61
7/4/2026 17:26,0,0,0,0,1.26,1.11
7/4/2026 17:26,0,0,0,0,1.26,1.03
7/4/2026 17:26,0,0,0,0,1.26,1.05
7/4/2026 17:26,0,0,0,0,1.26,1.12
7/4/2026 17:26,0,0,0,0,1.26,1.43
7/4/2026 17:26,0,0,0,0,1.26,1.23
7/4/2026 17:26,0,0,0,0,1.26,2.42
7/4/2026 17:26,0,0,0,0,1.26,1.03
7/4/2026 17:26,0,0,0,0,1.26,1.1
7/4/2026 17:26,0,0,0,0,1.26,1.04
7/4/2026 17:26,0,0,0,0,1.26,1.02
7/4/2026 17:26,0,0,0,0,1.26,1.16
7/4/2026 17:26,0,0,0,0,1.26,1.02
7/4/2026 17:26,0,0,0,0,1.26,1.02
7/4/2026 17:26,0,0,0,0,1.26,1.4
7/4/2026 17:26,0,0,0,0,1.26,1.06
7/4/2026 17:26,0,0,0,0,1.26,1.03
7/4/2026 17:26,0,0,0,0,1.26,1.32
7/4/2026 17:26,0,0,0,0,1.26,1.03
7/4/2026 17:26,0,0,0,0,1.26,1.14
7/4/2026 17:26,0,0,0,0,1.26,1.02
7/4/2026 17:26,0,0,0,0,1.26,1.31
7/4/2026 17:26,0,0,0,0,1.26,1.1
7/4/2026 17:26,0,0,0,0,1.26,1.14
7/4/2026 17:26,0,0,0,0,1.26,1.05
7/4/2026 17:26,0,0,0,0,1.26,1.11
7/4/2026 17:26,0,0,0,0,1.26,1.13
7/4/2026 17:26,0,0,0,0,1.26,1.14
7/4/2026 17:26,0,0,0,0,1.26,1.07
7/4/2026 17:26,0,0,0,0,1.26,1.23
7/4/2026 17:26,0,0,0,0,1.26,1.01
7/4/2026 17:26,0,0,0,0,1.26,1.28
7/4/2026 17:26,0,0,0,0,1.26,1.19
7/4/2026 17:26,0,0,0,0,1.26,1.09
7/4/2026 17:26,0,0,0,0,1.26,1.47
7/4/2026 17:26,0,0,0,0,1.26,1.07
7/4/2026 17:26,0,0,0,0,1.26,1
7/4/2026 17:26,0,0,0,0,1.26,1.41
7/4/2026 17:26,0,0,0,0,1.26,2.05
7/4/2026 17:26,0,0,0,0,1.26,1.39
7/4/2026 17:26,0,0,0,0,1.26,1.01
7/4/2026 17:26,0,0,0,0,1.26,1.05
7/4/2026 17:26,0,0,0,0,1.26,1.31
7/4/2026 17:26,0,0,0,0,1.26,1.08
7/4/2026 17:26,0,0,0,0,1.26,1.19
7/4/2026 17:26,0,0,0,0,1.26,1.22
7/4/2026 17:26,0,0,0,0,1.26,1.28
7/4/2026 17:26,0,0,0,0,1.26,1.06
7/4/2026 17:26,0,0,0,0,1.26,1.09
7/4/2026 17:26,0,0,0,0,1.26,1.36
7/4/2026 17:26,0,0,0,0,1.26,1.26
7/4/2026 17:26,0,0,0,0,1.26,1.02
7/4/2026 17:26,0,0,0,0,1.26,1.18
7/4/2026 17:26,0,0,0,0,1.26,1.08
7/4/2026 17:26,0,0,0,0,1.26,1.3
7/4/2026 17:26,0,0,0,0,1.26,1.15
7/4/2026 17:26,0,0,0,0,1.26,1.1
7/4/2026 17:26,0,0,0,0,1.26,1.9
7/4/2026 17:26,0,0,0,0,1.26,1.15
7/4/2026 17:26,0,0,0,0,1.26,1
7/4/2026 17:26,0,0,0,0,1.26,1.49
7/4/2026 17:26,0,0,0,0,1.26,1.04
7/4/2026 17:26,0,0,0,0,1.26,1.43
7/4/2026 17:26,0,0,0,0,1.26,1.01
7/4/2026 17:26,0,0,0,0,1.26,1.27
7/4/2026 17:26,0,0,0,0,1.26,1.1
7/4/2026 17:26,0,0,0,0,1.26,1.1
7/4/2026 17:26,0,0,0,0,1.26,1.31
7/4/2026 17:26,0,0,0,0,1.26,1.02
7/4/2026 17:26,0,0,0,0,1.26,1.03
7/4/2026 17:26,0,0,0,0,1.26,1.16
7/4/2026 17:26,0,0,0,0,1.26,1.24
7/4/2026 17:26,0,0,0,0,1.26,1.14
7/4/2026 17:26,0,0,0,0,1.26,1.3
7/4/2026 17:26,0,0,0,0,1.26,1.19
7/4/2026 17:26,0,0,0,0,1.26,1.42
7/4/2026 17:26,0,0,0,0,1.26,1.01
7/4/2026 17:27,0,0,0,0,1.26,1.04
7/4/2026 17:27,0,0,0,0,1.26,1.52
7/4/2026 17:27,0,0,0,0,1.26,1.03
7/4/2026 17:27,0,0,0,0,1.26,1.08
7/4/2026 17:27,0,0,0,0,1.26,1.02
7/4/2026 17:27,0,0,0,0,1.26,1.52
7/4/2026 17:27,0,0,0,0,1.26,1.01
7/4/2026 17:27,0,0,0,0,1.26,1.13
7/4/2026 17:27,0,0,0,0,1.26,1.02
7/4/2026 17:27,0,0,0,0,1.26,1.07
7/4/2026 17:27,0,0,0,0,1.26,1.05
7/4/2026 17:27,0,0,0,0,1.26,1
7/4/2026 17:27,0,0,0,0,1.26,1.22
7/4/2026 17:27,0,0,0,0,1.26,1.18
7/4/2026 17:27,0,0,0,0,1.26,1.12
7/4/2026 17:27,0,0,0,0,1.26,1.09
7/4/2026 17:27,0,0,0,0,1.26,1.2
7/4/2026 17:27,0,0,0,0,1.26,1.06
7/4/2026 17:27,0,0,0,0,1.26,1.31
7/4/2026 17:27,0,0,0,0,1.26,1.97
7/4/2026 17:27,0,0,0,0,1.26,1.3
7/4/2026 17:27,0,0,0,0,1.26,1.13
7/4/2026 17:27,0,0,0,0,1.26,1.07
7/4/2026 17:27,0,0,0,0,1.26,1.07
7/4/2026 17:27,0,0,0,0,1.26,1.29
7/4/2026 17:27,0,0,0,0,1.26,1.11
7/4/2026 17:27,0,0,0,0,1.26,1
7/4/2026 17:27,0,0,0,0,1.26,1.31
7/4/2026 17:27,0,0,0,0,1.26,1.08
7/4/2026 17:27,0,0,0,0,1.26,1
7/4/2026 17:27,0,0,0,0,1.26,1.41
7/4/2026 17:27,0,0,0,0,1.26,1.14
7/4/2026 17:27,0,0,0,0,1.26,1.01
7/4/2026 17:27,0,0,0,0,1.26,1.21
7/4/2026 17:27,0,0,0,0,1.26,1
7/4/2026 17:27,0,0,0,0,1.26,1.14
7/4/2026 17:27,0,0,0,0,1.26,1.07
7/4/2026 17:27,0,0,0,0,1.26,1.05
7/4/2026 17:27,0,0,0,0,1.26,1.21
7/4/2026 17:27,0,0,0,0,1.26,1.1
7/4/2026 17:27,0,0,0,0,1.26,1.04
7/4/2026 17:27,0,0,0,0,1.26,1.08
7/4/2026 17:27,0,0,0,0,1.26,1.18
7/4/2026 17:27,0,0,0,0,1.26,1.16
7/4/2026 17:27,0,0,0,0,1.26,1.33
7/4/2026 17:27,0,0,0,0,1.26,1.07
7/4/2026 17:27,0,0,0,0,1.26,1.09
7/4/2026 17:27,0,0,0,0,1.26,1.4
7/4/2026 17:27,0,0,0,0,1.26,1.12
7/4/2026 17:27,0,0,0,0,1.26,1.11
7/4/2026 17:27,0,0,0,0,1.26,1.14
7/4/2026 17:27,0,0,0,0,1.26,1.63
7/4/2026 17:27,0,0,0,0,1.26,1.09
7/4/2026 17:27,0,0,0,0,1.26,1.04
7/4/2026 17:27,0,0,0,0,1.26,1.03
7/4/2026 17:27,0,0,0,0,1.26,1.01
7/4/2026 17:27,0,0,0,0,1.26,1.19
7/4/2026 17:27,0,0,0,0,1.26,1.03
7/4/2026 17:27,0,0,0,0,1.26,1.21
7/4/2026 17:27,0,0,0,0,1.26,1.19
7/4/2026 17:27,0,0,0,0,1.26,1.07
7/4/2026 17:27,0,0,0,0,1.26,1.01
7/4/2026 17:27,0,0,0,0,1.26,1.39
7/4/2026 17:27,0,0,0,0,1.26,1.15
7/4/2026 17:27,0,0,0,0,1.26,1.23
7/4/2026 17:27,0,0,0,0,1.26,1.44
7/4/2026 17:27,0,0,0,0,1.26,1.16
7/4/2026 17:27,0,0,0,0,1.26,1.19
7/4/2026 17:27,0,0,0,0,1.26,1.04
7/4/2026 17:27,0,0,0,0,1.26,1.02
7/4/2026 17:27,0,0,0,0,1.26,1.06
7/4/2026 17:27,0,0,0,0,1.26,1.14
7/4/2026 17:27,0,0,0,0,1.26,1.36
7/4/2026 17:27,0,0,0,0,1.26,1.08
7/4/2026 17:27,0,0,0,0,1.26,1.04
7/4/2026 17:27,0,0,0,0,1.26,1.33
7/4/2026 17:27,0,0,0,0,1.26,1.08
7/4/2026 17:27,0,0,0,0,1.26,1.36
7/4/2026 17:27,0,0,0,0,1.26,1.26
7/4/2026 17:27,0,0,0,0,1.26,1.02
7/4/2026 17:27,0,0,0,0,1.26,1.06
7/4/2026 17:27,0,0,0,0,1.26,1.11
7/4/2026 17:27,0,0,0,0,1.26,1.04
7/4/2026 17:27,0,0,0,0,1.26,1.07
7/4/2026 17:27,0,0,0,0,1.26,1.09
7/4/2026 17:27,0,0,0,0,1.26,1.05
7/4/2026 17:27,0,0,0,0,1.26,1.13
7/4/2026 17:27,0,0,0,0,1.26,1.49
7/4/2026 17:27,0,0,0,0,1.26,1.46
7/4/2026 17:27,0,0,0,0,1.26,1.34
7/4/2026 17:27,0,0,0,0,1.26,1.16
7/4/2026 17:27,0,0,0,0,1.26,1.29
7/4/2026 17:27,0,0,0,0,1.26,1.5
7/4/2026 17:27,0,0,0,0,1.26,1.02
7/4/2026 17:27,0,0,0,0,1.26,1.09
7/4/2026 17:27,0,0,0,0,1.26,1.06
7/4/2026 17:27,0,0,0,0,1.26,1.23
7/4/2026 17:27,0,0,0,0,1.26,1.01
7/4/2026 17:27,0,0,0,0,1.26,1.16
7/4/2026 17:27,0,0,0,0,1.26,1.13
7/4/2026 17:27,0,0,0,0,1.26,100
7/4/2026 17:27,0,0,0,0,1.26,1.05
7/4/2026 17:27,0,0,0,0,1.26,1.01
7/4/2026 17:27,0,0,0,0,1.26,1
7/4/2026 17:27,0,0,0,0,1.26,1.39
7/4/2026 17:27,0,0,0,0,1.26,1.42
7/4/2026 17:27,0,0,0,0,1.26,1.44
7/4/2026 17:27,0,0,0,0,1.26,1.43
7/4/2026 17:27,0,0,0,0,1.26,1.08
7/4/2026 17:27,0,0,0,0,1.26,1.3
7/4/2026 17:27,0,0,0,0,1.26,1.02
7/4/2026 17:27,0,0,0,0,1.26,1.1
7/4/2026 17:27,0,0,0,0,1.26,1.52
7/4/2026 17:27,0,0,0,0,1.26,1.11
7/4/2026 17:27,0,0,0,0,1.26,1.04
7/4/2026 17:27,0,0,0,0,1.26,1.29
7/4/2026 17:27,0,0,0,0,1.26,1.14
7/4/2026 17:27,0,0,0,0,1.26,1.34
7/4/2026 17:27,0,0,0,0,1.26,1.08
7/4/2026 17:27,0,0,0,0,1.26,1.05
7/4/2026 17:27,0,0,0,0,1.26,2.33
7/4/2026 17:27,0,0,0,0,1.26,1.36
7/4/2026 17:27,0,0,0,0,1.26,1.09
7/4/2026 17:27,0,0,0,0,1.26,1.05
7/4/2026 17:27,0,0,0,0,1.26,1.78
7/4/2026 17:27,0,0,0,0,1.26,1.12
7/4/2026 17:27,0,0,0,0,1.26,1.22
7/4/2026 17:27,0,0,0,0,1.26,1.28
7/4/2026 17:27,0,0,0,0,1.26,1.04
7/4/2026 17:27,0,0,0,0,1.26,1.03
7/4/2026 17:27,0,0,0,0,1.26,1.08
7/4/2026 17:27,0,0,0,0,1.26,1.15
7/4/2026 17:27,0,0,0,0,1.26,1.1
7/4/2026 17:27,0,0,0,0,1.26,1.95
7/4/2026 17:27,0,0,0,0,1.26,1.59
7/4/2026 17:27,0,0,0,0,1.26,1.77
7/4/2026 17:27,0,0,0,0,1.26,1.49
7/4/2026 17:27,0,0,0,0,1.26,1.15
7/4/2026 17:27,0,0,0,0,1.26,1.47
7/4/2026 17:27,0,0,0,0,1.26,1.13
7/4/2026 17:27,0,0,0,0,1.26,1.07
7/4/2026 17:27,0,0,0,0,1.26,1.48
7/4/2026 17:27,0,0,0,0,1.26,1.18
7/4/2026 17:27,0,0,0,0,1.26,1.03
7/4/2026 17:27,0,0,0,0,1.26,1.17
7/4/2026 17:27,0,0,0,0,1.26,1.04
7/4/2026 17:27,0,0,0,0,1.26,1.08
7/4/2026 17:27,0,0,0,0,1.26,1.03
7/4/2026 17:27,0,0,0,0,1.26,1.2
7/4/2026 17:27,0,0,0,0,1.26,1.01
7/4/2026 17:27,0,0,0,0,1.26,1.04
7/4/2026 17:27,0,0,0,0,1.26,1.13
7/4/2026 17:27,0,0,0,0,1.26,1.08
7/4/2026 17:27,0,0,0,0,1.26,1.1
7/4/2026 17:27,0,0,0,0,1.26,1.03
7/4/2026 17:27,0,0,0,0,1.26,1.36
7/4/2026 17:27,0,0,0,0,1.26,1.17
7/4/2026 17:27,0,0,0,0,1.26,1.07
7/4/2026 17:27,0,0,0,0,1.26,1.35
7/4/2026 17:27,0,0,0,0,1.26,1.21
7/4/2026 17:27,0,0,0,0,1.26,1.05
7/4/2026 17:27,0,0,0,0,1.26,1.14
7/4/2026 17:27,0,0,0,0,1.26,1.03
7/4/2026 17:27,0,0,0,0,1.26,1.37
7/4/2026 17:27,0,0,0,0,1.26,1.02
7/4/2026 17:27,0,0,0,0,1.26,1.08
7/4/2026 17:27,0,0,0,0,1.26,1.01
7/4/2026 17:27,0,0,0,0,1.26,1.4
7/4/2026 17:27,0,0,0,0,1.26,1.04
7/4/2026 17:27,0,0,0,0,1.26,1.48
7/4/2026 17:27,0,0,0,0,1.26,1.05
7/4/2026 17:27,0,0,0,0,1.26,1.02
7/4/2026 17:27,0,0,0,0,1.26,1.02
7/4/2026 17:27,0,0,0,0,1.26,1.07
7/4/2026 17:27,0,0,0,0,1.26,1.22
7/4/2026 17:27,0,0,0,0,1.26,1.02
7/4/2026 17:27,0,0,0,0,1.26,1.13
7/4/2026 17:27,0,0,0,0,1.26,1.15
7/4/2026 17:27,0,0,0,0,1.26,1.01
7/4/2026 17:27,0,0,0,0,1.26,1.34
7/4/2026 17:27,0,0,0,0,1.26,1.07
7/4/2026 17:27,0,0,0,0,1.26,1.15
7/4/2026 17:27,0,0,0,0,1.26,1.26
7/4/2026 17:27,0,0,0,0,1.26,1.05
7/4/2026 17:27,0,0,0,0,1.26,1.26
7/4/2026 17:27,0,0,0,0,1.26,1.04
7/4/2026 17:27,0,0,0,0,1.26,1
7/4/2026 17:27,0,0,0,0,1.26,1.12
7/4/2026 17:27,0,0,0,0,1.26,1.29
7/4/2026 17:27,0,0,0,0,1.26,1.01
7/4/2026 17:27,0,0,0,0,1.26,1.1
7/4/2026 17:27,0,0,0,0,1.26,1.02
7/4/2026 17:27,0,0,0,0,1.26,1.18
7/4/2026 17:27,0,0,0,0,1.26,1.71
7/4/2026 17:27,0,0,0,0,1.26,1.09
7/4/2026 17:27,0,0,0,0,1.26,1.1
7/4/2026 17:27,0,0,0,0,1.26,1.11
7/4/2026 17:27,0,0,0,0,1.26,1.42
7/4/2026 17:27,0,0,0,0,1.26,1.51
7/4/2026 17:27,0,0,0,0,1.26,1.04
7/4/2026 17:27,0,0,0,0,1.26,1.37
7/4/2026 17:27,0,0,0,0,1.26,1.08
7/4/2026 17:27,0,0,0,0,1.26,1.01
7/4/2026 17:27,0,0,0,0,1.26,1
7/4/2026 17:27,0,0,0,0,1.26,1
7/4/2026 17:27,0,0,0,0,1.26,1.05
7/4/2026 17:27,0,0,0,0,1.26,1.03
7/4/2026 17:27,0,0,0,0,1.26,1.38
7/4/2026 17:27,0,0,0,0,1.26,1.42
7/4/2026 17:27,0,0,0,0,1.26,1.25
7/4/2026 17:27,0,0,0,0,1.26,1.24
7/4/2026 17:27,0,0,0,0,1.26,1.02
7/4/2026 17:27,0,0,0,0,1.26,1.09
7/4/2026 17:27,0,0,0,0,1.26,1.01
7/4/2026 17:27,0,0,0,0,1.26,1.01
7/4/2026 17:27,0,0,0,0,1.26,1.29
7/4/2026 17:27,0,0,0,0,1.26,1.38
7/4/2026 17:27,0,0,0,0,1.26,1.04
7/4/2026 17:27,0,0,0,0,1.26,1.47
7/4/2026 17:27,0,0,0,0,1.26,1.3
7/4/2026 17:27,0,0,0,0,1.26,1.25
7/4/2026 17:27,0,0,0,0,1.26,1.11
7/4/2026 17:27,0,0,0,0,1.26,1.07
7/4/2026 17:27,0,0,0,0,1.26,1.05
7/4/2026 17:27,0,0,0,0,1.26,1.03
7/4/2026 17:27,0,0,0,0,1.26,1.31
7/4/2026 17:27,0,0,0,0,1.26,1.1
7/4/2026 17:27,0,0,0,0,1.26,1.08
7/4/2026 17:27,0,0,0,0,1.26,1.29
7/4/2026 17:27,0,0,0,0,1.26,1.18
7/4/2026 17:27,0,0,0,0,1.26,1.45
7/4/2026 17:27,0,0,0,0,1.26,1.05
7/4/2026 17:27,0,0,0,0,1.26,1.36
7/4/2026 17:27,0,0,0,0,1.26,1.14
7/4/2026 17:27,0,0,0,0,1.26,1.07
7/4/2026 17:27,0,0,0,0,1.26,1.57
7/4/2026 17:27,0,0,0,0,1.26,1.15
7/4/2026 17:27,0,0,0,0,1.26,1.01
7/4/2026 17:27,0,0,0,0,1.26,1.08
7/4/2026 17:27,0,0,0,0,1.26,1.12
7/4/2026 17:27,0,0,0,0,1.26,1.51
7/4/2026 17:27,0,0,0,0,1.26,1.08
7/4/2026 17:27,0,0,0,0,1.26,1.01
7/4/2026 17:27,0,0,0,0,1.26,1.52
7/4/2026 17:27,0,0,0,0,1.26,1.06
7/4/2026 17:27,0,0,0,0,1.26,1.1
7/4/2026 17:27,0,0,0,0,1.26,1.09
7/4/2026 17:27,0,0,0,0,1.26,1
7/4/2026 17:27,0,0,0,0,1.26,1
7/4/2026 17:27,0,0,0,0,1.26,1.21
7/4/2026 17:27,0,0,0,0,1.26,1.05
7/4/2026 17:27,0,0,0,0,1.26,1.18
7/4/2026 17:27,0,0,0,0,1.26,1.18
7/4/2026 17:27,0,0,0,0,1.26,1.02
7/4/2026 17:27,0,0,0,0,1.26,1.1
7/4/2026 17:27,0,0,0,0,1.26,1.17
7/4/2026 17:27,0,0,0,0,1.26,1.01
7/4/2026 17:27,0,0,0,0,1.26,1.27
7/4/2026 17:27,0,0,0,0,1.26,1.36
7/4/2026 17:27,0,0,0,0,1.26,1
7/4/2026 17:27,0,0,0,0,1.26,1.04
7/4/2026 17:27,0,0,0,0,1.26,1.08
7/4/2026 17:27,0,0,0,0,1.26,1.19
7/4/2026 17:27,0,0,0,0,1.26,1.1
7/4/2026 17:27,0,0,0,0,1.26,1
7/4/2026 17:27,0,0,0,0,1.26,1.28
7/4/2026 17:27,0,0,0,0,1.26,1.4
7/4/2026 17:27,0,0,0,0,1.26,1.03
7/4/2026 17:27,0,0,0,0,1.26,1.5
7/4/2026 17:27,0,0,0,0,1.26,1.44
7/4/2026 17:27,0,0,0,0,1.26,1.05
7/4/2026 17:27,0,0,0,0,1.26,1.06
7/4/2026 17:27,0,0,0,0,1.26,1.09
7/4/2026 17:27,0,0,0,0,1.26,1.07
7/4/2026 17:27,0,0,0,0,1.26,1.03
7/4/2026 17:27,0,0,0,0,1.26,1.14
7/4/2026 17:27,0,0,0,0,1.26,1.51
7/4/2026 17:27,0,0,0,0,1.26,1.04
7/4/2026 17:27,0,0,0,0,1.26,1.47
7/4/2026 17:27,0,0,0,0,1.26,1.3
7/4/2026 17:27,0,0,0,0,1.26,1.27
7/4/2026 17:27,0,0,0,0,1.26,1.38
7/4/2026 17:27,0,0,0,0,1.26,1.02
7/4/2026 17:27,0,0,0,0,1.26,1.07
7/4/2026 17:27,0,0,0,0,1.26,1.08
7/4/2026 17:27,0,0,0,0,1.26,1.33
7/4/2026 17:27,0,0,0,0,1.26,1.1
7/4/2026 17:27,0,0,0,0,1.26,1.24
7/4/2026 17:27,0,0,0,0,1.26,1.17
7/4/2026 17:27,0,0,0,0,1.26,1.03
7/4/2026 17:27,0,0,0,0,1.26,1.23
7/4/2026 17:27,0,0,0,0,1.26,1.26
7/4/2026 17:27,0,0,0,0,1.26,1.02
7/4/2026 17:27,0,0,0,0,1.26,1.11
7/4/2026 17:27,0,0,0,0,1.26,1.28
7/4/2026 17:27,0,0,0,0,1.26,1.18
7/4/2026 17:27,0,0,0,0,1.26,1.43
7/4/2026 17:27,0,0,0,0,1.26,1.08
7/4/2026 17:27,0,0,0,0,1.26,1.11
7/4/2026 17:27,0,0,0,0,1.26,1.08
7/4/2026 17:27,0,0,0,0,1.26,1.48
7/4/2026 17:27,0,0,0,0,1.26,1.05
7/4/2026 17:27,0,0,0,0,1.26,1.36
7/4/2026 17:27,0,0,0,0,1.26,3.13
7/4/2026 17:27,0,0,0,0,1.26,1.11
7/4/2026 17:27,0,0,0,0,1.26,1.14
7/4/2026 17:27,0,0,0,0,1.26,1.32
7/4/2026 17:27,0,0,0,0,1.26,1.07
7/4/2026 17:27,0,0,0,0,1.26,1.04
7/4/2026 17:27,0,0,0,0,1.26,1.14
7/4/2026 17:27,0,0,0,0,1.26,1.38
7/4/2026 17:27,0,0,0,0,1.26,1.02
7/4/2026 17:27,0,0,0,0,1.26,1.2
7/4/2026 17:27,0,0,0,0,1.26,1.07
7/4/2026 17:27,0,0,0,0,1.26,1.49
7/4/2026 17:27,0,0,0,0,1.26,1.25
7/4/2026 17:27,0,0,0,0,1.26,1
7/4/2026 17:27,0,0,0,0,1.26,1.04
7/4/2026 17:27,0,0,0,0,1.26,1.18
7/4/2026 17:27,0,0,0,0,1.26,1.05
7/4/2026 17:27,0,0,0,0,1.26,1.38
7/4/2026 17:27,0,0,0,0,1.26,1.19
7/4/2026 17:27,0,0,0,0,1.26,1.17
7/4/2026 17:27,0,0,0,0,1.26,1.19
7/4/2026 17:27,0,0,0,0,1.26,1.07
7/4/2026 17:27,0,0,0,0,1.26,1.05
7/4/2026 17:27,0,0,0,0,1.26,1.25
7/4/2026 17:27,0,0,0,0,1.26,1.02
7/4/2026 17:27,0,0,0,0,1.26,1.12
7/4/2026 17:27,0,0,0,0,1.26,1.04
7/4/2026 17:27,0,0,0,0,1.26,1.01
7/4/2026 17:27,0,0,0,0,1.26,1.06
7/4/2026 17:27,0,0,0,0,1.26,1.32
7/4/2026 17:27,0,0,0,0,1.26,1.01
7/4/2026 17:27,0,0,0,0,1.26,1.45
7/4/2026 17:27,0,0,0,0,1.26,1.28
7/4/2026 17:27,0,0,0,0,1.26,1.14
7/4/2026 17:27,0,0,0,0,1.26,1
7/4/2026 17:27,0,0,0,0,1.26,1.05
7/4/2026 17:27,0,0,0,0,1.26,1
7/4/2026 17:27,0,0,0,0,1.26,1.04
7/4/2026 17:27,0,0,0,0,1.26,1.06
7/4/2026 17:27,0,0,0,0,1.26,1.22
7/4/2026 17:27,0,0,0,0,1.26,1.01
7/4/2026 17:27,0,0,0,0,1.26,1.4
7/4/2026 17:27,0,0,0,0,1.26,1.34
7/4/2026 17:27,0,0,0,0,1.26,1.05
7/4/2026 17:27,0,0,0,0,1.26,1.12
7/4/2026 17:27,0,0,0,0,1.26,1.24
7/4/2026 17:27,0,0,0,0,1.26,1.71
7/4/2026 17:27,0,0,0,0,1.26,1.14
7/4/2026 17:27,0,0,0,0,1.26,1.19
7/4/2026 17:27,0,0,0,0,1.26,1.03
7/4/2026 17:27,0,0,0,0,1.26,1.06
7/4/2026 17:27,0,0,0,0,1.26,1.01
7/4/2026 17:27,0,0,0,0,1.26,1.55
7/4/2026 17:27,0,0,0,0,1.26,1.07
7/4/2026 17:27,0,0,0,0,1.26,1.04
7/4/2026 17:27,0,0,0,0,1.26,1.58
7/4/2026 17:27,0,0,0,0,1.26,1.16
7/4/2026 17:27,0,0,0,0,1.26,1.16
7/4/2026 17:27,0,0,0,0,1.26,1.19
7/4/2026 17:27,0,0,0,0,1.26,1.07
7/4/2026 17:27,0,0,0,0,1.26,1.04
7/4/2026 17:27,0,0,0,0,1.26,1.06
7/4/2026 17:27,0,0,0,0,1.26,1.08
7/4/2026 17:27,0,0,0,0,1.26,1.37
7/4/2026 17:27,0,0,0,0,1.26,1.02
7/4/2026 17:27,0,0,0,0,1.26,1.21
7/4/2026 17:27,0,0,0,0,1.26,1.83
7/4/2026 17:27,0,0,0,0,1.26,1.84
7/4/2026 17:27,0,0,0,0,1.26,1.41
7/4/2026 17:27,0,0,0,0,1.26,1.1
7/4/2026 17:27,0,0,0,0,1.26,1.02
7/4/2026 17:27,0,0,0,0,1.26,1.04
7/4/2026 17:27,0,0,0,0,1.26,1.41
7/4/2026 17:27,0,0,0,0,1.26,1.1
7/4/2026 17:27,0,0,0,0,1.26,1.09
7/4/2026 17:27,0,0,0,0,1.26,1.41
7/4/2026 17:27,0,0,0,0,1.26,1.46
7/4/2026 17:27,0,0,0,0,1.26,1.03
7/4/2026 17:27,0,0,0,0,1.26,1.57
7/4/2026 17:27,0,0,0,0,1.26,1.21
7/4/2026 17:27,0,0,0,0,1.26,1.31
7/4/2026 17:27,0,0,0,0,1.26,1.34
7/4/2026 17:27,0,0,0,0,1.26,1.12
7/4/2026 17:27,0,0,0,0,1.26,1
7/4/2026 17:27,0,0,0,0,1.26,1.49
7/4/2026 17:27,0,0,0,0,1.26,1
7/4/2026 17:27,0,0,0,0,1.26,1.01
7/4/2026 17:27,0,0,0,0,1.26,1.52
7/4/2026 17:27,0,0,0,0,1.26,1.09
7/4/2026 17:27,0,0,0,0,1.26,1.1
7/4/2026 17:27,0,0,0,0,1.26,1.1
7/4/2026 17:27,0,0,0,0,1.26,1.19
7/4/2026 17:27,0,0,0,0,1.26,1.11
7/4/2026 17:27,0,0,0,0,1.26,1.59
7/4/2026 17:27,0,0,0,0,1.26,1.23
7/4/2026 17:27,0,0,0,0,1.26,1.15
7/4/2026 17:27,0,0,0,0,1.26,1.1
7/4/2026 17:27,0,0,0,0,1.26,1.1
7/4/2026 17:27,0,0,0,0,1.26,1.08
7/4/2026 17:27,0,0,0,0,1.26,1.02
7/4/2026 17:27,0,0,0,0,1.26,1.1
7/4/2026 17:27,0,0,0,0,1.26,1.01
7/4/2026 17:27,0,0,0,0,1.26,1.73
7/4/2026 17:27,0,0,0,0,1.26,1.07
7/4/2026 17:27,0,0,0,0,1.26,1.02
7/4/2026 17:27,0,0,0,0,1.26,1.03
7/4/2026 17:27,0,0,0,0,1.26,1.04
7/4/2026 17:27,0,0,0,0,1.26,1.19
7/4/2026 17:27,0,0,0,0,1.26,100
7/4/2026 17:27,0,0,0,0,1.26,1.7
7/4/2026 17:27,0,0,0,0,1.26,1.08
7/4/2026 17:27,0,0,0,0,1.26,1.33
7/4/2026 17:27,0,0,0,0,1.26,1.04
7/4/2026 17:27,0,0,0,0,1.26,1.34
7/4/2026 17:27,0,0,0,0,1.26,1.14
7/4/2026 17:27,0,0,0,0,1.26,1.34
7/4/2026 17:27,0,0,0,0,1.26,1.25
7/4/2026 17:27,0,0,0,0,1.26,1.31
7/4/2026 17:27,0,0,0,0,1.26,1.12
7/4/2026 17:27,0,0,0,0,1.26,1.12
7/4/2026 17:27,0,0,0,0,1.26,1.21
7/4/2026 17:27,0,0,0,0,1.26,1.3
7/4/2026 17:27,0,0,0,0,1.26,1.07
7/4/2026 17:27,0,0,0,0,1.26,1.31
7/4/2026 17:27,0,0,0,0,1.26,1.07
7/4/2026 17:27,0,0,0,0,1.26,1.53
7/4/2026 17:27,0,0,0,0,1.26,1.36
7/4/2026 17:27,0,0,0,0,1.26,1.29
7/4/2026 17:27,0,0,0,0,1.26,1.1
7/4/2026 17:27,0,0,0,0,1.26,1.01
7/4/2026 17:27,0,0,0,0,1.26,1.08
7/4/2026 17:27,0,0,0,0,1.26,1.13
7/4/2026 17:27,0,0,0,0,1.26,1.36
7/4/2026 17:27,0,0,0,0,1.26,1.44
7/4/2026 17:27,0,0,0,0,1.26,1
7/4/2026 17:27,0,0,0,0,1.26,1.26
7/4/2026 17:27,0,0,0,0,1.26,1.16
7/4/2026 17:27,0,0,0,0,1.26,1.02
7/4/2026 17:27,0,0,0,0,1.26,1.09
7/4/2026 17:27,0,0,0,0,1.26,1.04
7/4/2026 17:27,0,0,0,0,1.26,1.35
7/4/2026 17:27,0,0,0,0,1.26,1.03
7/4/2026 17:27,0,0,0,0,1.26,1.12
7/4/2026 17:27,0,0,0,0,1.26,1.45
7/4/2026 17:27,0,0,0,0,1.26,1.01
7/4/2026 17:27,0,0,0,0,1.26,1.17
7/4/2026 17:27,0,0,0,0,1.26,1.13
7/4/2026 17:27,0,0,0,0,1.26,1.03
7/4/2026 17:27,0,0,0,0,1.26,1.05
7/4/2026 17:27,0,0,0,0,1.26,1.33
7/4/2026 17:27,0,0,0,0,1.26,1.36
7/4/2026 17:27,0,0,0,0,1.26,1.11
7/4/2026 17:27,0,0,0,0,1.26,1.03
7/4/2026 17:27,0,0,0,0,1.26,1.28
7/4/2026 17:27,0,0,0,0,1.26,1.11
7/4/2026 17:27,0,0,0,0,1.26,1.19
7/4/2026 17:27,0,0,0,0,1.26,1.03
7/4/2026 17:27,0,0,0,0,1.26,1.13
7/4/2026 17:27,0,0,0,0,1.26,1.25
7/4/2026 17:27,0,0,0,0,1.26,1.06
7/4/2026 17:27,0,0,0,0,1.26,1.08
7/4/2026 17:27,0,0.03,0,0,-0.1,8.97
7/4/2026 17:27,0,0.06,0,0,-0.1,7.16
7/4/2026 17:27,0,0.09,0,0,-0.1,9.14
7/4/2026 17:27,0,0.12,0,0,-0.1,6.2
7/4/2026 17:27,0,0.15,0,0,-0.1,14.1
7/4/2026 17:27,0,0.18,0,0,-0.1,16.11
7/4/2026 17:27,0,0.21,0,0.02,-0.1,52.36
7/4/2026 17:27,0,0.24,0,0.04,-0.1,9.01
7/4/2026 17:27,0,0.27,0,0.06,-0.1,5.99
7/4/2026 17:27,0,0.3,0,0.08,-0.1,8.64
7/4/2026 17:27,0,0.33,0,0.1,-0.1,18.94
7/4/2026 17:27,0,0.36,0,0.06,-0.1,17.13
7/4/2026 17:27,0,0.39,0,0.02,-0.1,7.31
7/4/2026 17:27,0,0.42,0,0,-0.1,10.28
7/4/2026 17:27,0,0.45,0,0,-0.1,6.36
7/4/2026 17:27,0,0.48,0,0.02,-0.1,11.97
7/4/2026 17:27,0,0.51,0,0.04,-0.1,10.22
7/4/2026 17:27,0,0.54,0,0.06,-0.1,12.61
7/4/2026 17:27,0,0.57,0,0.08,-0.1,6.54
7/4/2026 17:27,0,0.6,0,0.1,-0.1,12.1
7/4/2026 17:27,0.96,0.63,0,0.12,-0.1,7.77
7/4/2026 17:27,1.79,0.66,0,0.08,-0.1,8.98
7/4/2026 17:27,2.29,0.69,0,0.04,-0.09,12.6
7/4/2026 17:27,2.63,0.72,0,0,-0.08,8.71
7/4/2026 17:27,2.91,0.75,0,0,-0.08,8.07
7/4/2026 17:27,3.16,0.78,0,0,-0.08,8.85
7/4/2026 17:27,3.48,0.81,0,0,-0.08,14.75
7/4/2026 17:27,3.78,0.84,0,0,-0.07,23.83
7/4/2026 17:27,4.09,0.87,0,0,-0.07,6.48
7/4/2026 17:27,4.37,0.9,0,0,-0.07,6.74
7/4/2026 17:27,4.68,0.93,0,0,-0.06,13.95
7/4/2026 17:27,5.01,0.96,0,0,-0.06,22.19
7/4/2026 17:27,5.39,0.99,0,0,-0.05,8.42
7/4/2026 17:27,5.66,1,0,0,-0.05,7.7
7/4/2026 17:27,6.04,1,0,0,-0.05,11.19
7/4/2026 17:27,6.44,1,0,0,-0.04,13.17
7/4/2026 17:27,6.8,1,0,0,-0.04,7.72
7/4/2026 17:27,7.15,1,0,0,-0.03,6.36
7/4/2026 17:27,7.59,1,0,0,-0.02,22.45
7/4/2026 17:27,7.99,1,0,0.02,-0.02,6.33
7/4/2026 17:27,8.39,1,0,0.04,-0.01,12.3
7/4/2026 17:27,8.79,1,0,0,0,6.2
7/4/2026 17:27,9.12,1,0,0,0.02,8.59
7/4/2026 17:27,9.54,1,0,0,0.03,10.59
7/4/2026 17:27,9.9,1,0,0,0.04,14.46
7/4/2026 17:27,10.22,1,0,0,0.06,14.02
7/4/2026 17:27,10.63,1,0,0,0.07,7.57
7/4/2026 17:27,11.03,1,0,0,0.09,7.28
7/4/2026 17:27,11.44,1,0,0,0.11,9.75
7/4/2026 17:27,11.74,1,0,0,0.12,32.22
7/4/2026 17:27,12.17,1,0,0,0.14,13.92
7/4/2026 17:27,12.58,1,0,0,0.16,11.57
7/4/2026 17:27,13,1,0,0,0.18,86.44
7/4/2026 17:27,13.43,1,0,0,0.2,9.43
7/4/2026 17:27,13.83,1,0,0,0.22,14.38
7/4/2026 17:27,14.24,1,0,0,0.24,11.19
7/4/2026 17:27,14.58,1,0,0,0.26,6.49
7/4/2026 17:27,14.91,1,0,0,0.28,7.88
7/4/2026 17:27,15.32,1,0,0,0.31,9.92
7/4/2026 17:27,15.71,1,0,0,0.33,9.92
7/4/2026 17:27,16.13,1,0,0,0.36,10.88
7/4/2026 17:27,16.44,1,0,0,0.38,10.5
7/4/2026 17:27,16.79,1,0,0,0.4,10.37
7/4/2026 17:27,17.19,1,0,0,0.43,6.46
7/4/2026 17:27,17.58,1,0,0,0.45,8.38
7/4/2026 17:27,17.89,1,0,0,0.47,8.02
7/4/2026 17:27,18.24,1,0,0,0.5,6.21
7/4/2026 17:27,18.62,1,0,0,0.53,21.91
7/4/2026 17:27,19.01,1,0,0,0.56,78.3
7/4/2026 17:27,19.38,1,0,0,0.59,7.41
7/4/2026 17:27,19.69,1,0,0,0.61,19.86
7/4/2026 17:27,20.05,1,0,0,0.64,17.16
7/4/2026 17:27,20.44,1,0,0,0.67,17.16
7/4/2026 17:27,20.76,1,0,0,0.7,39.97
7/4/2026 17:27,21.09,1,0,0,0.72,11.03
7/4/2026 17:27,21.47,1,0,0,0.76,6.69
7/4/2026 17:27,21.85,1,0,0,0.79,7.23
7/4/2026 17:27,22.17,1,0,0,0.82,61.47
7/4/2026 17:27,22.5,1,0,0,0.85,11.21
7/4/2026 17:27,22.87,1,0,0,0.88,24.2
7/4/2026 17:27,16.71,0,0.06,0,1.52,7.48
7/4/2026 17:27,16.33,0,0.12,0,1.54,6.07
7/4/2026 17:27,15.98,0,0.18,0.02,1.56,7.3
7/4/2026 17:27,15.54,0,0.24,0.04,1.59,6.47
7/4/2026 17:27,15.12,0,0.3,0.06,1.62,9.28
7/4/2026 17:27,14.74,0.03,0.36,0.08,1.65,9.97
7/4/2026 17:27,14.39,0.06,0,0.1,1.69,16.35
7/4/2026 17:27,13.97,0.09,0,0.12,-1.75,32.06
7/4/2026 17:27,13.63,0.12,0,0.14,-1.67,9.77
7/4/2026 17:27,13.29,0.15,0,0.16,-1.56,10.5
7/4/2026 17:27,12.99,0.18,0,0.18,-1.44,7
7/4/2026 17:27,12.77,0.21,0,0.2,-1.33,21.78
7/4/2026 17:27,12.5,0.24,0,0.22,-1.16,9.89
7/4/2026 17:27,12.24,0.27,0,0.24,-0.94,6.29
7/4/2026 17:27,12,0.3,0,0.26,-0.69,23.25
7/4/2026 17:27,11.79,0.33,0,0.28,-0.43,28.51
7/4/2026 17:28,11.63,0.36,0,0.3,-0.18,8.44
7/4/2026 17:28,11.45,0.39,0,0.32,0.16,6.72
7/4/2026 17:28,11.29,0.42,0,0.34,0.5,14.8
7/4/2026 17:28,11.16,0.45,0,0.36,0.85,16.31
7/4/2026 17:28,11.04,0.48,0,0.38,1.24,16.65
7/4/2026 17:28,10.91,0.51,0,0.4,1.72,8.69
7/4/2026 17:28,10.81,0.54,0,0.42,-1.83,10.61
7/4/2026 17:28,10.73,0.57,0,0.38,-1.77,14.25
7/4/2026 17:28,10.71,0.6,0,0.34,-1.69,6.13
7/4/2026 17:28,10.74,0.63,0,0.3,1.41,14.94
7/4/2026 17:28,10.79,0.66,0,0.26,1.19,8.53
7/4/2026 17:28,10.88,0.69,0,0.22,0.95,7.48
7/4/2026 17:28,11.01,0.72,0,0.18,0.73,16.77
7/4/2026 17:28,11.17,0.75,0,0.14,0.52,8.25
7/4/2026 17:28,11.35,0.78,0,0.1,0.36,6.26
7/4/2026 17:28,11.54,0.81,0,0.06,0.22,6.47
7/4/2026 17:28,11.74,0.84,0,0.02,0.1,9.45
7/4/2026 17:28,11.94,0.87,0,0,-0.01,6.97
7/4/2026 17:28,12.19,0.9,0,0,-0.09,11.56
7/4/2026 17:28,12.42,0.93,0,0,-0.21,9.16
7/4/2026 17:28,12.69,0.96,0,0,-0.34,14.86
7/4/2026 17:28,12.99,0.99,0,0,-0.47,9.01
7/4/2026 17:28,13.34,1,0,0,-0.6,8.38
7/4/2026 17:28,13.62,1,0,0,-0.71,11.49
7/4/2026 17:28,13.96,1,0,0.02,-0.83,6.76
7/4/2026 17:28,14.34,1,0,0.04,-0.96,9.73
7/4/2026 17:28,14.73,1,0,0,-1.09,9.18
7/4/2026 17:28,15.05,1,0,0,-1.2,6.67
7/4/2026 17:28,15.4,1,0,0,-1.31,13.49
7/4/2026 17:28,15.78,1,0,0,-1.45,10.09
7/4/2026 17:28,16.17,1,0,0,-1.58,10.74
7/4/2026 17:28,16.51,1,0,0,-1.7,25.39
7/4/2026 17:28,16.86,1,0,0.02,1.67,7.32
7/4/2026 17:28,17.26,1,0,0.04,1.53,9.84
7/4/2026 17:28,17.63,1,0,0.06,1.4,17.17
7/4/2026 17:28,17.96,1,0,0.02,1.29,8.31
7/4/2026 17:28,18.28,1,0,0,1.19,11.13
7/4/2026 17:28,18.68,1,0,0,1.07,9.87
7/4/2026 17:28,19.08,1,0,0,0.94,20.14
7/4/2026 17:28,19.46,1,0,0,0.82,9.79
7/4/2026 17:28,19.78,1,0,0,0.72,19.55
7/4/2026 17:28,20.13,1,0,0,0.6,8.82
7/4/2026 17:28,20.52,1,0,0,0.48,8.37
7/4/2026 17:28,20.9,1,0,0,0.36,6.65
7/4/2026 17:28,21.29,1,0,0,0.23,17.26
7/4/2026 17:28,21.6,1,0,0,0.12,9.77
7/4/2026 17:28,21.93,1,0,0,0.01,13.75
7/4/2026 17:28,22.31,1,0,0,-0.12,7.06
7/4/2026 17:28,22.7,1,0,0,-0.25,6.09
7/4/2026 17:28,23.07,1,0,0,-0.38,6.95
7/4/2026 17:28,23.43,1,0,0,-0.51,32.49
7/4/2026 17:28,23.74,1,0,0,-0.62,21.47
7/4/2026 17:28,24.13,1,0,0,-0.76,8.94
7/4/2026 17:28,24.54,1,0,0,-0.92,15.22
7/4/2026 17:28,25.32,0,0,-0.02,-1.47,10.48
7/4/2026 17:28,25.12,0,0,-0.04,-1.59,10.7
7/4/2026 17:28,24.76,0,0,-0.06,-1.75,18.94
7/4/2026 17:28,24.3,0,0,-0.08,-1.59,16.38
7/4/2026 17:28,23.84,0,0,-0.1,-1.42,6.13
7/4/2026 17:28,23.37,0,0,-0.12,-1.25,8.82
7/4/2026 17:28,22.87,0,0,-0.14,-1.04,6.75
7/4/2026 17:28,22.25,0,0,-0.16,-0.65,23.21
7/4/2026 17:28,21.69,0,0,-0.18,-0.2,10.33
7/4/2026 17:28,21.15,0,0,-0.2,0.31,16.43
7/4/2026 17:28,20.61,0,0,-0.22,0.89,12
7/4/2026 17:28,20,0,0,-0.24,1.57,17.54
7/4/2026 17:28,19.29,0,0,-0.26,2.37,18.2
7/4/2026 17:28,18.66,0,0,-0.28,1.38,7.54
7/4/2026 17:28,17.99,0,0,-0.3,0.42,6.26
7/4/2026 17:28,17.35,0,0,-0.32,-0.42,7.79
7/4/2026 17:28,16.73,0,0,-0.34,-1.16,7.63
7/4/2026 17:28,15.94,0,0,-0.36,1.5,10.12
7/4/2026 17:28,15.24,0,0,-0.38,0.84,14.14
7/4/2026 17:28,14.5,0,0,-0.4,0.23,8.67
7/4/2026 17:28,13.87,0,0,-0.42,-0.21,7.1
7/4/2026 17:28,13.21,0,0,-0.44,-0.6,6.73
7/4/2026 17:28,12.62,0,0,-0.4,-0.9,7.63
7/4/2026 17:28,12.13,0,0,-0.36,-1.11,15.1
7/4/2026 17:28,11.51,0,0,-0.32,-1.32,6.22
7/4/2026 17:28,11,0,0,-0.28,-1.44,8.71
7/4/2026 17:28,10.62,0.03,0,-0.24,-1.48,7.76
7/4/2026 17:28,10.29,0.06,0,-0.2,-1.46,10.71
7/4/2026 17:28,10,0.09,0,-0.16,-1.39,12.5
7/4/2026 17:28,9.81,0.12,0,-0.12,-1.3,8.35
7/4/2026 17:28,9.62,0.15,0,-0.1,-1.19,21.51
7/4/2026 17:28,9.43,0.18,0,-0.08,-1.05,7.36
7/4/2026 17:28,9.29,0.21,0,-0.06,-0.93,7.73
7/4/2026 17:28,9.16,0.24,0,-0.04,-0.79,10.47
7/4/2026 17:28,9.04,0.27,0,-0.02,-0.64,8.02
7/4/2026 17:28,8.94,0.3,0,0,-0.49,8.81
7/4/2026 17:28,8.86,0.33,0,0,-0.33,19.17
7/4/2026 17:28,8.79,0.36,0,0,-0.16,9.7
7/4/2026 17:28,0,0.03,0,0,-1.11,10.36
7/4/2026 17:28,0.01,0.06,0,0,-1.11,14.08
7/4/2026 17:28,0.04,0.09,0,0,-1.11,27.48
7/4/2026 17:28,0.02,0.12,0,0,-1.11,12.58
7/4/2026 17:28,0.04,0.15,0,0,-1.12,7.92
7/4/2026 17:28,0.05,0.18,0,-0.02,-1.12,21.5
7/4/2026 17:28,0.09,0.21,0,-0.04,-1.12,10.09
7/4/2026 17:28,0.11,0.24,0,-0.06,-1.12,20.74
7/4/2026 17:28,0.2,0.27,0,-0.08,-1.12,14.37
7/4/2026 17:28,0.26,0.3,0,-0.1,-1.12,9.88
7/4/2026 17:28,0.36,0.33,0,-0.12,-1.12,13.93
7/4/2026 17:28,0.5,0.36,0,-0.14,-1.13,16.41
7/4/2026 17:28,0.59,0.39,0,-0.16,-1.13,8.69
7/4/2026 17:28,0.73,0.42,0,-0.18,-1.14,7.97
7/4/2026 17:28,0.82,0.45,0,-0.2,-1.14,10.37
7/4/2026 17:28,0.96,0.48,0,-0.22,-1.14,30.45
7/4/2026 17:28,1.13,0.51,0,-0.18,-1.15,29.18
7/4/2026 17:28,1.32,0.54,0,-0.14,-1.16,18.01
7/4/2026 17:28,1.52,0.57,0,-0.1,-1.16,7.33
7/4/2026 17:28,1.7,0.6,0,-0.06,-1.18,22.62
7/4/2026 17:28,1.89,0.63,0,-0.08,-1.19,6.71
7/4/2026 17:28,2.11,0.66,0,-0.1,-1.21,10.03
7/4/2026 17:28,2.35,0.69,0,-0.12,-1.25,10.03
7/4/2026 17:28,2.56,0.72,0,-0.14,-1.26,9.51
7/4/2026 17:28,2.79,0.75,0,-0.1,-1.28,15.17
7/4/2026 17:28,3.05,0.78,0,-0.06,-1.3,6.8
7/4/2026 17:28,3.34,0.81,0,-0.02,-1.32,12.67
7/4/2026 17:28,3.59,0.84,0,0,-1.35,19.31
7/4/2026 17:28,3.87,0.87,0,0,-1.39,12.1
7/4/2026 17:28,4.2,0.9,0,0,-1.44,10.51
7/4/2026 17:28,4.54,0.93,0,0,-1.49,15.68
7/4/2026 17:28,4.89,0.96,0,0,-1.57,27.68
7/4/2026 17:28,5.16,0.99,0,0,-1.62,15.69
7/4/2026 17:28,5.53,1,0,0,-1.69,17.25
7/4/2026 17:28,5.93,1,0,0,1.74,7.42
7/4/2026 17:28,6.29,1,0,0,1.65,10.06
7/4/2026 17:28,6.63,1,0,0,1.56,11.49
7/4/2026 17:28,7.05,1,0,0,1.45,8.22
7/4/2026 17:28,7.4,1,0,0,1.34,6.73
7/4/2026 17:28,7.77,1,0,0,1.21,9.8
7/4/2026 17:28,8.18,1,0,0,1.06,7.38
7/4/2026 17:28,8.62,1,0,0,0.88,12.25
7/4/2026 17:28,9.02,1,0,0,0.7,17.09
7/4/2026 17:28,9.44,1,0,0,0.49,15.52
7/4/2026 17:28,9.77,1,0,0,0.31,26.37
7/4/2026 17:28,10.15,1,0,0,0.12,9.43
7/4/2026 17:28,10.55,1,0,0,-0.17,14.78
7/4/2026 17:28,10.97,1,0,0,-0.45,9.87
7/4/2026 17:28,11.36,1,0,0,-0.74,13.92
7/4/2026 17:28,11.72,1,0,0,-1.02,19.84
7/4/2026 17:28,12.08,1,0,0,-1.33,8.76
7/4/2026 17:28,12.47,1,0,0,-1.68,10.24
7/4/2026 17:28,12.8,1,0,0,-1.51,6.39
7/4/2026 17:28,13.16,1,0,0,-1.14,7.73
7/4/2026 17:28,13.55,1,0,0,-0.71,11.23
7/4/2026 17:28,13.97,1,0,-0.02,-0.24,7.05
7/4/2026 17:28,14.36,1,0,-0.04,0.24,14.26
7/4/2026 17:28,14.72,1,0,-0.06,0.68,9.05
7/4/2026 17:28,15.03,1,0,-0.08,1.11,7.43
7/4/2026 17:28,15.43,1,0,-0.1,1.65,11.13
7/4/2026 17:28,15.8,1,0,-0.06,-1.33,10.83
7/4/2026 17:28,16.12,1,0,-0.02,-0.88,9.62
7/4/2026 17:28,16.46,1,0,0,-0.4,8.92
7/4/2026 17:28,16.84,1,0,-0.02,0.2,5.41
7/4/2026 17:28,17.17,1,0,-0.04,0.7,7.67
7/4/2026 17:28,17.5,0,0,-0.06,1.22,6.02
7/4/2026 17:28,17.86,0,0,-0.08,1.86,5.28
7/4/2026 17:28,18.02,0,0,-0.1,2.52,3.59
7/4/2026 17:28,17.82,0,0,-0.12,3.03,2.5
7/4/2026 17:28,17.64,0,0,-0.14,3.62,1.69
7/4/2026 17:28,17.23,0,0,-0.16,4.12,0.81
7/4/2026 17:28,4.47,0,0,-0.18,3.97,0.62
7/4/2026 17:28,4.1,0,0,-0.2,3.87,0.83
7/4/2026 17:28,3.54,0,0,-0.22,3.77,1.14
7/4/2026 17:28,2.69,0.03,0,-0.24,3.68,1.45
7/4/2026 17:28,2.04,0.06,0,-0.2,3.62,1.54
7/4/2026 17:28,1.44,0.09,0,-0.16,3.57,1.64
7/4/2026 17:28,1.12,0.12,0,-0.14,3.53,1.76
7/4/2026 17:28,0.98,0.15,0,-0.12,3.51,1.86
7/4/2026 17:28,0.86,0.18,0,-0.1,3.48,2.13
7/4/2026 17:28,0.75,0.21,0,-0.08,3.45,2.02
7/4/2026 17:28,0.71,0.24,0,-0.06,3.43,2.02
7/4/2026 17:28,0.7,0.27,0,-0.04,3.41,1.97
7/4/2026 17:28,0.7,0.3,0,-0.02,3.39,2.1
7/4/2026 17:28,0.79,0.33,0,0,3.36,2.04
7/4/2026 17:28,0.85,0.36,0,0.02,3.33,2.12
7/4/2026 17:28,0.88,0.39,0,0.04,3.3,2.35
7/4/2026 17:28,1,0.42,0,0.06,3.27,2.39
7/4/2026 17:28,1.07,0.45,0,0.08,3.24,2.37
7/4/2026 17:28,1.15,0.48,0,0.1,3.21,2.45
7/4/2026 17:28,1.25,0.51,0,0.12,3.16,2.38
7/4/2026 17:28,1.4,0.54,0,0.14,3.11,2.43
7/4/2026 17:28,1.53,0.57,0,0.16,3.05,3.14
7/4/2026 17:28,1.7,0.6,0,0.18,2.99,2.8
7/4/2026 17:28,1.84,0.63,0,0.2,2.93,2.89
7/4/2026 17:28,1.97,0.66,0,0.22,2.88,2.8
7/4/2026 17:28,2.12,0.69,0,0.24,2.8,2.89
7/4/2026 17:28,2.29,0.72,0,0.26,2.71,3.1
7/4/2026 17:28,2.33,0.75,0,0.28,2.64,3.33
7/4/2026 17:28,2.43,0.78,0,0.3,2.56,3.46
7/4/2026 17:28,2.7,0.81,0,0.32,2.45,3.59
7/4/2026 17:28,2.88,0.84,0,0.34,2.38,3.76
7/4/2026 17:28,3.12,0.87,0,0.36,2.27,3.76
7/4/2026 17:28,3.37,0.9,0,0.38,2.14,4.22
7/4/2026 17:28,3.62,0.93,0,0.4,2.02,4.3
7/4/2026 17:28,3.84,0.96,0,0.42,1.91,4.75
7/4/2026 17:28,4.09,0.99,0,0.44,1.79,5.45
7/4/2026 17:28,4.33,1,0,0.46,1.68,5.36
7/4/2026 17:28,4.61,1,0,0.48,1.56,8.78
7/4/2026 17:28,4.9,1,0,0.5,1.44,6.65
7/4/2026 17:28,5.22,0,0,0.52,1.33,9.04
7/4/2026 17:28,5.47,0.03,0,0.48,1.2,10.57
7/4/2026 17:28,3.83,0.06,0,0.44,1.09,7.81
7/4/2026 17:28,2.13,0.09,0,0.4,1.02,7.7
7/4/2026 17:28,0.93,0.12,0,0.36,0.99,6.2
7/4/2026 17:28,0.28,0.15,0,0.34,0.98,10.84
7/4/2026 17:28,0.08,0.18,0,0.32,0.98,9.84
7/4/2026 17:28,0.27,0.21,0,0.28,0.98,12.98
7/4/2026 17:28,0.37,0.24,0,0.24,0.98,20.63
7/4/2026 17:28,0.42,0.27,0,0.2,0.99,14.71
7/4/2026 17:28,0.53,0.3,0,0.16,0.99,8.55
7/4/2026 17:28,0.61,0.33,0,0.12,0.99,6.35
7/4/2026 17:28,0.73,0.36,0,0.1,1,8.82
7/4/2026 17:28,0.84,0.39,0,0.08,1,16.02
7/4/2026 17:28,0.97,0.42,0,0.06,1,15.89
7/4/2026 17:28,1.12,0.45,0,0.04,1.01,12.64
7/4/2026 17:28,1.24,0.48,0,0,1.01,7.69
7/4/2026 17:28,1.38,0.51,0,0,1.01,9.89
7/4/2026 17:28,1.56,0.54,0,0,1.02,10.67
7/4/2026 17:28,1.76,0.57,0,0,1.02,6.56
7/4/2026 17:28,1.94,0.6,0,0,1.02,6.26
7/4/2026 17:28,2.12,0.63,0,0,1.03,16.11
7/4/2026 17:28,2.34,0.66,0,0,1.02,7.74
7/4/2026 17:28,2.53,0.69,0,0,1.01,16.2
7/4/2026 17:28,2.75,0.72,0,0,1.01,9.9
7/4/2026 17:28,3.01,0.75,0,0,1.01,10.62
7/4/2026 17:28,3.28,0.78,0,0,1.02,13.26
7/4/2026 17:28,3.56,0.81,0,0,1.03,6.49
7/4/2026 17:28,3.83,0.84,0,0,1.04,9.48
7/4/2026 17:28,4.11,0.87,0,0,1.05,6.85
7/4/2026 17:28,4.43,0.9,0,0,1.06,22.3
7/4/2026 17:28,4.79,0.93,0,0,1.09,9.83
7/4/2026 17:28,5.16,0.96,0,0,1.11,7.21
7/4/2026 17:28,5.54,0.99,0,0,1.11,28.67
7/4/2026 17:28,5.94,1,0,0,1.13,6.56
7/4/2026 17:28,6.36,1,0,0,1.17,10.35
7/4/2026 17:28,6.76,1,0,-0.02,1.21,10.59
7/4/2026 17:28,7.11,1,0,-0.04,1.25,19.64
7/4/2026 17:28,7.48,1,0,0,1.29,13.02
7/4/2026 17:28,7.88,1,0,0,1.31,16.59
7/4/2026 17:28,8.29,1,0,0,1.36,8.3
7/4/2026 17:28,8.64,1,0,0,1.42,10.01
7/4/2026 17:28,9.02,1,0,0,1.49,12.74
7/4/2026 17:28,9.41,1,0,0,1.55,9.67
7/4/2026 17:28,9.81,1,0,0,1.64,11.83
7/4/2026 17:28,10.16,1,0,0,1.72,7.37
7/4/2026 17:28,10.52,1,0,0,1.82,6.18
7/4/2026 17:28,10.9,1,0,0,1.93,7.09
7/4/2026 17:28,11.34,1,0,0,2.06,12.82
7/4/2026 17:28,11.63,1,0,0,2.17,12.87
7/4/2026 17:28,12.02,1,0,0,2.33,6.22
7/4/2026 17:28,12.42,1,0,0,2.49,5.51
7/4/2026 17:28,12.76,1,0,0,2.65,7.74
7/4/2026 17:28,13.12,1,0,0,2.83,11.03
7/4/2026 17:28,13.51,1,0,0,3.05,6.17
7/4/2026 17:28,13.88,1,0,0,3.29,7.66
7/4/2026 17:28,14.31,1,0,0,3.57,20.53
7/4/2026 17:28,14.66,1,0,-0.02,3.8,7.52
7/4/2026 17:28,14.89,0,0,-0.04,4.08,7.06
7/4/2026 17:28,15.25,0,0,-0.06,4.38,5.31
7/4/2026 17:28,15.29,0,0,-0.08,4.7,4.49
7/4/2026 17:28,15.23,0,0,-0.1,5.05,3.72
7/4/2026 17:28,15.03,0,0,-0.12,5.36,2.27
7/4/2026 17:28,14.72,0,0,-0.14,5.62,1.48
7/4/2026 17:28,14.5,0,0,-0.16,5.83,0.71
7/4/2026 17:28,2.78,0.03,0,-0.18,5.96,0.73
7/4/2026 17:28,1.86,0.06,0,-0.14,5.99,0.85
7/4/2026 17:28,1.58,0.09,0,-0.1,5.98,0.94
7/4/2026 17:28,1.42,0.12,0,-0.06,5.97,1.09
7/4/2026 17:28,1.32,0.15,0,-0.04,5.95,1.16
7/4/2026 17:28,1.21,0.18,0,-0.02,5.94,1.25
7/4/2026 17:28,1.14,0.21,0,0,5.92,1.28
7/4/2026 17:28,1.07,0.24,0,0.02,5.9,1.37
7/4/2026 17:28,1.03,0.27,0,0.04,5.89,1.46
7/4/2026 17:28,1.01,0.3,0,0.06,5.87,1.54
7/4/2026 17:28,1.01,0.33,0,0.08,5.85,1.53
7/4/2026 17:28,1.02,0.36,0,0.1,5.84,1.59
7/4/2026 17:28,1.04,0.39,0,0.12,5.82,1.66
7/4/2026 17:28,1.12,0.42,0,0.14,5.8,1.72
7/4/2026 17:28,1.25,0.45,0,0.16,5.78,1.76
7/4/2026 17:28,1.35,0.48,0,0.18,5.76,1.91
7/4/2026 17:28,1.47,0.51,0,0.2,5.74,1.89
7/4/2026 17:28,1.56,0.54,0,0.22,5.72,1.97
7/4/2026 17:28,1.69,0.57,0,0.24,5.69,2.12
7/4/2026 17:28,1.79,0.6,0,0.26,5.65,2.17
7/4/2026 17:28,1.97,0.63,0,0.28,5.62,2.28
7/4/2026 17:28,2.09,0.66,0,0.3,5.58,2.36
7/4/2026 17:28,2.23,0.69,0,0.32,5.55,2.48
7/4/2026 17:28,2.4,0.72,0,0.34,5.51,2.64
7/4/2026 17:28,2.55,0.75,0,0.36,5.47,2.75
7/4/2026 17:28,2.69,0.78,0,0.38,5.43,2.88
7/4/2026 17:28,2.9,0.81,0,0.4,5.38,2.99
7/4/2026 17:28,3.09,0.84,0,0.42,5.34,3.12
7/4/2026 17:28,3.31,0.87,0,0.44,5.3,3.28
7/4/2026 17:28,3.5,0.9,0,0.46,5.26,3.55
7/4/2026 17:28,3.72,0.93,0,0.48,5.23,3.77
7/4/2026 17:28,3.95,0.96,0,0.5,5.19,5.82
7/4/2026 17:28,4,0.99,0,0.52,5.17,5.87
7/4/2026 17:28,4.19,1,0,0.54,5.16,4.33
7/4/2026 17:28,4.56,1,0,0.55,5.14,6.97
7/4/2026 17:28,4.93,1,0,0.55,5.13,8.79
7/4/2026 17:28,5.23,1,0,0.55,5.14,7.97
7/4/2026 17:28,5.52,0,0,0.55,5.16,13.87
7/4/2026 17:28,5.82,0,0,0.55,5.22,6.23
7/4/2026 17:28,5.83,0.03,0,0.55,5.29,6.51
7/4/2026 17:28,4.31,0.06,0,0.51,5.37,6.2
7/4/2026 17:28,2.99,0.09,0,0.47,5.4,6.29
7/4/2026 17:28,1.87,0.12,0,0.43,5.44,10.59
7/4/2026 17:28,1.1,0.15,0,0.39,5.47,6.85
7/4/2026 17:28,0.6,0.18,0,0.35,5.5,5.47
7/4/2026 17:28,0.34,0.21,0,0.31,5.51,6.13
7/4/2026 17:28,0.19,0.24,0,0.27,5.51,7.07
7/4/2026 17:28,0.06,0.27,0,0.23,5.52,10.57
7/4/2026 17:28,0.01,0.3,0,0.19,5.52,13.28
7/4/2026 17:28,0.07,0.33,0,0.15,5.52,5.44
7/4/2026 17:28,0.19,0.36,0,0.11,5.51,6.85
7/4/2026 17:28,0.29,0.39,0,0.07,5.5,10.38
7/4/2026 17:28,0.44,0.42,0,0.03,5.49,7.94
7/4/2026 17:28,0.56,0.45,0,0,5.47,6.72
7/4/2026 17:28,0.69,0.48,0,0,5.45,7.87
7/4/2026 17:28,0.85,0.51,0,0,5.41,5.42
7/4/2026 17:28,1.06,0.54,0,0,5.37,6.62
7/4/2026 17:28,1.24,0.57,0,0,5.33,8.92
7/4/2026 17:28,1.42,0.6,0,0,5.29,5.95
7/4/2026 17:28,1.64,0.63,0,0,5.22,13.98
7/4/2026 17:28,1.89,0.66,0,0,5.15,5.63
7/4/2026 17:28,2.11,0.69,0,0,5.08,14.06
7/4/2026 17:28,2.3,0.72,0,0.02,5.02,5.46
7/4/2026 17:28,2.59,0.75,0,0.04,4.91,15.57
7/4/2026 17:28,2.86,0.78,0,0.06,4.81,6.5
7/4/2026 17:28,3.16,0.81,0,0.08,4.69,10.36
7/4/2026 17:28,3.46,0.84,0,0.1,4.57,8.57
7/4/2026 17:28,3.62,0.87,0,0.12,4.45,6.29
7/4/2026 17:28,3.91,0.9,0,0.14,4.34,5.36
7/4/2026 17:28,4.26,0.93,0,0.16,4.21,5.31
7/4/2026 17:28,4.58,0.96,0,0.18,4.07,4.55
7/4/2026 17:28,4.73,0.99,0,0.2,3.95,4.32
7/4/2026 17:28,4.87,1,0,0.16,3.83,9.6
7/4/2026 17:28,5.36,1,0,0.14,3.68,5.11
7/4/2026 17:28,5.88,1,0,0.12,3.52,4.91
7/4/2026 17:28,6.31,1,0,0.1,3.37,7.66
7/4/2026 17:28,6.72,1,0,0.08,3.21,5.65
7/4/2026 17:28,7.16,1,0,0.04,3.03,5.55
7/4/2026 17:28,7.52,1,0,0,2.85,10.83
7/4/2026 17:28,7.68,1,0,0,2.69,5.66
7/4/2026 17:28,8.14,1,0,0.02,2.49,14.51
7/4/2026 17:28,8.65,1,0,0.04,2.26,8.19
7/4/2026 17:28,9.1,1,0,0.06,2.05,6.4
7/4/2026 17:28,9.54,1,0,0.08,1.84,47.75
7/4/2026 17:28,9.96,1,0,0.1,1.62,7.47
7/4/2026 17:28,10.39,1,0,0.12,1.41,6.68
7/4/2026 17:28,10.72,1,0,0.08,1.26,7.38
7/4/2026 17:28,11.08,1,0,0.04,1.12,11.1
7/4/2026 17:28,11.49,1,0,0,0.95,6.03
7/4/2026 17:28,11.9,1,0,0,0.79,24.37
7/4/2026 17:28,12.28,1,0,0,0.65,12.28
7/4/2026 17:28,12.6,1,0,0.02,0.52,8.52
7/4/2026 17:28,13,1,0,0.04,0.37,8.91
7/4/2026 17:28,13.39,1,0,0.06,0.22,6.77
7/4/2026 17:28,13.78,1,0,0.08,0.09,8.72
7/4/2026 17:28,14.12,0,0,0.1,-0.11,17.04
7/4/2026 17:28,14.42,0,0,0.12,-0.2,6.93
7/4/2026 17:28,14.62,0,0,0.14,-0.33,8.76
7/4/2026 17:28,14.58,0,0,0.16,-0.41,9.2
7/4/2026 17:28,14.41,0.83,0,0.18,-0.46,14.98
7/4/2026 17:28,14.19,0.86,0,0.14,-0.49,7.21
7/4/2026 17:28,13.99,0.89,0,0.1,-0.5,9.07
7/4/2026 17:28,13.94,0.92,0,0.06,-0.47,9.98
7/4/2026 17:28,14.04,0.95,0,0.02,-0.42,8.21
7/4/2026 17:28,14.19,0.98,0,0,-0.36,7.77
7/4/2026 17:28,14.41,1,0,0,-0.29,7.37
7/4/2026 17:32,0.06,0.03,0,0,-0.04,7.63
7/4/2026 17:32,0.04,0.06,0,0,-0.04,7.12
7/4/2026 17:32,0.03,0.09,0,0,-0.04,11.11
7/4/2026 17:32,0.02,0.12,0,0,-0.04,13.5
7/4/2026 17:32,0.01,0.15,0,0,-0.04,6.38
7/4/2026 17:32,0.01,0.18,0,0,-0.04,9.45
7/4/2026 17:32,0,0.21,0,0,-0.04,18.41
7/4/2026 17:32,0,0.24,0,0,-0.04,19.47
7/4/2026 17:32,0,0.27,0,0,-0.04,6.96
7/4/2026 17:32,0,0.3,0,0,-0.04,7.38
7/4/2026 17:32,0,0.33,0,0,-0.04,6.2
7/4/2026 17:32,0,0.36,0,0,-0.04,13.55
7/4/2026 17:32,0,0.39,0,0,-0.04,10.68
7/4/2026 17:32,0,0.42,0,0,-0.04,8.14
7/4/2026 17:32,0,0.45,0,0,-0.04,16.11
7/4/2026 17:32,0,0.48,0,0,-0.04,64.84
7/4/2026 17:32,0,0.51,0,0,-0.04,9.01
7/4/2026 17:32,0,0.54,0,0,-0.04,11.72
7/4/2026 17:32,0,0.57,0,0,-0.04,5.99
7/4/2026 17:32,0,0.6,0,0,-0.04,12.99
7/4/2026 17:32,0.41,0.63,0,0,-0.04,8.64
7/4/2026 17:32,1.25,0.66,0,0,-0.04,19.11
7/4/2026 17:32,1.86,0.69,0,0,-0.04,17.69
7/4/2026 17:32,2.37,0.72,0,0,-0.04,9.14
7/4/2026 17:32,2.73,0.75,0,0,-0.04,9.35
7/4/2026 17:32,3.05,0.78,0,0,-0.04,6.52
7/4/2026 17:32,3.32,0.81,0,0,-0.04,17.31
7/4/2026 17:32,3.64,0.84,0,0,-0.04,10.74
7/4/2026 17:32,3.94,0.87,0,0,-0.04,18.44
7/4/2026 17:32,4.2,0.9,0,0,-0.04,6.66
7/4/2026 17:32,4.56,0.93,0,0,-0.04,7.43
7/4/2026 17:32,4.92,0.96,0,0,-0.04,12.96
7/4/2026 17:32,5.33,0.99,0,0,-0.04,7.9
7/4/2026 17:32,5.71,1,0,0,-0.04,6.13
7/4/2026 17:32,6.1,1,0,0,-0.04,9.06
7/4/2026 17:32,6.45,1,0,0,-0.04,8.04
7/4/2026 17:32,6.78,1,0,0,-0.04,8.57
7/4/2026 17:32,7.14,1,0,0,-0.04,7.3
7/4/2026 17:32,7.52,1,0,0,-0.04,71.99
7/4/2026 17:32,7.87,1,0,0,-0.04,9.77
7/4/2026 17:32,8.32,1,0,0,-0.04,21.39
7/4/2026 17:32,8.75,1,0,0,-0.04,6.51
7/4/2026 17:32,9.16,1,0,0,-0.04,6.77
7/4/2026 17:32,9.58,1,0,0,-0.04,14.08
7/4/2026 17:32,9.94,1,0,0,-0.04,16.23
7/4/2026 17:32,10.29,1,0,0,-0.03,7.73
7/4/2026 17:32,10.68,1,0,0,-0.03,11.24
7/4/2026 17:32,11.1,1,0,0,-0.03,13.22
7/4/2026 17:32,11.44,1,0,0,-0.03,7.73
7/4/2026 17:32,11.78,1,0,0,-0.03,14.95
7/4/2026 17:32,12.18,1,0,0,-0.03,6.36
7/4/2026 17:32,12.57,1,0,0,-0.03,20.44
7/4/2026 17:32,12.93,1,0,0,-0.03,20.24
7/4/2026 17:32,13.3,1,0,0,-0.03,6.34
7/4/2026 17:32,13.67,1,0,0,-0.03,7.68
7/4/2026 17:32,14.03,1,0,0,-0.03,6.2
7/4/2026 17:32,14.38,1,0,0,-0.03,8.58
7/4/2026 17:32,14.73,1,0,0,-0.03,10.58
7/4/2026 17:32,15.06,1,0,0,-0.03,14.44
7/4/2026 17:32,15.42,1,0,0,-0.03,15.94
7/4/2026 17:32,15.84,1,0,0,-0.02,7.56
7/4/2026 17:32,16.24,1,0,0,-0.02,7.28
7/4/2026 17:32,16.62,1,0,0,-0.03,9.74
7/4/2026 17:32,17.01,1,0,0,-0.04,25.46
7/4/2026 17:32,17.36,1,0,0,-0.04,13.9
7/4/2026 17:32,17.7,1,0,0,-0.05,31.85
7/4/2026 17:32,18.06,1,0,0,-0.05,12.59
7/4/2026 17:32,18.45,1,0,0,-0.06,9.42
7/4/2026 17:32,18.74,1,0,0,-0.05,14.64
7/4/2026 17:32,19.13,1,0,0,-0.05,7.88
7/4/2026 17:32,19.43,1,0,0,-0.05,14.82
7/4/2026 17:32,19.76,1,0,0,-0.06,6.79
7/4/2026 17:32,20.16,1,0,0,-0.03,19.61
7/4/2026 17:32,20.55,1,0,0,-0.01,14.22
7/4/2026 17:32,20.93,1,0,0,0,7.87
7/4/2026 17:32,21.25,1,0,0,0.02,9.91
7/4/2026 17:32,21.57,1,0,0,0.03,10.87
7/4/2026 17:32,21.9,1,0,0,0.04,80.96
7/4/2026 17:32,22.24,1,0,0,0.06,10.49
7/4/2026 17:32,22.57,1,0,0,0.07,44.18
7/4/2026 17:32,22.97,1,0,0,0.09,6.46
7/4/2026 17:32,23.36,1,0,0,0.11,8.01
7/4/2026 17:32,23.72,1,0,0,0.12,7.1
7/4/2026 17:32,24.12,1,0,0,0.14,6.2
7/4/2026 17:32,24.36,1,0,0,0.15,11.43
7/4/2026 17:32,24.75,1,0,0,0.17,10.27
7/4/2026 17:32,25.07,1,0,0,0.19,7.41
7/4/2026 17:32,25.4,1,0,0,0.2,18.32
7/4/2026 17:32,25.74,1,0,0,0.22,17.13
7/4/2026 17:32,26.11,1,0,0,0.24,30.5
7/4/2026 17:32,26.47,1,0,0,0.26,29.4
7/4/2026 17:32,26.8,1,0,0,0.28,7.38
7/4/2026 17:32,27.11,1,0,0,0.29,6.69
7/4/2026 17:32,27.46,1,0,0,0.31,13.95
7/4/2026 17:32,27.82,1,0,0,0.33,11.2
7/4/2026 17:32,28.12,1,0,0,0.35,14.31
7/4/2026 17:32,28.45,1,0,0,0.37,14.53
7/4/2026 17:32,28.76,1,0,0,0.39,6.93
7/4/2026 17:32,29.08,1,0,0,0.4,6.49
7/4/2026 17:32,29.42,1,0,0,0.42,7.14
7/4/2026 17:32,29.76,1,0,0,0.44,11.88
7/4/2026 17:32,30.12,1,0,0,0.47,9.93
7/4/2026 17:32,30.48,1,0,0,0.49,26
7/4/2026 17:32,30.77,1,0,0,0.51,26.12
7/4/2026 17:32,31.09,1,0,0,0.53,6.53
7/4/2026 17:32,31.41,1,0,0,0.55,10.94
7/4/2026 17:32,31.72,1,0,0,0.57,23.32
7/4/2026 17:32,32.04,1,0,0,0.59,9.61
7/4/2026 17:32,32.4,1,0,0,0.61,11.69
7/4/2026 17:32,32.74,1,0,0,0.64,13.73
7/4/2026 17:32,33.08,1,0,0.02,0.66,23.5
7/4/2026 17:32,33.4,1,0,0.04,0.57,7.04
7/4/2026 17:32,33.67,1,0,0.06,0.41,10.78
7/4/2026 17:32,34,1,0,0.08,0.22,7.24
7/4/2026 17:32,34.32,1,0,0.1,-0.38,7.72
7/4/2026 17:32,34.56,0,0,0.12,-0.83,12.06
7/4/2026 17:32,34.78,0,0,0.14,-1.37,11.83
7/4/2026 17:32,34.84,0,0,0.16,1.42,7.02
7/4/2026 17:32,34.61,0,0,0.18,0.68,18.34
7/4/2026 17:32,34.2,0,0,0.2,-0.05,7.15
7/4/2026 17:32,33.71,0,0,0.22,-0.7,7.64
7/4/2026 17:32,32.96,0,0,0.24,-1.55,7.84
7/4/2026 17:32,32.14,0,0,0.26,-1.16,6.12
7/4/2026 17:32,31.33,0,0,0.28,-0.46,6.49
7/4/2026 17:32,30.48,0,0,0.3,0.23,9.75
7/4/2026 17:32,29.43,0,0,0.32,0.98,27.3
7/4/2026 17:32,28.26,0,0,0.34,1.74,5.96
7/4/2026 17:32,27.11,0,0,0.36,-1.09,23.49
7/4/2026 17:32,26.13,0,0,0.38,-0.6,25.38
7/4/2026 17:32,25.03,0,0,0.4,-0.05,9.55
7/4/2026 17:32,23.76,0.28,0,0.36,0.56,9.91
7/4/2026 17:32,22.5,0.31,0,0.32,1.05,6.7
7/4/2026 17:32,21.49,0.34,0,0.28,1.4,35.87
7/4/2026 17:32,20.44,0.37,0,0.26,1.74,15.51
7/4/2026 17:32,19.25,0.4,0,0.24,2.09,8.05
7/4/2026 17:32,18.14,0.43,0,0.22,2.35,10.36
7/4/2026 17:32,17.17,0.46,0,0.2,2.54,9.48
7/4/2026 17:32,16.22,0.49,0,0.18,2.66,17.79
7/4/2026 17:32,15.25,0.52,0,0.16,2.75,8.25
7/4/2026 17:32,14.4,0.55,0,0.14,2.74,6.67
7/4/2026 17:32,13.67,0.58,0,0.12,2.68,16.03
7/4/2026 17:32,13.09,0.61,0,0.1,2.59,8.74
7/4/2026 17:32,12.51,0.64,0,0.08,2.38,11.17
7/4/2026 17:32,12.13,0.67,0,0.06,2.13,6.15
7/4/2026 17:32,11.92,0.7,0,0.04,1.85,6.8
7/4/2026 17:32,11.84,0.73,0,0.02,1.54,9.85
7/4/2026 17:32,11.86,0.76,0,0,1.24,7.71
7/4/2026 17:32,11.99,0.79,0,-0.02,0.73,8.53
7/4/2026 17:32,12.21,0.82,0,-0.04,0.19,6.27
7/4/2026 17:32,12.43,0.85,0,-0.06,-0.41,6.29
7/4/2026 17:32,12.68,0.88,0,-0.08,-0.87,9
7/4/2026 17:32,12.86,0.91,0,-0.1,-1.23,9
7/4/2026 17:32,13.12,0.94,0,-0.06,-1.73,9.23
7/4/2026 17:32,13.42,0.97,0,-0.02,1.26,9.22
7/4/2026 17:32,13.75,1,0,0,0.75,6.62
7/4/2026 17:32,14.05,1,0,0,0.3,8.4
7/4/2026 17:32,14.35,1,0,-0.02,-0.15,6.76
7/4/2026 17:32,14.73,1,0,-0.04,-0.64,9.18
7/4/2026 17:32,15.08,1,0,-0.06,-1.1,20.21
7/4/2026 17:32,15.4,1,0,-0.08,-1.52,34.53
7/4/2026 17:32,15.74,1,0,-0.1,-1.56,6.67
7/4/2026 17:32,16.1,1,0,-0.12,-1.13,10.13
7/4/2026 17:32,16.45,0,0,-0.14,-0.73,10.15
7/4/2026 17:32,16.79,0,0,-0.16,-0.35,25.72
7/4/2026 17:32,16.92,0,0,-0.18,-0.09,7.31
7/4/2026 17:32,16.85,0.88,0,-0.14,0.15,22.49
7/4/2026 17:32,16.68,0.91,0,-0.1,0.35,9.65
7/4/2026 17:32,16.52,0.94,0,-0.06,0.52,10.29
7/4/2026 17:32,16.47,0.97,0,-0.02,0.63,8.18
7/4/2026 17:32,16.55,1,0,0,0.74,12.59
7/4/2026 17:32,16.72,1,0,0,0.83,28.39
7/4/2026 17:32,16.96,1,0,0,0.91,8.65
7/4/2026 17:32,17.21,1,0,0,0.97,16.71
7/4/2026 17:32,17.52,1,0,0,1.03,8.14
7/4/2026 17:32,17.83,1,0,0,1.08,6.58
7/4/2026 17:32,18.13,1,0,0,1.12,5.86
7/4/2026 17:32,18.46,1,0,0,1.16,16.81
7/4/2026 17:32,18.84,1,0,0,1.2,8.68
7/4/2026 17:32,19.22,1,0,0,1.24,6.07
7/4/2026 17:32,19.53,1,0,0.02,1.27,7.55
7/4/2026 17:32,19.86,0,0,0.04,1.3,6.92
7/4/2026 17:32,20.2,0,0,0.06,1.34,32.35
7/4/2026 17:32,20.35,0,0,0.08,1.39,21.38
7/4/2026 17:32,20.28,0,0,0.1,1.45,8.86
7/4/2026 17:32,20.1,0,0,0.12,1.52,7.54
7/4/2026 17:32,19.75,0,0,0.14,1.63,8.59
7/4/2026 17:32,19.36,0,0,0.16,-1.74,10.2
7/4/2026 17:32,18.98,0,0,0.18,-1.6,10.3
7/4/2026 17:32,18.55,0,0,0.2,-1.42,9.09
7/4/2026 17:32,18.03,0,0,0.22,-1.17,6.12
7/4/2026 17:32,17.51,0,0,0.24,-0.89,18.02
7/4/2026 17:32,16.94,0,0,0.26,-0.55,6.74
7/4/2026 17:32,16.55,0,0,0.28,-0.29,16.6
7/4/2026 17:32,15.92,0,0,0.3,0.15,8.58
7/4/2026 17:32,15.3,0,0,0.32,0.64,14.39
7/4/2026 17:32,14.7,0,0,0.34,-1.03,13.51
7/4/2026 17:32,14.04,0.23,0,0.36,-1.01,11.48
7/4/2026 17:32,13.48,0.26,0,0.32,-0.98,13.63
7/4/2026 17:32,13.01,0.29,0,0.28,-0.93,8.16
7/4/2026 17:32,12.67,0.32,0,0.24,-0.87,6.46
7/4/2026 17:32,12.43,0.35,0,0.2,-0.81,10.23
7/4/2026 17:32,12.22,0.38,0,0.16,-0.71,7.24
7/4/2026 17:32,12.08,0.41,0,0.12,-0.62,10.21
7/4/2026 17:32,11.99,0.44,0,0.08,-0.51,8.55
7/4/2026 17:32,11.92,0.47,0,0.04,-0.38,7.24
7/4/2026 17:32,11.88,0.5,0,0,-0.27,6.86
7/4/2026 17:32,11.87,0.53,0,0,-0.21,6.24
7/4/2026 17:32,11.88,0.56,0,0,-0.12,9.43
7/4/2026 17:32,11.91,0.59,0,0,-0.06,7.61
7/4/2026 17:32,11.96,0.62,0,0.02,-0.03,22.88
7/4/2026 17:32,12.02,0.65,0,0.04,-0.08,7.62
7/4/2026 17:32,12.1,0.68,0,0.06,-0.07,8.28
7/4/2026 17:32,12.2,0.71,0,0.08,-0.09,7.77
7/4/2026 17:32,12.31,0.74,0,0.04,0.02,8.43
7/4/2026 17:32,12.43,0.77,0,0,-0.13,12.03
7/4/2026 17:32,12.6,0.8,0,0,-0.31,9.83
7/4/2026 17:32,12.79,0.83,0,0,-0.48,14.22
7/4/2026 17:32,12.97,0.86,0,0,-0.63,9.98
7/4/2026 17:32,13.18,0.89,0,0,-0.79,11.21
7/4/2026 17:32,13.44,0.92,0,0,-0.97,16.64
7/4/2026 17:32,13.72,0.95,0,0,-1.15,14.62
7/4/2026 17:32,13.97,0.98,0,0.02,-1.3,10.77
7/4/2026 17:32,14.23,1,0,0.04,-1.45,8.04
7/4/2026 17:32,14.58,1,0,0.06,-1.64,14.87
7/4/2026 17:32,14.94,1,0,0.08,1.67,7.16
7/4/2026 17:32,15.3,1,0,0.1,1.5,9.1
7/4/2026 17:32,15.57,1,0,0.12,1.38,6.03
7/4/2026 17:32,15.93,1,0,0.08,1.24,11.94
7/4/2026 17:32,16.3,1,0,0.04,1.12,8.26
7/4/2026 17:32,16.66,1,0,0,1.01,18.37
7/4/2026 17:32,17,1,0,0,0.93,7.82
7/4/2026 17:32,17.33,1,0,0,0.85,24.62
7/4/2026 17:32,17.73,1,0,0,0.77,7.47
7/4/2026 17:32,18.11,1,0,0,0.7,9.39
7/4/2026 17:32,18.39,1,0,0,0.65,14.88
7/4/2026 17:32,18.77,1,0,0,0.58,8.92
7/4/2026 17:32,19.16,1,0,0,0.52,9.05
7/4/2026 17:32,19.49,1,0,0.02,0.47,8.58
7/4/2026 17:32,19.82,1,0,0.04,0.42,13.6
7/4/2026 17:32,20.19,1,0,0.06,0.37,17.26
7/4/2026 17:32,20.57,1,0,0.02,0.32,7
7/4/2026 17:32,20.9,1,0,0,0.3,9.08
7/4/2026 17:32,21.24,1,0,0,0.27,6.55
7/4/2026 17:32,21.62,1,0,0,0.25,7.3
7/4/2026 17:32,21.96,1,0,0.02,0.24,7.38
7/4/2026 17:32,22.31,1,0,0.04,0.24,8.1
7/4/2026 17:32,22.65,1,0,0,0.24,9.08
7/4/2026 17:32,23.04,1,0,0,0.26,6.77
7/4/2026 17:32,23.42,1,0,0,0.28,7.71
7/4/2026 17:32,23.81,1,0,0,0.31,9.88
7/4/2026 17:32,24.2,1,0,0,0.34,17.25
7/4/2026 17:32,24.6,1,0,0,0.38,7.57
7/4/2026 17:32,24.98,1,0,0,0.43,5.95
7/4/2026 17:32,25.33,1,0,0,0.47,6.57
7/4/2026 17:32,25.6,1,0,0,0.51,7.8
7/4/2026 17:32,25.98,1,0,0,0.56,16.26
7/4/2026 17:32,26.34,1,0,0,0.62,7.58
7/4/2026 17:32,26.71,1,0,0,0.67,11.47
7/4/2026 17:32,27.04,1,0,0,0.73,6.28
7/4/2026 17:32,27.35,1,0,0,0.78,6.51
7/4/2026 17:32,27.69,1,0,0,0.83,6.2
7/4/2026 17:32,28.07,1,0,0,0.9,6.48
7/4/2026 17:32,28.43,1,0,0,0.96,60.88
7/4/2026 17:32,28.7,1,0,0,1.01,6.88
7/4/2026 17:32,29.06,1,0,0,1.07,10.4
7/4/2026 17:32,29.4,1,0,0,1.13,13.96
7/4/2026 17:32,29.77,1,0,0,1.2,9.18
7/4/2026 17:32,30.02,1,0,0,1.25,12.77
7/4/2026 17:32,30.37,1,0,0,1.31,10.6
7/4/2026 17:32,30.74,1,0,0,1.38,16.79
7/4/2026 17:32,31.09,1,0,0,1.45,17.7
7/4/2026 17:32,31.39,1,0,0,1.51,8.89
7/4/2026 17:32,31.7,1,0,0,1.57,6.05
7/4/2026 17:32,32.04,1,0,0,1.64,100
7/4/2026 17:32,32.3,1,0,0,1.7,10.59
7/4/2026 17:32,32.67,1,0,0,-1.73,28.08
7/4/2026 17:32,33.36,0.03,0,0,-1.45,10.21
7/4/2026 17:32,31.92,0.06,0,0,-1.38,13.01
7/4/2026 17:32,30.23,0.09,0,0,-1.31,7.13
7/4/2026 17:32,28.55,0.12,0,0,-1.25,5.9
7/4/2026 17:32,27.15,0.15,0,0,-1.2,5.51
7/4/2026 17:32,25.62,0.18,0,0,-1.14,15.47
7/4/2026 17:32,24.1,0.21,0,0,-1.09,9.04
7/4/2026 17:32,22.74,0.24,0,0,-1.04,8.25
7/4/2026 17:32,21.68,0.27,0,0,-1,5.57
7/4/2026 17:32,20.53,0.3,0,0,-0.95,7.12
7/4/2026 17:32,19.24,0.33,0,0,-0.91,16.65
7/4/2026 17:32,18.02,0.36,0,0,-0.87,6.12
7/4/2026 17:32,16.96,0.39,0,0,-0.83,8.5
7/4/2026 17:32,15.87,0.42,0,0.02,-0.8,7.28
7/4/2026 17:32,14.61,0.45,0,0.04,-0.77,17.5
7/4/2026 17:32,13.34,0.48,0,0.06,-0.73,24.57
7/4/2026 17:32,12.29,0,0,0.08,-0.7,6.48
7/4/2026 17:32,11.16,0,0,0.04,-0.66,8.11
7/4/2026 17:32,9.95,0.03,0,0,-0.62,9.75
7/4/2026 17:32,9.09,0.06,0,0,-0.59,12.15
7/4/2026 17:32,8.52,0.09,0,0,-0.55,14.95
7/4/2026 17:32,8.12,0.12,0,0,-0.51,22.97
7/4/2026 17:32,7.82,0.15,0,0,-0.47,10.47
7/4/2026 17:32,7.59,0.18,0,0,-0.42,24.26
7/4/2026 17:32,7.44,0.21,0,0,-0.38,43.31
7/4/2026 17:32,7.33,0.24,0,0,-0.34,32
7/4/2026 17:32,7.24,0.27,0,0,-0.3,6.35
7/4/2026 17:32,7.18,0.3,0,0.02,-0.26,9.09
7/4/2026 17:32,7.13,0.33,0,0.04,-0.22,9.03
7/4/2026 17:32,7.1,0.36,0,0.06,-0.16,7.93
7/4/2026 17:32,7.08,0.39,0,0.08,-0.11,12.7
7/4/2026 17:32,7.09,0.42,0,0.04,-0.05,9.84
7/4/2026 17:32,7.11,0.45,0,0,0.02,6.4
7/4/2026 17:32,7.14,0.48,0,0.02,0.06,14.91
7/4/2026 17:32,7.2,0.51,0,0.04,0.13,6.74
7/4/2026 17:32,7.27,0.54,0,0.06,0.19,8.76
7/4/2026 17:32,7.36,0.57,0,0.08,0.26,7.13
7/4/2026 17:32,7.44,0.6,0,0.1,0.32,13.74
7/4/2026 17:32,7.55,0.63,0,0.12,0.36,10.27
7/4/2026 17:32,7.68,0.66,0,0.14,0.41,5.87
7/4/2026 17:32,7.83,0.69,0,0.16,0.43,17.04
7/4/2026 17:32,7.95,0.72,0,0.18,0.45,13.51
7/4/2026 17:32,8.13,0.75,0,0.2,0.48,8.21
7/4/2026 17:32,8.31,0.78,0,0.22,0.5,6.68
7/4/2026 17:32,8.49,0.81,0,0.24,0.52,10.26
7/4/2026 17:32,8.68,0.84,0,0.26,0.53,14.71
7/4/2026 17:32,8.91,0.87,0,0.28,0.55,6.34
7/4/2026 17:32,9.15,0.9,0,0.3,0.56,8.41
7/4/2026 17:32,9.37,0.93,0,0.32,0.57,8.09
7/4/2026 17:32,9.6,0.96,0,0.34,0.59,16.81
7/4/2026 17:32,9.84,0.99,0,0.36,0.6,11.59
7/4/2026 17:32,10.1,1,0,0.38,0.63,17.75
7/4/2026 17:32,10.36,1,0.06,0.4,0.67,12.52
7/4/2026 17:32,10.65,1,0.12,0.42,0.71,11.48
7/4/2026 17:32,10.88,1,0.18,0.38,0.76,6.28
7/4/2026 17:32,11.13,1,0.24,0.34,0.81,17.83
7/4/2026 17:32,11.46,1,0.3,0.3,0.9,27.97
7/4/2026 17:32,11.73,1,0.36,0.26,0.98,38.09
7/4/2026 17:32,12.01,1,0.42,0.22,1.06,7.3
7/4/2026 17:32,12.3,1,0.48,0.18,1.15,13.5
7/4/2026 17:32,12.63,1,0.54,0.14,1.25,41.4
7/4/2026 17:32,12.95,1,0.6,0.1,1.33,7.66
7/4/2026 17:32,13.24,1,0.66,0.06,1.39,7.46
7/4/2026 17:32,13.48,1,0.72,0.02,1.42,6.33
7/4/2026 17:32,13.75,1,0.78,0,1.42,10.04
7/4/2026 17:32,14.02,1,0.84,0,1.37,6.68
7/4/2026 17:32,14.28,1,0.9,0,1.27,11.57
7/4/2026 17:32,14.52,1,0.96,0,1.16,15
7/4/2026 17:32,14.71,1,1,0,1.06,6.61
7/4/2026 17:32,14.94,1,1,0,0.94,10.63
7/4/2026 17:32,15.15,1,0,0,0.83,7.99
7/4/2026 17:32,15.41,1,0,0,0.71,13.6
7/4/2026 17:32,15.7,1,0,0,0.61,33.47
7/4/2026 17:32,16,1,0,0,0.5,8.05
7/4/2026 17:32,16.37,1,0,0,0.38,9.89
7/4/2026 17:32,16.68,1,0,0,0.28,6.69
7/4/2026 17:32,17.02,1,0,0,0.17,15.58
7/4/2026 17:32,17.42,1,0,0,0.04,18.51
7/4/2026 17:32,17.8,1,0,0,-0.1,6.52
7/4/2026 17:32,18.18,1,0,0,-0.23,50.75
7/4/2026 17:32,18.48,1,0,0,-0.34,20.15
7/4/2026 17:32,18.87,1,0,0,-0.48,7.03
7/4/2026 17:32,19.25,1,0,0,-0.63,23.67
7/4/2026 17:32,19.61,1,0,0,-0.78,6.75
7/4/2026 17:32,19.95,1,0,0,-0.92,8.99
7/4/2026 17:32,20.27,1,0,0,-1.06,15.76
7/4/2026 17:32,20.68,1,0,0,-1.24,9.08
7/4/2026 17:32,21.04,1,0,0,-1.4,8
7/4/2026 17:32,21.39,1,0,0,-1.56,52.91
7/4/2026 17:32,21.71,1,0,0,-1.71,10.15
7/4/2026 17:32,21.65,0.73,0,0,0.56,9.19
7/4/2026 17:32,21.31,0.76,0,0,0.41,7.08
7/4/2026 17:32,20.99,0.79,0,0,0.26,12.29
7/4/2026 17:32,20.75,0.82,0,0,0.09,7.75
7/4/2026 17:32,20.65,0.85,0,0,-0.08,7.1
7/4/2026 17:32,20.64,0.88,0,-0.02,-0.21,22.08
7/4/2026 17:32,20.71,0.91,0,-0.04,-0.37,16.33
7/4/2026 17:32,20.83,0.94,0,-0.06,-0.55,19.47
7/4/2026 17:32,20.97,0.97,0,-0.08,-0.69,12.04
7/4/2026 17:32,21.17,1,0,-0.1,-0.9,23.89
7/4/2026 17:32,21.41,1,0,-0.12,-1.12,14.88
7/4/2026 17:32,21.66,1,0,-0.14,-1.37,20.89
7/4/2026 17:32,21.9,1,0,-0.16,-1.65,13.71
7/4/2026 17:32,22.09,1,0,-0.18,-1.58,7.73
7/4/2026 17:32,22.31,1,0,-0.2,-1.17,10.49
7/4/2026 17:32,22.51,1,0,-0.22,-0.59,21.92
7/4/2026 17:32,22.66,1,0,-0.24,0.06,11.64
7/4/2026 17:32,22.77,1,0,-0.26,0.79,12.39
7/4/2026 17:32,22.85,1,0,-0.28,1.62,10.4
7/4/2026 17:32,22.88,1,0,-0.3,2.69,14.48
7/4/2026 17:32,22.86,1,0,-0.32,1.99,18.76
7/4/2026 17:32,22.78,0,0,-0.34,0.9,7.93
7/4/2026 17:32,22.62,0,0,-0.36,-0.21,24.79
7/4/2026 17:32,22.23,0,0,-0.38,-1.31,13.87
7/4/2026 17:32,21.65,0,0,-0.34,1.31,14.52
7/4/2026 17:32,20.94,0,0,-0.3,0.53,14.71
7/4/2026 17:32,20.07,0,0,-0.26,-0.19,19.53
7/4/2026 17:32,19.18,0,0,-0.22,-0.77,15.66
7/4/2026 17:32,18.37,0,0,-0.18,-1.19,9.22
7/4/2026 17:32,17.56,0,0,-0.14,-1.53,8.1
7/4/2026 17:32,16.61,0,0,-0.1,-1.64,7.83
7/4/2026 17:32,15.67,0,0,-0.06,-1.46,22.34
7/4/2026 17:32,14.97,0.48,0,-0.02,-1.37,8.73
7/4/2026 17:32,14.2,0.51,0,0,-1.33,10.8
7/4/2026 17:32,13.4,0.54,0,0,-1.37,20.33
7/4/2026 17:32,12.77,0.57,0,0,-1.49,7.86
7/4/2026 17:32,12.31,0.6,0,0,-1.66,68.51
7/4/2026 17:32,11.89,0.63,0,0,-1.56,10.35
7/4/2026 17:32,11.61,0.66,0,0,-1.19,31.04
7/4/2026 17:32,11.5,0.69,0,0,-0.76,11.25
7/4/2026 17:32,11.52,0.72,0,0,-0.3,9.79
7/4/2026 17:32,11.63,0.75,0,0,0.2,6.45
7/4/2026 17:32,11.48,0.53,0,0,-0.31,10.4
7/4/2026 17:32,11.26,0.56,0,0,0.31,8.64
7/4/2026 17:32,11.11,0.59,0,0,0.8,7.84
7/4/2026 17:32,11.06,0.62,0,0,1.23,7.72
7/4/2026 17:32,11.07,0.65,0,0,1.7,15.13
7/4/2026 17:32,11.14,0.68,0,0.02,2.19,5.12
7/4/2026 17:32,11.09,0.71,0,0.04,2.63,9.39
7/4/2026 17:32,11.21,0.74,0,0.06,3.06,10.61
7/4/2026 17:32,11.35,0.77,0,0.08,3.51,9.19
7/4/2026 17:32,11.38,0.8,0,0.1,3.96,57.27
7/4/2026 17:32,11.55,0.83,0,0.12,4.34,12.32
7/4/2026 17:32,11.67,0.86,0,0.14,4.73,12.94
7/4/2026 17:32,11.89,0.89,0,0.16,5.12,58.94
7/4/2026 17:32,12.14,0.92,0,0.18,5.5,11.31
7/4/2026 17:32,12.26,0.95,0,0.2,5.81,10.6
7/4/2026 17:32,12.47,0.98,0,0.22,6.04,9.88
7/4/2026 17:32,12.76,1,0,0.18,6.29,35.8
7/4/2026 17:32,13.08,1,0,0.14,6.5,7.8
7/4/2026 17:32,13.39,1,0,0.1,6.62,12.17
7/4/2026 17:32,13.72,1,0,0.06,6.72,7.38
7/4/2026 17:32,14.11,1,0,0.02,6.78,6.49
7/4/2026 17:32,14.51,1,0,0,6.77,26.5
7/4/2026 17:32,14.92,1,0,0,6.72,13.17
7/4/2026 17:32,15.3,1,0,0,6.63,29.48
7/4/2026 17:32,15.6,1,0,0,6.52,7.44
7/4/2026 17:32,15.98,1,0,0,6.34,46.93
7/4/2026 17:32,16.38,1,0,0,6.1,17.87
7/4/2026 17:32,16.76,1,0,0.02,5.82,36.99
7/4/2026 17:32,17.1,1,0,0.04,5.52,18.69
7/4/2026 17:32,17.29,1,0,0,5.19,41.07
7/4/2026 17:32,17.43,1,0,-0.02,4.83,23.63
7/4/2026 17:32,17.76,1,0,-0.04,4.42,7.36
7/4/2026 17:32,17.91,1,0,-0.06,3.97,9.15
7/4/2026 17:32,18.14,1,0,-0.08,3.39,10.82
7/4/2026 17:32,18.62,0,0,-0.1,2.83,5.54
7/4/2026 17:32,18.85,0,0,-0.12,2.24,16.28
7/4/2026 17:32,19.05,0.93,0,-0.14,1.73,6.25
7/4/2026 17:32,19.15,0.96,0,-0.16,1.23,18.43
7/4/2026 17:32,19.12,0.99,0,-0.18,0.61,7.51
7/4/2026 17:32,19.1,1,0,-0.2,0.17,6.68
7/4/2026 17:32,19.14,1,0,-0.22,-0.46,6.25
7/4/2026 17:32,19.23,1,0,-0.24,-1,8.17
7/4/2026 17:32,19.31,1,0,-0.26,-1.39,20.27
7/4/2026 17:32,19.42,1,0,-0.28,1.64,11.01
7/4/2026 17:32,19.49,1,0,-0.24,1.23,9.53
7/4/2026 17:32,19.58,1,0,-0.2,0.92,7.2
7/4/2026 17:32,19.72,1,0,-0.16,0.57,10.51
7/4/2026 17:32,19.87,1,0,-0.12,0.27,14.03
7/4/2026 17:32,20.02,1,0,-0.08,0.08,26.39
7/4/2026 17:32,20.25,1,0,-0.04,-0.24,13.37
7/4/2026 17:32,20.48,1,0,0,-0.46,7.81
7/4/2026 17:32,20.77,1,0,0,-0.65,10.84
7/4/2026 17:32,21.07,1,0,0,-0.82,21.11
7/4/2026 17:32,21.35,1,0,0,-0.94,9.94
7/4/2026 17:32,21.66,1,0,0,-1.06,10.57
7/4/2026 17:32,22,1,0,0,-1.18,16.45
7/4/2026 17:32,22.32,1,0,0,-1.29,8.05
7/4/2026 17:32,22.68,1,0,0,-1.43,10.83
7/4/2026 17:32,23.07,1,0,0,-1.58,9.39
7/4/2026 17:32,23.44,1,0,0,-1.72,8.23
7/4/2026 17:32,23.83,1,0,0,-1.65,23.38
7/4/2026 17:32,24.12,1,0,0,-1.55,23.38
7/4/2026 17:32,24.51,1,0,0,-1.44,21.85
7/4/2026 17:32,24.9,0,0,-0.02,-1.32,9.69
7/4/2026 17:32,25.22,0,0,-0.04,-1.22,6.86
7/4/2026 17:32,25.37,0,0,-0.06,-1.15,12.48
7/4/2026 17:32,25.32,0,0,-0.08,-1.05,19.86
7/4/2026 17:32,25.05,0,0,-0.1,-0.98,15.4
7/4/2026 17:32,24.64,0,0.06,-0.12,-0.93,7.72
7/4/2026 17:32,24.12,0,0.12,-0.14,-0.92,18.8
7/4/2026 17:32,23.59,0,0.18,-0.16,-0.95,11.21
7/4/2026 17:32,23,0,0.24,-0.18,-1.02,7.96
7/4/2026 17:32,22.34,0,0.3,-0.2,-1.15,6.41
7/4/2026 17:32,21.77,0,0.36,-0.22,-1.29,6.99
7/4/2026 17:32,21.15,0,0.42,-0.24,-1.48,13.65
7/4/2026 17:32,20.41,0,0.48,-0.26,-1.75,11.24
7/4/2026 17:32,19.63,0,0,-0.28,-1.43,13.14
7/4/2026 17:32,18.96,0,0,-0.3,-1.11,33.18
7/4/2026 17:32,18.28,0.28,0,-0.32,-0.74,8.38
7/4/2026 17:32,17.44,0.31,0,-0.34,-0.22,13.75
7/4/2026 17:32,16.85,0.34,0,-0.36,0.19,12.58
7/4/2026 17:32,16.24,0.37,0,-0.38,0.68,9.29
7/4/2026 17:32,15.53,0.4,0,-0.4,1.33,11.98
7/4/2026 17:32,14.96,0.43,0,-0.36,-1.47,33.82
7/4/2026 17:32,14.36,0.46,0,-0.32,-1.46,8.54
7/4/2026 17:32,13.95,0.49,0,-0.28,-1.44,9.62
7/4/2026 17:32,13.68,0.52,0,-0.24,-1.4,6.03
7/4/2026 17:32,13.41,0.55,0,-0.2,-1.32,10.72
7/4/2026 17:32,13.24,0.58,0,-0.16,-1.19,8.74
7/4/2026 17:32,13.16,0.61,0,-0.12,-1.06,6.87
7/4/2026 17:32,13.14,0.64,0,-0.08,-0.92,12.5
7/4/2026 17:32,13.17,0.67,0,-0.06,-0.73,7.04
7/4/2026 17:32,13.23,0.7,0,-0.04,-0.54,12.14
7/4/2026 17:32,13.31,0.73,0,-0.02,-0.4,6.37
7/4/2026 17:32,13.44,0.76,0,0,-0.22,8.47
7/4/2026 17:32,13.6,0.79,0,0.02,-0.09,9.73
7/4/2026 17:32,13.75,0.82,0,0,0.06,6.44
7/4/2026 17:32,13.93,0.85,0,0,0.15,62.92
7/4/2026 17:32,14.16,0.88,0,0,0.22,6.94
7/4/2026 17:32,14.41,0.91,0,0,-0.08,30.08
7/4/2026 17:32,14.69,0.94,0,0,0.12,9.3
7/4/2026 17:32,15,0.97,0,0,0.23,11.39
7/4/2026 17:32,15.31,1,0,0,0.26,10.11
7/4/2026 17:32,15.65,1,0,0,0.27,7.31
7/4/2026 17:32,15.89,1,0,0,0.28,8.5
7/4/2026 17:32,16.24,1,0,0,0.29,26.23
7/4/2026 17:32,16.63,1,0,0,0.3,37.64
7/4/2026 17:32,17,1,0,0,0.31,39.21
7/4/2026 17:32,17.33,1,0,0,0.32,7.13
7/4/2026 17:32,17.67,1,0,0,0.33,9.4
7/4/2026 17:33,0.08,0.03,0,0,0,9.24
7/4/2026 17:33,0.06,0.06,0,0,0,21.54
7/4/2026 17:33,0.04,0.09,0,0,0,6.88
7/4/2026 17:33,0.03,0.12,0,0,0,7.32
7/4/2026 17:33,0.02,0.15,0,0,0,13.5
7/4/2026 17:33,0.01,0.18,0,0,0,8.12
7/4/2026 17:33,0.01,0.21,0,0,0,54.73
7/4/2026 17:33,0,0.24,0,0,0,5.99
7/4/2026 17:33,0,0.27,0,0,0,8.64
7/4/2026 17:33,0,0.3,0,0,0,7.3
7/4/2026 17:33,0,0.33,0,0,0,13.4
7/4/2026 17:33,0,0.36,0,0,0,6.36
7/4/2026 17:33,0,0.39,0,0,0,12.98
7/4/2026 17:33,0,0.42,0,0,0,10.22
7/4/2026 17:33,0,0.45,0,0,0,25.19
7/4/2026 17:33,0,0.48,0,0,0,17.51
7/4/2026 17:33,0,0.51,0,0,0,22.42
7/4/2026 17:33,0,0.54,0,0,0,6.54
7/4/2026 17:33,0,0.57,0,0,0,9.03
7/4/2026 17:33,0,0.6,0,0,0,22.31
7/4/2026 17:33,0.25,0.63,0,0,0,7.73
7/4/2026 17:33,1.16,0.66,0,0,0,6.06
7/4/2026 17:33,1.85,0.69,0,0,0,7.48
7/4/2026 17:33,2.27,0.72,0,0,0,12.58
7/4/2026 17:33,3.07,0.55,0,0,0,6.45
7/4/2026 17:33,3.04,0.58,0,0,0,6.67
7/4/2026 17:33,3.06,0.61,0,0,0,7.59
7/4/2026 17:33,3.17,0.64,0,0,0,10.93
7/4/2026 17:33,3.35,0.67,0,0,0,7.57
7/4/2026 17:33,3.56,0.7,0,0,0,6.24
7/4/2026 17:33,3.76,0.73,0,0,0,6.6
7/4/2026 17:33,3.96,0.76,0,0,0,6.12
7/4/2026 17:33,4.21,0.79,0,0,0,8.45
7/4/2026 17:33,4.47,0.82,0,0,0,10.5
7/4/2026 17:33,4.69,0.85,0,0,0,14.15
7/4/2026 17:33,4.99,0.88,0,0,0,15.62
7/4/2026 17:33,5.27,0.91,0,0,0,7.49
7/4/2026 17:33,5.52,0.94,0,0,0,18.87
7/4/2026 17:33,5.89,0.97,0,0,0,7.23
7/4/2026 17:33,6.25,1,0,0,0,12.45
7/4/2026 17:33,6.64,1,0,0,0,13.08
7/4/2026 17:33,6.98,1,0,0,0,13.82
7/4/2026 17:33,7.3,1,0,0,0,16.87
7/4/2026 17:33,7.71,1,0,0,0,11.52
7/4/2026 17:33,8.07,1,0,0,0,6.59
7/4/2026 17:33,8.43,1,0,0,0,9.42
7/4/2026 17:33,8.82,1,0,0,0,7.89
7/4/2026 17:33,9.21,1,0,0,0,6.79
7/4/2026 17:33,9.54,1,0,0,0,11.41
7/4/2026 17:33,9.95,1,0,0,0,6.49
7/4/2026 17:33,10.35,1,0,0,0,9.93
7/4/2026 17:33,10.71,1,0,0,0,9.93
7/4/2026 17:33,11.02,1,0,0,0,44.05
7/4/2026 17:33,11.41,1,0,0,0,8.03
7/4/2026 17:33,11.73,1,0,0,0,8.96
7/4/2026 17:33,12.12,1,0,0,0,7.11
7/4/2026 17:33,12.54,1,0,0,0,6.21
7/4/2026 17:33,12.92,1,0,0,0,9.65
7/4/2026 17:33,13.28,1,0,0,0,7.42
7/4/2026 17:33,13.6,1,0,0,0,36.98
7/4/2026 17:33,13.98,1,0,0,0,17.19
7/4/2026 17:33,14.39,1,0,0,0,32.71
7/4/2026 17:33,14.73,1,0,0,0,38.65
7/4/2026 17:33,15.08,1,0,0,0,11.04
7/4/2026 17:33,15.45,1,0,0,0,6.7
7/4/2026 17:33,15.71,1,0,0,0,23.59
7/4/2026 17:33,16.13,1,0,0.02,0,13.45
7/4/2026 17:33,16.53,1,0,0.04,0,7.23
7/4/2026 17:33,16.85,1,0,0.06,0.01,21.3
7/4/2026 17:33,17.17,1,0,0.02,0.02,16.23
7/4/2026 17:33,17.56,1,0,0,0.05,8.73
7/4/2026 17:33,18.2,0,0,0.02,0.1,6.49
7/4/2026 17:33,18.42,0,0,0.04,0.14,6.25
7/4/2026 17:33,18.38,0,0,0.06,0.19,11.34
7/4/2026 17:33,18.18,0,0,0.08,0.2,14.05
7/4/2026 17:33,17.88,0,0,0.1,0.14,9.4
7/4/2026 17:33,17.62,0,0.06,0.12,0.05,11.22
7/4/2026 17:33,17.19,0,0.12,0.14,-0.21,11.34
7/4/2026 17:33,16.82,0,0.18,0.16,-0.42,6.86
7/4/2026 17:33,16.49,0,0,0.18,-0.61,10.28
7/4/2026 17:33,16.02,0,0,0.2,-0.93,7.7
7/4/2026 17:33,15.61,0,0,0.22,1.16,6.83
7/4/2026 17:33,15.25,0,0.06,0.24,1.36,14.47
7/4/2026 17:33,14.75,0,0.12,0.26,1.67,6.69
7/4/2026 17:33,14.27,0,0.18,0.28,1.99,8.51
7/4/2026 17:33,13.76,0,0.24,0.3,-2.27,9.9
7/4/2026 17:33,13.3,0.23,0,0.32,-1.95,6.91
7/4/2026 17:33,12.87,0.26,0,0.34,-1.65,7.41
7/4/2026 17:33,12.47,0.29,0,0.36,1.18,12.17
7/4/2026 17:33,12.08,0.32,0,0.38,0.39,6.43
7/4/2026 17:33,11.77,0.35,0,0.4,-0.29,8.91
7/4/2026 17:33,11.53,0.38,0,0.42,-0.63,8.08
7/4/2026 17:33,11.26,0.41,0,0.44,-0.44,10.32
7/4/2026 17:33,11.05,0.44,0,0.46,-0.28,7.13
7/4/2026 17:33,10.86,0.47,0,0.48,-0.19,12.17
7/4/2026 17:33,10.67,0.5,0,0.44,-0.06,6.01
7/4/2026 17:33,10.58,0.53,0,0.4,0.12,14.29
7/4/2026 17:33,10.54,0.56,0,0.36,0.07,36.56
7/4/2026 17:33,10.52,0.59,0,0.32,-0.04,36
7/4/2026 17:33,10.56,0.62,0,0.28,0.05,9.99
7/4/2026 17:33,10.63,0.65,0,0.24,0.05,6.99
7/4/2026 17:33,10.69,0.68,0,0.2,-0.01,8.22
7/4/2026 17:33,10.83,0.71,0,0.18,-0.13,10.03
7/4/2026 17:33,10.97,0.74,0,0.16,-0.27,6.4
7/4/2026 17:33,11.14,0.77,0,0.14,-0.44,10.33
7/4/2026 17:33,11.31,0.8,0,0.1,-0.63,8.64
7/4/2026 17:33,11.51,0.83,0,0.06,-0.83,6.85
7/4/2026 17:33,11.72,0.86,0,0.04,-1.05,17.22
7/4/2026 17:33,11.94,0.89,0,0.02,-1.27,12.24
7/4/2026 17:33,12.14,0.92,0,0,-1.46,12.24
7/4/2026 17:33,12.44,0,0,-0.02,-1.75,15.39
7/4/2026 17:33,12.7,0,0,-0.04,-1.48,8.74
7/4/2026 17:33,12.81,0,0,-0.06,-1.24,7.55
7/4/2026 17:33,12.77,0.8,0,-0.08,-1.02,8.25
7/4/2026 17:33,12.63,0.83,0,-0.04,-0.75,12.1
7/4/2026 17:33,12.54,0.86,0,0,-0.51,6.34
7/4/2026 17:33,12.55,0.89,0,0,-0.27,6.42
7/4/2026 17:33,12.66,0.92,0,0,-0.05,8.85
7/4/2026 17:33,12.82,0.95,0,0,0.16,6.9
7/4/2026 17:33,13.03,0.98,0,0,0.38,9.01
7/4/2026 17:33,13.29,1,0,0,0.62,13.29
7/4/2026 17:33,13.55,1,0,0.02,0.84,6.59
7/4/2026 17:33,13.88,1,0,0.04,1.1,9.01
7/4/2026 17:33,14.18,1,0,0.06,1.34,11.16
7/4/2026 17:33,14.57,1,0,0.08,1.65,8.39
7/4/2026 17:33,14.87,1,0,0.1,1.9,6.75
7/4/2026 17:33,15.23,1,0,0.12,2.23,12.3
7/4/2026 17:33,15.51,1,0,0.14,2.46,9.16
7/4/2026 17:33,15.87,1,0,0.16,2.68,14.07
7/4/2026 17:33,16.16,1,0,0.12,2.78,6.68
7/4/2026 17:33,16.48,1,0,0.08,2.8,9.98
7/4/2026 17:33,16.86,1,0,0.04,2.71,11.21
7/4/2026 17:33,17.18,1,0,0.06,2.54,10.88
7/4/2026 17:33,17.5,1,0,0.08,2.28,7.3
7/4/2026 17:33,17.85,1,0,0.1,1.9,8.72
7/4/2026 17:33,18.2,1,0,0.12,1.42,8.12
7/4/2026 17:33,18.52,1,0,0.14,0.9,7.6
7/4/2026 17:33,18.78,0,0,0.16,0.42,6.37
7/4/2026 17:33,19.07,0,0,0.18,0.07,7.03
7/4/2026 17:33,19.2,0,0,0.2,-0.85,4.99
7/4/2026 17:33,19.13,0,0,0.22,-1.39,4.29
7/4/2026 17:33,18.85,0,0,0.24,1.22,4.42
7/4/2026 17:33,18.49,0,0,0.26,0.53,2.99
7/4/2026 17:33,18.07,0,0,0.28,-0.07,2.52
7/4/2026 17:33,17.58,0,0,0.3,-0.64,3.07
7/4/2026 17:33,4.72,0,0,0.32,-1.13,2.15
7/4/2026 17:33,3.84,0.03,0,0.34,-0.9,1.73
7/4/2026 17:33,3.08,0.06,0,0.36,-0.77,1.64
7/4/2026 17:33,1.93,0.09,0,0.38,-0.65,1.67
7/4/2026 17:33,1.11,0.12,0,0.4,-0.58,1.6
7/4/2026 17:33,0.42,0.15,0,0.42,-0.55,1.5
7/4/2026 17:33,0.91,0.18,0,0.44,-0.52,1.51
7/4/2026 17:33,1,0.21,0,0.4,-0.5,1.66
7/4/2026 17:33,1.06,0.24,0,0.36,-0.48,1.72
7/4/2026 17:33,1.13,0.27,0,0.34,-0.44,1.55
7/4/2026 17:33,1.13,0.3,0,0.32,-0.42,1.87
7/4/2026 17:33,1.15,0.33,0,0.3,-0.39,1.9
7/4/2026 17:33,1.14,0.36,0,0.28,-0.35,1.42
7/4/2026 17:33,1.18,0.39,0,0.26,-0.32,2.03
7/4/2026 17:33,1.27,0.42,0,0.24,-0.28,2.05
7/4/2026 17:33,1.32,0.45,0,0.22,-0.24,1.79
7/4/2026 17:33,1.36,0.48,0,0.2,-0.19,1.88
7/4/2026 17:33,1.44,0.51,0,0.18,-0.14,1.76
7/4/2026 17:33,1.57,0.54,0,0.16,-0.09,1.65
7/4/2026 17:33,1.66,0.57,0,0.14,-0.03,2.09
7/4/2026 17:33,1.77,0.6,0,0.12,0.01,2.49
7/4/2026 17:33,1.96,0.63,0,0.1,0.1,2.65
7/4/2026 17:33,2.1,0.66,0,0.08,0.18,2.48
7/4/2026 17:34,2.27,0.69,0,0.06,0.27,2.58
7/4/2026 17:34,2.42,0.72,0,0.04,0.36,3.08
7/4/2026 17:34,2.58,0.75,0,0.02,0.45,2.39
7/4/2026 17:34,2.77,0.78,0,0,0.57,2.16
7/4/2026 17:34,2.92,0.81,0,-0.02,0.68,2.32
7/4/2026 17:34,3.11,0.84,0,-0.04,0.8,5.48
7/4/2026 17:34,3.32,0.87,0,-0.06,0.93,3.41
7/4/2026 17:34,3.54,0.9,0,-0.08,1.08,2.93
7/4/2026 17:34,3.72,0.93,0,-0.1,1.21,3.11
7/4/2026 17:34,4.02,0.96,0,-0.12,1.4,3.29
7/4/2026 17:34,4.26,0.99,0,-0.14,1.57,4.62
7/4/2026 17:34,4.49,1,0,-0.16,1.73,4.54
7/4/2026 17:34,4.76,1,0,-0.18,-1.59,3.97
7/4/2026 17:34,5.06,1,0,-0.2,-1.37,4.22
7/4/2026 17:34,5.28,1,0,-0.22,-1.21,4.49
7/4/2026 17:34,5.59,1,0,-0.24,-0.96,6.09
7/4/2026 17:34,5.91,1,0,-0.26,-0.7,10.56
7/4/2026 17:34,6.2,0,0,-0.28,-0.43,6.97
7/4/2026 17:34,6.42,0,0,-0.24,-0.23,8.22
7/4/2026 17:34,6.53,0,0,-0.2,-0.04,7.88
7/4/2026 17:34,6.32,0,0,-0.16,0.24,9.14
7/4/2026 17:34,6,0,0,-0.12,0.37,9.38
7/4/2026 17:34,5.66,0,0,-0.08,0.48,9.38
7/4/2026 17:34,5.21,0,0,-0.04,0.61,10.14
7/4/2026 17:34,3.91,0.03,0,0,0.79,7.63
7/4/2026 17:34,2.2,0.06,0,0,0.84,9.27
7/4/2026 17:34,1.22,0.09,0,0,0.85,15.29
7/4/2026 17:34,0.78,0.12,0,0,0.86,8.06
7/4/2026 17:34,0.53,0.15,0,0,0.86,12.27
7/4/2026 17:34,0.34,0.18,0,0,0.87,18.12
7/4/2026 17:34,0.3,0.21,0,0.02,0.87,8.32
7/4/2026 17:34,0.18,0.24,0,0.04,0.87,7.46
7/4/2026 17:34,0.11,0.27,0,0.06,0.87,11.99
7/4/2026 17:34,0.07,0.3,0,0.08,0.87,15.27
7/4/2026 17:34,0.03,0.33,0,0.1,0.87,8.82
7/4/2026 17:34,0.13,0.36,0,0.12,0.87,8.9
7/4/2026 17:34,0.23,0.39,0,0.14,0.87,8.41
7/4/2026 17:34,0.37,0.42,0,0.16,0.87,14.42
7/4/2026 17:34,0.52,0.45,0,0.18,0.87,6.66
7/4/2026 17:34,0.65,0.48,0,0.2,0.87,14.08
7/4/2026 17:34,0.8,0.51,0,0.22,0.86,12.53
7/4/2026 17:34,0.94,0.54,0,0.24,0.86,10.69
7/4/2026 17:34,1.08,0.57,0,0.26,0.86,8.9
7/4/2026 17:34,1.3,0.6,0,0.28,0.86,6.47
7/4/2026 17:34,1.55,0.63,0,0.3,0.86,11.59
7/4/2026 17:34,1.78,0.66,0,0.32,0.85,15.48
7/4/2026 17:34,2.02,0.69,0,0.34,0.85,17.75
7/4/2026 17:34,2.21,0.72,0,0.36,0.85,16.95
7/4/2026 17:34,2.48,0.75,0,0.38,0.86,7.3
7/4/2026 17:34,2.7,0.78,0,0.34,0.87,17.37
7/4/2026 17:34,2.92,0.81,0,0.3,0.87,8.02
7/4/2026 17:34,3.24,0.84,0,0.26,0.87,8.97
7/4/2026 17:34,3.5,0.87,0,0.22,0.87,11.4
7/4/2026 17:34,3.77,0.9,0,0.18,0.87,6.73
7/4/2026 17:34,4.12,0.93,0,0.14,0.86,9.81
7/4/2026 17:34,4.46,0.96,0,0.16,0.84,9.16
7/4/2026 17:34,4.77,0.99,0,0.18,0.82,5.94
7/4/2026 17:34,5.12,1,0,0.14,0.8,9.58
7/4/2026 17:34,5.47,1,0,0.1,0.76,6.56
7/4/2026 17:34,5.87,1,0,0.06,0.72,8.31
7/4/2026 17:34,6.19,1,0,0.02,0.67,7.79
7/4/2026 17:34,6.63,1,0,0,0.59,7.58
7/4/2026 17:34,6.95,1,0,0,0.53,11.49
7/4/2026 17:34,7.28,1,0,0,0.47,7.33
7/4/2026 17:34,7.72,1,0,0,0.38,9.12
7/4/2026 17:34,8.06,1,0,0,0.3,6.52
7/4/2026 17:34,8.39,1,0,0,0.23,14.96
7/4/2026 17:34,8.8,1,0,0,0.13,6.22
7/4/2026 17:34,9.19,1,0,0,0.03,12.15
7/4/2026 17:34,9.61,1,0,0.02,-0.08,6.5
7/4/2026 17:34,9.91,1,0,0.04,-0.16,8.99
7/4/2026 17:34,10.29,1,0,0,-0.26,6.9
7/4/2026 17:34,10.67,1,0,0,-0.37,10.44
7/4/2026 17:34,11,1,0,0,-0.46,19.48
7/4/2026 17:34,11.41,1,0,0,-0.58,19.32
7/4/2026 17:34,11.8,1,0,0.02,-0.7,8.26
7/4/2026 17:34,12.15,1,0,0.04,-0.81,9.32
7/4/2026 17:34,12.5,1,0,0.06,-0.92,12.83
7/4/2026 17:34,12.87,1,0,0.08,-1.04,16.78
7/4/2026 17:34,13.18,1,0,0.1,-1.13,47.39
7/4/2026 17:34,13.52,1,0,0.12,-1.22,10.61
7/4/2026 17:34,13.91,1,0,0.14,-1.31,8.92
7/4/2026 17:34,14.22,1,0,0.1,-1.37,6.07
7/4/2026 17:34,14.54,1,0,0.06,-1.41,21.21
7/4/2026 17:34,14.93,1,0,0.02,-1.44,10.49
7/4/2026 17:34,15.33,1,0,0,-1.46,51.12
7/4/2026 17:34,15.66,1,0,0,-1.47,17.64
7/4/2026 17:34,16.01,1,0,0,-1.47,15.41
7/4/2026 17:34,16.37,1,0,0,-1.46,14.44
7/4/2026 17:34,16.7,1,0,0,-1.45,13.54
7/4/2026 17:34,17.05,1,0,0,-1.43,7.45
7/4/2026 17:34,17.4,1,0,0,-1.41,6.25
7/4/2026 17:34,17.76,1,0,0,-1.38,5.91
7/4/2026 17:34,18.1,1,0,0,-1.36,7.29
7/4/2026 17:34,18.51,0,0,-0.02,-1.33,16.58
7/4/2026 17:34,18.81,0,0,-0.04,-1.3,49.67
7/4/2026 17:34,18.99,0,0,-0.06,-1.28,10.42
7/4/2026 17:34,19,0,0,-0.08,-1.27,6.09
7/4/2026 17:34,18.86,0,0,-0.1,-1.26,6.09
7/4/2026 17:34,18.64,0,0,-0.12,-1.27,7.77
7/4/2026 17:34,18.31,0,0,-0.14,-1.3,15.82
7/4/2026 17:34,17.97,0,0,-0.16,-1.35,6.52
7/4/2026 17:34,17.6,0,0,-0.18,-1.43,11.67
7/4/2026 17:34,17.17,0,0,-0.2,-1.54,25.74
7/4/2026 17:34,16.72,0,0,-0.22,-1.71,9.15
7/4/2026 17:34,16.28,0.48,0,-0.24,1.63,7.74
7/4/2026 17:34,15.82,0.51,0,-0.26,1.41,39.15
7/4/2026 17:34,15.45,0.54,0,-0.28,1.16,8.47
7/4/2026 17:34,15.17,0.57,0,-0.3,0.94,8.47
7/4/2026 17:34,14.88,0.6,0,-0.32,0.59,17.75
7/4/2026 17:34,14.66,0.63,0,-0.34,0.27,10.56
7/4/2026 17:34,14.49,0.66,0,-0.36,-0.13,20.52
7/4/2026 17:34,14.31,0.69,0,-0.32,-0.28,9.43
7/4/2026 17:34,14.2,0.72,0,-0.28,-0.63,6.27
7/4/2026 17:34,14.15,0.75,0,-0.24,-0.97,9.25
7/4/2026 17:34,14.16,0.78,0,-0.2,-1.35,9.64
7/4/2026 17:34,14.21,0.81,0,-0.16,-1.67,7.84
7/4/2026 17:34,14.31,0.84,0,-0.12,1.88,9.52
7/4/2026 17:34,14.48,0,0,-0.14,-1.23,7.01
7/4/2026 17:34,14.59,0,0,-0.16,-0.5,6.38
7/4/2026 17:34,14.61,0,0,-0.18,0.19,25.9
7/4/2026 17:34,14.46,0,0,-0.2,0.35,6.87
7/4/2026 17:34,14.18,0,0,-0.22,0.04,8.72
7/4/2026 17:34,13.85,0,0,-0.24,-0.19,13.94
7/4/2026 17:34,13.48,0.57,0,-0.2,-0.38,19.79
7/4/2026 17:34,13.2,0.6,0,-0.16,-0.5,9.33
7/4/2026 17:34,12.98,0.63,0,-0.12,-0.59,9.81
7/4/2026 17:34,12.85,0.66,0,-0.08,-0.65,5.76
7/4/2026 17:34,12.83,0.69,0,-0.04,-0.69,51.79
7/4/2026 17:34,12.86,0.72,0,-0.02,-0.7,10.1
7/4/2026 17:34,12.93,0.75,0,0,-0.71,13.01
7/4/2026 17:34,13.03,0.78,0,0.02,-0.7,8.1
7/4/2026 17:34,13.19,0.81,0,0.04,-0.69,8.21
7/4/2026 17:34,13.34,0.84,0,0.06,-0.68,6.7
7/4/2026 17:34,13.52,0.87,0,0.02,-0.67,6.31
7/4/2026 17:34,13.72,0.9,0,0,-0.67,8.32
7/4/2026 17:34,13.98,0.93,0,0,-0.67,8.15
7/4/2026 17:34,14.21,0.96,0,0,-0.66,11.86
7/4/2026 17:34,14.48,0.99,0,0,-0.66,15.45
7/4/2026 17:34,14.77,1,0,0,-0.66,12.36
7/4/2026 17:34,15.01,1,0,0,-0.66,6.33
7/4/2026 17:34,15.4,1,0,0,-0.66,17.8
7/4/2026 17:34,15.78,1,0,0,-0.67,10.09
7/4/2026 17:34,16.13,1,0,0,-0.67,7.33
7/4/2026 17:34,16.44,1,0,-0.02,-0.67,14.53
7/4/2026 17:34,16.76,1,0,-0.04,-0.67,6.58
7/4/2026 17:34,17.14,1,0,0,-0.67,11.33
7/4/2026 17:34,17.54,1,0,0,-0.66,7.71
7/4/2026 17:34,17.82,1,0,0,-0.65,7.49
7/4/2026 17:34,18.22,1,0,0,-0.64,6.35
7/4/2026 17:34,18.54,1,0,0,-0.63,8.15
7/4/2026 17:34,18.88,1,0,0,-0.62,8.24
7/4/2026 17:34,19.24,1,0,0,-0.6,6.75
7/4/2026 17:34,19.6,1,0,0,-0.58,11.78
7/4/2026 17:34,20,1,0,0,-0.57,15.32
7/4/2026 17:34,20.31,1,0,0,-0.55,6.67
7/4/2026 17:34,20.68,1,0,0,-0.54,10.64
7/4/2026 17:34,21,1,0,0,-0.52,14.9
7/4/2026 17:34,21.35,1,0,0,-0.51,49.09
7/4/2026 17:34,21.7,1,0,0,-0.51,8.1
7/4/2026 17:34,22.06,1,0,0,-0.5,39.67
7/4/2026 17:34,22.43,1,0,0,-0.48,13.82
7/4/2026 17:34,22.74,1,0,0,-0.46,8.1
7/4/2026 17:34,23.04,1,0,0,-0.44,6.71
7/4/2026 17:34,23.41,1,0,-0.02,-0.41,6.33
7/4/2026 17:34,23.74,1,0,-0.04,-0.42,18.61
7/4/2026 17:34,24.08,1,0,-0.06,-0.39,6.53
7/4/2026 17:34,24.43,1,0,-0.08,-0.46,7.03
7/4/2026 17:34,24.79,1,0,-0.04,-0.58,23.4
7/4/2026 17:34,25.08,1,0,0,-0.72,7.65
7/4/2026 17:34,25.4,1,0,0,-0.9,6.77
7/4/2026 17:34,25.72,1,0,-0.02,-1.11,11.12
7/4/2026 17:34,26.08,1,0,-0.04,-1.43,9.11
7/4/2026 17:34,26.35,1,0,-0.06,-1.72,7.94
7/4/2026 17:34,26.7,0,0,-0.08,1.37,45.25
7/4/2026 17:34,26.96,0,0,-0.1,1,10.2
7/4/2026 17:34,27.09,0,0,-0.12,0.6,12.3
7/4/2026 17:34,27.01,0,0,-0.14,0.08,17.17
7/4/2026 17:34,26.79,0,0,-0.16,-0.35,16.41
7/4/2026 17:34,26.47,0,0,-0.18,-0.78,6.73
7/4/2026 17:34,25.93,0,0,-0.2,-1.35,8.36
7/4/2026 17:34,25.47,0,0,-0.22,-1.75,8.36
7/4/2026 17:34,24.82,0,0,-0.24,-1.24,7.96
7/4/2026 17:34,24.09,0,0,-0.26,-0.75,17.62
7/4/2026 17:34,23.26,0,0,-0.28,-0.28,13.66
7/4/2026 17:34,22.58,0,0,-0.3,0.07,9.15
7/4/2026 17:34,21.89,0.43,0,-0.32,0.37,7.12
7/4/2026 17:34,21.01,0.46,0,-0.28,0.68,7.45
7/4/2026 17:34,20.14,0.49,0,-0.24,0.97,22.52
7/4/2026 17:34,19.46,0.52,0,-0.2,1.16,16.1
7/4/2026 17:34,18.92,0.55,0,-0.16,1.28,18.4
7/4/2026 17:34,18.29,0.58,0,-0.12,1.38,11
7/4/2026 17:34,17.88,0.61,0,-0.08,1.42,30.74
7/4/2026 17:34,17.58,0.64,0,-0.04,1.41,10.17
7/4/2026 17:34,17.28,0.67,0,-0.02,1.35,7.6
7/4/2026 17:34,17.06,0.7,0,0,1.25,10.45
7/4/2026 17:34,16.91,0.73,0,0.02,1.1,10.88
7/4/2026 17:34,16.85,0.76,0,0.04,0.91,71.98
7/4/2026 17:34,16.87,0.79,0,0.06,0.66,13.95
7/4/2026 17:34,16.96,0.82,0,0.02,0.43,7.82
7/4/2026 17:34,17.07,0.85,0,0,0.18,39.48
7/4/2026 17:34,17.25,0.88,0,0,-0.14,14.12
7/4/2026 17:34,17.46,0.91,0,0,-0.41,15.09
7/4/2026 17:34,17.71,0.94,0,-0.02,-0.7,15.27
7/4/2026 17:34,17.93,0.97,0,-0.04,-0.92,16.09
7/4/2026 17:34,18.2,1,0,-0.06,-1.16,9.35
7/4/2026 17:34,18.45,1,0,-0.02,-1.36,20.43
7/4/2026 17:34,18.74,1,0,0,-1.55,8.03
7/4/2026 17:34,19.06,1,0,0,-1.74,8.31
7/4/2026 17:34,19.36,1,0,0,-1.61,10.51
7/4/2026 17:34,19.69,1,0,0,-1.47,9.37
7/4/2026 17:34,20.03,1,0,0,-1.34,34.2
7/4/2026 17:34,20.39,1,0,0,-1.25,78.19
7/4/2026 17:34,20.77,1,0,0,-1.18,17.56
7/4/2026 17:34,21.03,1,0,0,-1.16,8.43
7/4/2026 17:34,21.39,1,0,0,-1.17,41.72
7/4/2026 17:34,21.74,1,0,0,-1.21,12.68
7/4/2026 17:34,22.06,1,0,0,-1.28,47.71
7/4/2026 17:34,22.42,1,0,0,-1.37,16.62
7/4/2026 17:34,22.73,1,0,0,-1.45,99.88
7/4/2026 17:34,23.03,1,0,0,-1.52,6.55
7/4/2026 17:34,23.39,1,0,0,-1.61,11.49
7/4/2026 17:34,23.78,1,0,0,-1.71,7.17
7/4/2026 17:34,24.08,1,0,0,-1.71,7.5
7/4/2026 17:34,24.39,1,0,0,-1.63,11.89
7/4/2026 17:34,24.75,1,0,0,-1.53,8.99
7/4/2026 17:34,25.12,1,0,-0.02,-1.43,11.77
7/4/2026 17:34,25.43,1,0,-0.04,-1.34,11.62
7/4/2026 17:34,25.77,1,0,0,-1.26,21.32
7/4/2026 17:34,26.09,1,0,0,-1.17,6.13
7/4/2026 17:34,26.36,1,0,0,-1.11,7.54
7/4/2026 17:34,26.73,1,0,0,-1.02,9.74
7/4/2026 17:34,27.09,1,0,0,-0.93,8.67
7/4/2026 17:34,27.45,1,0,0,-0.85,14.54
7/4/2026 17:34,27.83,1,0,0,-0.76,21.1
7/4/2026 17:34,28.09,1,0,0,-0.71,17.98
7/4/2026 17:34,28.48,1,0,0,-0.63,8.75
7/4/2026 17:34,28.81,1,0,0,-0.55,7.45
7/4/2026 17:34,29.13,1,0,0,-0.49,7.64
7/4/2026 17:34,29.44,1,0,-0.02,-0.42,16.17
7/4/2026 17:34,29.76,1,0,-0.04,-0.36,8.92
7/4/2026 17:34,30.1,1,0,-0.06,-0.3,7.4
7/4/2026 17:34,30.41,1,0,-0.08,-0.25,27.42
7/4/2026 17:34,30.72,1,0,-0.04,-0.21,7.85
7/4/2026 17:34,30.99,1,0,0,-0.19,15.03
7/4/2026 17:34,31.26,1,0,0,-0.19,33.28
7/4/2026 17:34,31.61,1,0,0,-0.2,7.15
7/4/2026 17:34,31.88,1,0,0,-0.22,6.36
7/4/2026 17:34,32.17,1,0,0,-0.26,9.78
7/4/2026 17:34,32.5,1,0,0,-0.33,15.35
7/4/2026 17:34,32.79,1,0,0,-0.4,22.57
7/4/2026 17:34,33.09,1,0,0,-0.49,13.58
7/4/2026 17:34,33.4,1,0,0,-0.6,18.41
7/4/2026 17:34,33.69,1,0,0,-0.71,14.32
7/4/2026 17:34,33.98,1,0,0,-0.82,21.12
7/4/2026 17:34,34.32,1,0,0,-0.99,8.11
7/4/2026 17:34,34.63,1,0,0,-1.17,9.57
7/4/2026 17:34,34.92,1,0,0,-1.35,11.87
7/4/2026 17:34,35.23,1,0,0,-1.55,18.81
7/4/2026 17:34,35.84,0.03,0,0,-1.16,8.27
7/4/2026 17:34,34.17,0.06,0,0,-0.94,16.75
7/4/2026 17:34,32.54,0.09,0,0,-0.74,6.79
7/4/2026 17:34,30.9,0.12,0.06,-0.02,-0.56,6.07
7/4/2026 17:34,29.48,0.15,0.12,-0.04,-0.4,17.76
7/4/2026 17:34,27.7,0.18,0.18,-0.06,-0.22,6.64
7/4/2026 17:34,26.36,0.21,0,-0.08,-0.08,11.21
7/4/2026 17:34,24.85,0.24,0,-0.1,0.07,9.22
7/4/2026 17:34,23.62,0.27,0,-0.12,0.22,6.98
7/4/2026 17:34,22.55,0.3,0,-0.14,0.36,7.18
7/4/2026 17:34,21.52,0.33,0,-0.16,0.5,17.86
7/4/2026 17:34,20.12,0.36,0,-0.18,0.69,8.83
7/4/2026 17:34,18.88,0.39,0,-0.2,0.86,10.53
7/4/2026 17:34,17.66,0.42,0,-0.22,1.03,26.92
7/4/2026 17:34,16.46,0.45,0,-0.24,1.15,7.77
7/4/2026 17:34,14.92,0.48,0,-0.26,1.24,7.22
7/4/2026 17:34,13.96,0.51,0,-0.28,1.27,9.42
7/4/2026 17:34,12.16,0.54,0,-0.3,1.28,12.52
7/4/2026 17:34,10.55,0.57,0,-0.32,1.26,7.42
7/4/2026 17:34,8.93,0.6,0,-0.34,-1.18,6.63
7/4/2026 17:34,7.23,0.63,0,-0.36,-0.96,7.67
7/4/2026 17:34,5.75,0.66,0,-0.38,-0.78,6.11
7/4/2026 17:34,4.31,0.69,0,-0.4,-0.62,5.26
7/4/2026 17:34,3.25,0.72,0,-0.42,-0.49,5.15
7/4/2026 17:34,2.32,0.75,0,-0.44,-0.37,4.53
7/4/2026 17:34,1.48,0.78,0,-0.46,-0.28,4.95
7/4/2026 17:34,0.65,0.81,0,-0.48,-0.23,10.11
7/4/2026 17:34,0.4,0.84,0,-0.5,-0.22,10.11
7/4/2026 17:34,1.5,0.87,0,-0.52,-0.28,9.57
7/4/2026 17:34,2.08,0.9,0,-0.54,-0.38,5.02
7/4/2026 17:34,2.44,0.93,0,-0.55,-0.49,4.84
7/4/2026 17:34,2.68,0.96,0,-0.55,-0.59,5.15
7/4/2026 17:34,3.01,0.99,0,-0.55,0.67,4.54
7/4/2026 17:34,3.32,1,0,-0.55,0.48,5.54
7/4/2026 17:34,3.6,1,0,-0.55,0.3,5.75
7/4/2026 17:34,3.86,1,0,-0.55,0.14,15.06
7/4/2026 17:34,4.18,1,0,-0.55,-0.14,6.12
7/4/2026 17:34,4.46,1,0,-0.51,-0.34,12.38
7/4/2026 17:34,4.72,1,0,-0.47,-0.55,9.36
7/4/2026 17:34,5.04,1,0,-0.43,-0.81,7.58
7/4/2026 17:34,5.32,1,0,-0.39,1.01,9.58
7/4/2026 17:34,5.57,1,0,-0.35,0.75,6.1
7/4/2026 17:34,5.9,1,0,-0.31,0.39,7.31
7/4/2026 17:34,6.16,1,0,-0.27,0.09,10.91
7/4/2026 17:34,6.45,1,0,-0.23,-0.25,12.55
7/4/2026 17:34,6.78,1,0,-0.19,-0.67,8.67
7/4/2026 17:34,7.08,1,0,-0.15,-1.07,6.73
7/4/2026 17:34,7.4,1,0,-0.11,-1.5,9.97
7/4/2026 17:34,7.63,1,0,-0.07,-1.58,7.07
7/4/2026 17:34,7.94,1,0,-0.03,-1.16,6.96
7/4/2026 17:34,8.25,1,0,0,-0.71,6.45
7/4/2026 17:34,8.57,1,0,0,-0.26,6.23
7/4/2026 17:34,8.82,1,0,0,0.14,22.85
7/4/2026 17:34,9.21,0.03,0,0,-1.61,7.06
7/4/2026 17:34,7.73,0.06,0,0,-1.15,12.29
7/4/2026 17:34,6.3,0.09,0,0,-0.83,8.22
7/4/2026 17:34,4.61,0.12,0,0,-0.54,11.98
7/4/2026 17:34,3.26,0.15,0,0,-0.37,7.67
7/4/2026 17:34,2.33,0.18,0,0,-0.26,13.48
7/4/2026 17:34,1.52,0.21,0,0,-0.15,28.02
7/4/2026 17:34,1.21,0.24,0,0,-0.09,22.52
7/4/2026 17:34,0.99,0.27,0,0,-0.04,7.4
7/4/2026 17:34,0.81,0.3,0,0,0.01,27.78
7/4/2026 17:34,0.61,0.33,0,0,0.05,9.61
7/4/2026 17:34,0.5,0.36,0,0,0.07,20.97
7/4/2026 17:34,0.41,0.39,0,0,0.09,9.77
7/4/2026 17:34,0.24,0.42,0,0,0.11,27.17
7/4/2026 17:34,0.12,0.45,0,0,0.12,9.33
7/4/2026 17:34,0.02,0.48,0,0,0.12,7.29
7/4/2026 17:34,0.11,0.51,0,0,0.12,6.81
7/4/2026 17:34,0.3,0.54,0,0,0.11,9.84
7/4/2026 17:34,0.47,0.57,0,0,0.09,7.53
7/4/2026 17:34,0.66,0.6,0,0,0.06,13.95
7/4/2026 17:34,0.83,0.63,0,0,0.03,11.58
7/4/2026 17:34,1.07,0.66,0,0,-0.02,6.16
7/4/2026 17:34,1.33,0.69,0,0,-0.08,6.48
7/4/2026 17:34,1.55,0.72,0,0,-0.15,8.89
7/4/2026 17:34,1.77,0.75,0,0,-0.23,12.67
7/4/2026 17:34,2.08,0.78,0,0,-0.33,8.41
7/4/2026 17:34,2.27,0.81,0,0,-0.41,8.4
7/4/2026 17:34,2.59,0.84,0,0,-0.55,8.49
7/4/2026 17:34,2.89,0.87,0,0,-0.69,12.48
7/4/2026 17:34,3.13,0.9,0,0,-0.81,8.59
7/4/2026 17:34,3.47,0.93,0,0,-0.99,11.63
7/4/2026 17:34,3.82,0.96,0,0,-1.19,48.61
7/4/2026 17:34,4.19,0.99,0,0,-1.41,8.03
7/4/2026 17:34,4.47,1,0,0,-1.59,7.8
7/4/2026 17:34,4.9,1,0,0,1.64,6.14
7/4/2026 17:34,5.24,1,0,-0.02,1.41,10.47
7/4/2026 17:34,5.56,1,0,-0.04,1.17,9.4
7/4/2026 17:34,5.97,1,0,0,0.85,24.95
7/4/2026 17:34,6.32,1,0,0,0.56,6.4
7/4/2026 17:34,6.66,1,0,0,0.27,8.94
7/4/2026 17:34,7.07,1,0,0,-0.13,12.99
7/4/2026 17:34,7.46,1,0,0,-0.47,7.82
7/4/2026 17:34,7.82,1,0,0,-0.81,10.91
7/4/2026 17:34,8.2,1,0,0.02,-1.21,9.3
7/4/2026 17:34,8.56,1,0,0.04,-1.58,6.66
7/4/2026 17:34,8.92,1,0,0.06,-1.4,31.68
7/4/2026 17:34,9.28,1,0,0.02,-0.96,6.35
7/4/2026 17:34,9.65,1,0,0,-0.49,14.84
7/4/2026 17:34,9.95,1,0,0,-0.1,7.85
7/4/2026 17:34,10.37,1,0,0,0.48,41.99
7/4/2026 17:34,10.7,1,0,0,0.95,9.27
7/4/2026 17:34,11.03,1,0,0,1.44,6.94
7/4/2026 17:34,11.45,1,0,0,-1.2,39.82
7/4/2026 17:34,11.85,1,0,-0.02,-0.79,6.55
7/4/2026 17:34,12.18,1,0,-0.04,-0.25,16.89
7/4/2026 17:34,12.55,1,0,-0.06,0.37,6.91
7/4/2026 17:34,12.96,1,0,-0.08,-0.41,13.55
7/4/2026 17:34,13.32,1,0,-0.1,-0.28,13.86
7/4/2026 17:34,13.7,1,0,-0.06,-0.15,7.23
7/4/2026 17:34,14.07,1,0,-0.02,-0.08,6.59
7/4/2026 17:34,14.41,1,0,0,-0.07,11.12
7/4/2026 17:34,14.81,1,0,0,-0.06,7.07
7/4/2026 17:34,15.22,1,0,0,-0.07,9.68
7/4/2026 17:34,15.61,1,0,-0.02,-0.15,7.51
7/4/2026 17:34,15.89,1,0,-0.04,-0.26,8.08
7/4/2026 17:34,16.31,1,0,-0.06,-0.48,8.31
7/4/2026 17:34,16.68,1,0,-0.02,-0.74,7.47
7/4/2026 17:34,16.98,1,0,0,-0.98,13.91
7/4/2026 17:34,17.35,1,0,0,-1.33,7.87
7/4/2026 17:34,17.75,1,0,0,-1.72,38.84
7/4/2026 17:34,18.06,1,0,0,1.48,6.47
7/4/2026 17:34,18.35,1,0,0,1.19,23.22
7/4/2026 17:34,18.77,1,0,0,0.76,39.1
7/4/2026 17:34,19.08,1,0,0,0.44,21.92
7/4/2026 17:34,19.38,1,0,0,0.12,8.29
7/4/2026 17:34,19.79,1,0,0,-0.3,7.15
7/4/2026 17:34,20.17,1,0,-0.02,-0.72,6.21
7/4/2026 17:34,20.42,1,0,-0.04,-1,9.44
7/4/2026 17:34,20.81,1,0,0,-1.43,27.69
7/4/2026 17:34,21.22,0.03,0,0,0.21,10.99
7/4/2026 17:34,19.97,0.06,0,0,0.61,6.83
7/4/2026 17:34,18.7,0.09,0,0,0.98,7.77
7/4/2026 17:34,17.47,0.12,0,0,1.33,7.77
7/4/2026 17:34,16.35,0.15,0,0,1.62,8.28
7/4/2026 17:34,15.23,0.18,0,0,-1.6,5.75
7/4/2026 17:34,13.95,0.21,0,0,-1.31,7.98
7/4/2026 17:34,12.73,0.24,0,0,-1.07,14
7/4/2026 17:34,11.47,0.27,0,0,-0.83,5.59
7/4/2026 17:34,10.56,0.3,0,0,-0.68,11.95
7/4/2026 17:34,9.23,0.33,0,0,-0.48,10.65
7/4/2026 17:34,8.08,0.36,0,0,-0.33,7.12
7/4/2026 17:34,5.96,0,0,-0.02,-0.1,6.36
7/4/2026 17:34,4.89,0,0,-0.04,-0.02,6.7
7/4/2026 17:34,3.81,0,0,-0.06,0.05,11.77
7/4/2026 17:34,2.5,0,0,-0.08,0.1,7.79
7/4/2026 17:34,1.51,0.03,0,-0.1,0.13,5.93
7/4/2026 17:34,1.24,0.06,0,-0.12,0.15,56.1
7/4/2026 17:34,1.15,0.09,0,-0.14,0.16,5.93
7/4/2026 17:34,1.11,0.12,0,-0.16,0.17,11.68
7/4/2026 17:34,1.08,0.15,0,-0.18,0.19,9.06
7/4/2026 17:34,1.07,0.18,0,-0.2,0.2,8.04
7/4/2026 17:34,1.12,0.21,0,-0.22,0.21,5.83
7/4/2026 17:34,1.13,0.24,0,-0.24,0.21,19.76
7/4/2026 17:34,1.16,0.27,0,-0.26,0.22,6.35
7/4/2026 17:34,1.23,0.3,0,-0.28,0.23,8.02
7/4/2026 17:34,1.32,0.33,0,-0.3,0.23,7.61
7/4/2026 17:34,1.39,0.36,0,-0.32,0.24,10.28
7/4/2026 17:34,1.47,0.39,0,-0.34,0.24,55.1
7/4/2026 17:34,1.55,0.42,0,-0.36,0.25,55.1
7/4/2026 17:34,1.69,0.45,0,-0.38,0.25,38.12
7/4/2026 17:34,1.82,0.48,0,-0.4,0.25,8.26
7/4/2026 17:34,1.97,0.51,0,-0.42,0.24,13.03
7/4/2026 17:34,2.12,0.54,0,-0.44,0.24,8.65
7/4/2026 17:34,2.28,0,0,-0.4,0.23,7.77
7/4/2026 17:34,2.42,0,0,-0.36,0.21,6.79
7/4/2026 17:34,2.47,0,0,-0.32,0.2,7.69
7/4/2026 17:34,2.48,0,0,-0.28,0.19,20.11
7/4/2026 17:34,2.45,0.37,0,-0.24,0.17,9.06
7/4/2026 17:34,2.43,0.4,0,-0.2,0.16,7.06
7/4/2026 17:34,2.46,0.43,0,-0.16,0.15,26.15
7/4/2026 17:34,2.53,0.46,0,-0.12,0.14,6.78
7/4/2026 17:34,2.64,0.49,0,-0.08,0.13,12.68
7/4/2026 17:34,2.76,0.52,0,-0.04,0.13,12.58
7/4/2026 17:34,2.9,0.55,0,0,0.12,8.45
7/4/2026 17:34,3.05,0.58,0,0,0.12,11.02
7/4/2026 17:34,3.2,0.61,0,0,0.12,9.41
7/4/2026 17:34,3.35,0.64,0,0,0.12,32.04
7/4/2026 17:34,3.56,0.67,0,0,0.12,8.99
7/4/2026 17:34,2.61,0.03,0,0,0.14,8.22
7/4/2026 17:34,2.54,0.06,0,0,0.15,8.64
7/4/2026 17:34,2.5,0.09,0,0,0.15,11.43
7/4/2026 17:34,2.46,0.12,0,0,0.15,12.74
7/4/2026 17:34,2.43,0.15,0,0,0.15,7.32
7/4/2026 17:34,2.42,0.18,0,0,0.15,8.4
7/4/2026 17:34,2.42,0.21,0,0,0.15,9.12
7/4/2026 17:34,2.43,0.24,0,0,0.16,6.7
7/4/2026 17:34,2.45,0.27,0,0,0.16,14.14
7/4/2026 17:34,2.49,0.3,0,0,0.16,8.72
7/4/2026 17:34,2.54,0.33,0,0,0.16,6.7
7/4/2026 17:34,2.59,0.36,0,0,0.16,9.24
7/4/2026 17:34,2.67,0.39,0,0,0.16,7.37
7/4/2026 17:34,2.75,0.42,0,0,0.16,11.05
7/4/2026 17:34,2.82,0.45,0,0,0.16,11.01
7/4/2026 17:34,2.95,0.48,0,0,0.17,10
7/4/2026 17:34,3.06,0.51,0,0,0.17,8.34
7/4/2026 17:34,3.17,0.54,0,0,0.17,8.34
7/4/2026 17:34,3.33,0.57,0,0,0.17,7.01
7/4/2026 17:34,3.47,0.6,0,0,0.17,8.53
7/4/2026 17:34,3.61,0.63,0,0,0.17,16.44
7/4/2026 17:34,3.82,0.66,0,0,0.18,6.82
7/4/2026 17:34,4.02,0.69,0,0,0.18,17.76
7/4/2026 17:34,4.17,0.72,0,0,0.18,9.17
7/4/2026 17:34,4.43,0.75,0,0,0.18,14.59
7/4/2026 17:34,4.64,0.78,0,0,0.18,11.15
7/4/2026 17:34,4.88,0.81,0,0,0.18,9.09
7/4/2026 17:34,5.14,0.84,0,0,0.18,7.98
7/4/2026 17:34,5.44,0.87,0,0.02,0.19,8.19
7/4/2026 17:34,5.73,0.9,0,0.04,0.19,7.42
7/4/2026 17:34,6.04,0.93,0,0.06,0.2,10.89
7/4/2026 17:34,6.3,0.96,0,0.08,0.21,7.32
7/4/2026 17:34,6.67,0.99,0,0.1,0.22,11.16
7/4/2026 17:34,7,1,0,0.12,0.25,11.81
7/4/2026 17:34,7.29,1,0,0.14,0.27,19.44
7/4/2026 17:34,7.7,1,0,0.16,0.32,9.42
7/4/2026 17:34,8.09,1,0,0.18,0.38,9.08
7/4/2026 17:34,8.45,1,0,0.2,0.46,8.35
7/4/2026 17:34,8.72,1,0,0.22,0.53,39.94
7/4/2026 17:34,9.11,1,0,0.24,0.65,17.48
7/4/2026 17:34,9.45,1,0,0.26,0.78,13.53
7/4/2026 17:34,9.74,1,0,0.28,0.92,6.13
7/4/2026 17:34,10.11,1,0,0.3,1.13,21.04
7/4/2026 17:34,10.42,1,0,0.32,1.35,6.45
7/4/2026 17:34,10.67,1,0,0.34,1.56,9.23
7/4/2026 17:34,11,1,0,0.36,1.88,6.07
7/4/2026 17:34,11.26,1,0,0.38,2.18,6.58
7/4/2026 17:34,11.5,1,0,0.4,2.5,7.4
7/4/2026 17:34,11.79,1,0,0.36,2.91,8.68
7/4/2026 17:34,12.08,1,0,0.32,3.32,9.14
7/4/2026 17:34,12.22,1,0,0.28,3.7,10.26
7/4/2026 17:34,12.54,1,0,0.24,4.09,42.97
7/4/2026 17:34,12.87,1,0,0.2,4.5,5.78
7/4/2026 17:34,13.17,1,0,0.18,4.87,13.41
7/4/2026 17:34,13.49,1,0,0.16,5.25,4.25
7/4/2026 17:34,13.58,1,0,0.14,5.61,3.69
7/4/2026 17:34,13.92,1,0,0.12,5.97,2.93
7/4/2026 17:34,14.2,1,0,0.1,6.21,32.21
7/4/2026 17:34,14.58,1,0,0.08,6.44,1.12
7/4/2026 17:34,3.4,1,0,0.06,6.46,59.15
7/4/2026 17:34,1.69,1,0,0.04,6.44,1.07
7/4/2026 17:34,0.42,1,0,0.02,6.44,13.7
7/4/2026 17:34,1.12,1,0,0,6.44,1.08
7/4/2026 17:34,2.2,1,0,-0.02,6.47,6.45
7/4/2026 17:34,2.81,1,0,-0.04,6.5,18.71
7/4/2026 17:34,0.01,0.03,0,0,6.52,0.76
7/4/2026 17:34,0.12,0.06,0,0,6.52,0.78
7/4/2026 17:34,0.16,0.09,0,0,6.52,6.39
7/4/2026 17:34,0.13,0.12,0,0,6.52,15.02
7/4/2026 17:34,0.16,0.15,0,0,6.52,6.31
7/4/2026 17:34,0.15,0.18,0,0,6.51,0.79
7/4/2026 17:34,0.17,0.21,0,0,6.51,0.75
7/4/2026 17:34,0.16,0.24,0,-0.02,6.51,0.81
7/4/2026 17:34,0.22,0.27,0,-0.04,6.51,0.79
7/4/2026 17:34,0.29,0.3,0,-0.06,6.5,0.79
7/4/2026 17:34,0.32,0.33,0,-0.08,6.5,0.8
7/4/2026 17:34,0.37,0.36,0,-0.1,6.5,34.34
7/4/2026 17:34,0.44,0.39,0,-0.12,6.49,23.83
7/4/2026 17:34,0.53,0.42,0,-0.14,6.49,72.21
7/4/2026 17:34,0.67,0.45,0,-0.16,6.48,0.96
7/4/2026 17:34,0.72,0.48,0,-0.18,6.48,25.49
7/4/2026 17:34,0.85,0.51,0,-0.2,6.47,6.6
7/4/2026 17:34,1.02,0.54,0,-0.22,6.46,1.05
7/4/2026 17:34,1.13,0.57,0,-0.24,6.45,6.78
7/4/2026 17:34,1.3,0.6,0,-0.26,6.44,6.84
7/4/2026 17:34,1.46,0.63,0,-0.28,6.42,6.73
7/4/2026 17:34,1.65,0.66,0,-0.3,6.41,6.88
7/4/2026 17:34,1.81,0.69,0,-0.32,6.39,6.97
7/4/2026 17:34,1.97,0.72,0,-0.34,6.36,7.05
7/4/2026 17:34,2.15,0.75,0,-0.36,6.33,7.32
7/4/2026 17:34,2.36,0.78,0,-0.38,6.29,46.06
7/4/2026 17:34,2.53,0.81,0,-0.4,6.24,35.29
7/4/2026 17:34,2.69,0.84,0,-0.42,6.2,7.61
7/4/2026 17:34,2.91,0.87,0,-0.44,6.13,12.97
7/4/2026 17:34,3.15,0.9,0,-0.46,6.05,13.1
7/4/2026 17:34,3.36,0.93,0,-0.48,5.97,8.07
7/4/2026 17:34,3.6,0.96,0,-0.5,5.87,11.45
7/4/2026 17:34,3.6,0.99,0,-0.52,5.76,73.66
7/4/2026 17:34,3.94,1,0,-0.54,5.65,14.05
7/4/2026 17:34,4.29,1,0,-0.55,5.51,20.5
7/4/2026 17:34,4.59,1,0,-0.55,5.35,8.99
7/4/2026 17:34,4.87,1,0,-0.55,5.18,7.48
7/4/2026 17:34,5.16,1,0,-0.55,4.98,7.52
7/4/2026 17:34,5.45,1,0,-0.55,4.73,3.84
7/4/2026 17:34,5.68,1,0,-0.55,4.51,4.16
7/4/2026 17:34,6,1,0,-0.55,4.2,4.27
7/4/2026 17:34,6.25,1,0,-0.55,3.91,4.33
7/4/2026 17:34,6.38,1,0,-0.55,3.57,4.45
7/4/2026 17:34,6.3,1,0,-0.55,3.25,4.98
7/4/2026 17:34,6.44,1,0,-0.55,2.92,5.22
7/4/2026 17:34,6.79,1,0,-0.55,2.61,5.64
7/4/2026 17:34,7.19,1,0,-0.55,2.21,6.3
7/4/2026 17:34,7.52,1,0,-0.55,1.83,7.72
7/4/2026 17:34,7.84,1,0,-0.55,1.41,9.58
7/4/2026 17:34,8.16,1,0,-0.55,0.94,13.92
7/4/2026 17:34,8.4,0,0,-0.51,0.56,5.43
7/4/2026 17:34,8.62,0,0,-0.47,0.17,5.54
7/4/2026 17:34,8.7,0.03,0,-0.43,-0.34,6.42
7/4/2026 17:34,7.49,0.06,0,-0.39,-0.7,6.96
7/4/2026 17:34,5.93,0.09,0,-0.35,0.92,25.73
7/4/2026 17:34,4.17,0.12,0,-0.31,0.73,12.55
7/4/2026 17:34,2.47,0.15,0,-0.27,0.6,6.99
7/4/2026 17:34,1.13,0.18,0,-0.23,0.54,11.57
7/4/2026 17:34,0.52,0.21,0,-0.19,0.52,7.71
7/4/2026 17:34,0.23,0.24,0,-0.15,0.52,12.11
7/4/2026 17:34,0.09,0.27,0,-0.11,0.52,7.86
7/4/2026 17:34,0.03,0.3,0,-0.07,0.52,10.68
7/4/2026 17:34,0.16,0.33,0,-0.03,0.52,12.98
7/4/2026 17:34,0.26,0.36,0,0,0.52,13.76
7/4/2026 17:34,0.36,0.39,0,0,0.52,11.8
7/4/2026 17:34,0.52,0.42,0,0,0.52,80.38
7/4/2026 17:34,0.62,0.45,0,0,0.52,6.65
7/4/2026 17:34,0.8,0.48,0,0,0.52,12.84
7/4/2026 17:34,0.94,0.51,0,0,0.52,6.48
7/4/2026 17:34,1.1,0.54,0,0,0.53,11.45
7/4/2026 17:34,1.26,0.57,0,0,0.53,8.98
7/4/2026 17:34,1.45,0.6,0,0,0.53,33.27
7/4/2026 17:34,1.64,0.63,0,0,0.53,6.97
7/4/2026 17:34,1.84,0.66,0,0,0.54,11.26
7/4/2026 17:34,2.06,0.69,0,0,0.54,96.21
7/4/2026 17:34,2.27,0.72,0,0,0.55,6.71
7/4/2026 17:34,2.47,0.75,0,0,0.55,8.26
7/4/2026 17:34,2.76,0.78,0,0,0.56,10.82
7/4/2026 17:34,3.02,0.81,0,0,0.56,6.75
7/4/2026 17:34,3.24,0.84,0,0.02,0.57,27.22
7/4/2026 17:34,3.57,0.87,0,0.04,0.57,8.97
7/4/2026 17:34,3.91,0.9,0,0.06,0.58,14.64
7/4/2026 17:34,4.25,0.93,0,0.08,0.58,79.44
7/4/2026 17:34,4.58,0.96,0,0.04,-0.51,26.08
7/4/2026 17:34,4.93,0.99,0,0,-0.4,6.81
7/4/2026 17:34,5.26,1,0,0,-0.31,41.19
7/4/2026 17:34,5.62,1,0,0,-0.19,16.57
7/4/2026 17:34,5.99,1,0,0,-0.07,15.51
7/4/2026 17:34,6.36,1,0,0,0.1,6.72
7/4/2026 17:34,6.73,1,0,0,0.15,6.66
7/4/2026 17:34,7.1,1,0,0,0.28,9.23
7/4/2026 17:34,7.45,1,0,0,0.34,10.32
7/4/2026 17:34,7.83,1,0,0,0.43,9.45
7/4/2026 17:34,8.23,1,0,0,0.51,11
7/4/2026 17:34,8.61,1,0,0,0.6,9.9
7/4/2026 17:34,8.97,1,0,0.02,0.62,7.28
7/4/2026 17:34,9.39,1,0,0.04,0.63,6.63
7/4/2026 17:34,9.72,1,0,0,0.63,6.81
7/4/2026 17:34,10.06,1,0,0,0.63,16.39
7/4/2026 17:34,10.43,1,0,0,0.63,10.54
7/4/2026 17:34,10.86,1,0,0,0.64,6.34
7/4/2026 17:34,11.17,1,0,0,0.64,7.47
7/4/2026 17:34,11.57,1,0,0,0.64,10.43
7/4/2026 17:34,11.94,1,0,0,0.64,11.62
7/4/2026 17:34,12.24,1,0,0.02,0.64,7.18
7/4/2026 17:34,12.66,1,0,0.04,0.64,24.36
7/4/2026 17:34,13.03,1,0,0.06,0.63,6.87
7/4/2026 17:34,13.38,1,0,0.02,0.62,33.87
7/4/2026 17:34,13.71,1,0,0,0.6,6
7/4/2026 17:34,14.08,1,0,0,0.58,7.38
7/4/2026 17:34,14.42,1,0,0,0.56,10.58
7/4/2026 17:34,14.75,1,0,0,0.54,8.78
7/4/2026 17:34,15.15,1,0,0,0.5,8.6
7/4/2026 17:34,15.47,1,0,0,0.48,7.52
7/4/2026 17:34,15.83,1,0,0,0.44,58.83
7/4/2026 17:34,16.18,1,0,0,0.41,9.42
7/4/2026 17:34,16.58,1,0,0,0.37,7.1
7/4/2026 17:34,16.87,1,0,0,0.35,7.37
7/4/2026 17:34,17.28,1,0,0,0.31,6.73
7/4/2026 17:34,17.67,1,0,0,0.28,24.09
7/4/2026 17:34,18.05,1,0,0,0.25,6.79
7/4/2026 17:34,18.38,1,0,0.02,0.23,6.3
7/4/2026 17:34,18.72,1,0,0.04,0.2,10.71
7/4/2026 17:34,19.1,1,0,0.06,0.16,56.29
7/4/2026 17:34,19.49,1,0,0.08,0.11,7.99
7/4/2026 17:34,19.78,1,0,0.1,0.06,10.18
7/4/2026 17:34,20.13,1,0,0.12,-0.02,7.38
7/4/2026 17:34,20.41,1,0,0.14,-0.11,42.57
7/4/2026 17:34,20.67,1,0,0.1,-0.23,26.63
7/4/2026 17:34,20.97,1,0,0.06,-0.38,16.89
7/4/2026 17:34,21.31,1,0,0.02,-0.57,6.27
7/4/2026 17:34,21.57,1,0,0,-0.74,15.67
7/4/2026 17:34,21.94,1,0,0,-1.01,7.9
7/4/2026 17:34,22.32,1,0,0,-1.32,8.12
7/4/2026 17:34,22.66,1,0,0,-1.62,8.11
7/4/2026 17:34,22.93,1,0,0.02,1.63,15.72
7/4/2026 17:34,23.31,1,0,0.04,1.24,21.45
7/4/2026 17:34,23.66,1,0,0.06,0.86,17.98
7/4/2026 17:34,23.94,1,0,0.08,0.52,7.23
7/4/2026 17:34,24.28,1,0,0.1,0.09,34.14
7/4/2026 17:34,24.55,1,0,0.12,-0.31,39.44
7/4/2026 17:34,24.83,1,0,0.14,-0.76,8.74
7/4/2026 17:34,25.1,1,0,0.16,-1.29,32.84
7/4/2026 17:34,25.35,1,0,0.18,-1.61,22.13
7/4/2026 17:34,25.54,1,0.06,0.2,-1.03,38.92
7/4/2026 17:34,25.67,1,0.12,0.16,-0.51,11.35
7/4/2026 17:34,25.84,1,0,0.12,0.25,25.1
7/4/2026 17:34,26.02,1,0,0.08,1.05,7.06
7/4/2026 17:34,26.2,1,0,0.04,1.93,11.78
7/4/2026 17:34,26.39,1,0,0,-1.49,10.45
7/4/2026 17:34,26.63,1,0,0,-0.97,23.81
7/4/2026 17:34,26.81,1,0,0,-0.62,12.61
7/4/2026 17:34,27.01,1,0,0,-0.33,6.93
7/4/2026 17:34,27.26,1,0,0,-0.11,25.18
7/4/2026 17:34,27.53,1,0,0.02,0.06,6.5
7/4/2026 17:34,27.8,1,0.06,0.04,-0.05,8.48
7/4/2026 17:34,28.02,1,0.12,0.06,-0.22,6.25
7/4/2026 17:34,28.32,1,0.18,0.08,0.32,11.5
7/4/2026 17:34,28.55,1,0.24,0.1,-0.56,8.79
7/4/2026 17:34,28.77,1,0.3,0.12,-1.44,7.54
7/4/2026 17:34,28.98,1,0,0.14,-1.13,8.96
7/4/2026 17:34,29.17,1,0,0.16,-0.31,7.03
7/4/2026 17:34,29.32,1,0,0.18,0.4,12.9
7/4/2026 17:34,29.46,1,0.06,0.2,1.13,5.97
7/4/2026 17:34,29.54,1,0.12,0.22,1.72,6.58
7/4/2026 17:34,29.6,1,0.18,0.24,-1.03,8.27
7/4/2026 17:34,29.6,1,0.24,0.26,-0.37,7.39
7/4/2026 17:34,29.53,1,0,0.28,0.14,6.6
7/4/2026 17:34,29.42,1,0,0.24,0.55,5.66
7/4/2026 17:34,29.28,1,0,0.2,0.95,20.26
7/4/2026 17:34,29.15,1,0,0.18,1.21,16.02
7/4/2026 17:34,13.39,1,0,0.16,1.1,13.01
7/4/2026 17:34,14.24,1,0,0.14,0.75,9.34
7/4/2026 17:34,14.73,1,0,0.12,0.53,15.72
7/4/2026 17:34,15.15,1,0,0.1,0.36,10.43
7/4/2026 17:34,15.65,1,0,0.08,0.21,7.11
7/4/2026 17:34,16.09,1,0,0.06,0.15,16.02
7/4/2026 17:34,16.58,1,0,0.04,0.18,8.04
7/4/2026 17:34,16.96,1,0,0,0.26,9.52
7/4/2026 17:34,17.51,1,0,0,0.46,11.15
7/4/2026 17:34,18.04,1,0,0,0.72,7.83
7/4/2026 17:34,18.58,1,0,0,1.04,6.81
7/4/2026 17:34,19.03,0,0,0.02,1.36,4.86
7/4/2026 17:34,19.56,0,0,0.04,1.79,4.92
7/4/2026 17:34,19.94,0,0,0.06,2.28,5.47
7/4/2026 17:34,19.9,0.03,0,0.08,2.81,2.01
7/4/2026 17:34,19.04,0.06,0,0.04,3.2,2.56
7/4/2026 17:34,5.57,0.09,0,0,3,2.21
7/4/2026 17:34,4.52,0.12,0,0,2.72,2.54
7/4/2026 17:34,4.02,0.15,0,-0.02,2.56,2.52
7/4/2026 17:34,3.83,0.18,0,-0.04,2.36,2.84
7/4/2026 17:34,3.37,0.21,0,-0.06,2.22,3.15
7/4/2026 17:34,3.1,0.24,0,-0.08,2.12,3.31
7/4/2026 17:34,2.88,0.27,0,-0.1,2.01,3.52
7/4/2026 17:34,2.74,0.3,0,-0.12,1.91,2.19
7/4/2026 17:34,2.66,0.33,0,-0.14,1.83,2.34
7/4/2026 17:34,2.57,0.36,0,-0.16,1.72,2.39
7/4/2026 17:34,2.52,0.39,0,-0.18,1.63,2.62
7/4/2026 17:34,2.5,0.42,0,-0.2,1.55,4.25
7/4/2026 17:34,2.49,0.45,0,-0.22,1.45,4.23
7/4/2026 17:34,2.49,0.48,0,-0.24,1.35,4.5
7/4/2026 17:34,2.51,0.51,0,-0.26,1.27,5.12
7/4/2026 17:34,2.55,0.54,0,-0.28,1.18,4.88
7/4/2026 17:34,2.6,0.57,0,-0.3,1.09,5.15
7/4/2026 17:34,2.65,0.6,0,-0.32,1.01,5.22
7/4/2026 17:34,2.74,0.63,0,-0.34,0.9,5.26
7/4/2026 17:34,2.82,0.66,0,-0.36,0.81,4.85
7/4/2026 17:34,2.93,0.69,0,-0.38,0.7,6.47
7/4/2026 17:34,3.04,0.72,0,-0.4,0.6,5.7
7/4/2026 17:34,3.2,0.75,0,-0.42,0.47,16.62
7/4/2026 17:34,3.32,0.78,0,-0.44,0.38,8.33
7/4/2026 17:34,3.46,0,0,-0.4,0.29,6.84
7/4/2026 17:34,3.61,0,0,-0.36,0.17,7.59
7/4/2026 17:34,3.57,0,0,-0.32,0.09,9.43
7/4/2026 17:34,3.42,0.03,0,-0.28,-0.08,9.49
7/4/2026 17:34,2.14,0.06,0,-0.24,-0.13,9.65
7/4/2026 17:34,1.14,0.09,0,-0.2,-0.17,9.66
7/4/2026 17:34,0.59,0.12,0,-0.16,-0.19,7.32
7/4/2026 17:34,0.39,0.15,0,-0.14,-0.19,9.63
7/4/2026 17:34,0.22,0.18,0,-0.12,-0.2,9.24
7/4/2026 17:34,0.12,0.21,0,-0.1,-0.2,6.58
7/4/2026 17:34,0.1,0.24,0,-0.08,-0.2,9.82
7/4/2026 17:34,0.03,0.27,0,-0.06,-0.2,6.88
7/4/2026 17:34,0.13,0.3,0,-0.04,-0.2,9.81
7/4/2026 17:34,0.21,0.33,0,-0.02,-0.2,9.78
7/4/2026 17:34,0.23,0.36,0,0,-0.2,9.8
7/4/2026 17:34,0.36,0.39,0,0.02,-0.19,9.39
7/4/2026 17:34,0.51,0.42,0,0.04,-0.19,9.8
7/4/2026 17:34,0.65,0.45,0,0.06,-0.18,9.84
7/4/2026 17:34,0.8,0.48,0,0.08,-0.17,8.58
7/4/2026 17:34,0.93,0.51,0,0.1,-0.16,8.99
7/4/2026 17:34,1.08,0.54,0,0.12,-0.15,7.86
7/4/2026 17:34,1.27,0.57,0,0.14,-0.14,9.53
7/4/2026 17:34,1.47,0.6,0,0.16,-0.13,6.71
7/4/2026 17:34,1.66,0.63,0,0.18,-0.11,8.44
7/4/2026 17:34,1.87,0.66,0,0.2,-0.1,9.21
7/4/2026 17:34,2.09,0.69,0,0.22,-0.09,9.1
7/4/2026 17:34,2.31,0.72,0,0.24,-0.09,8.1
7/4/2026 17:34,2.54,0.75,0,0.26,-0.08,8.58
7/4/2026 17:34,2.79,0.78,0,0.28,-0.08,8.83
7/4/2026 17:34,3.03,0.81,0,0.3,0.09,7.11
7/4/2026 17:34,3.29,0.84,0,0.32,0.09,7
7/4/2026 17:34,3.59,0.87,0,0.34,0.09,8.59
7/4/2026 17:34,3.86,0.9,0,0.36,0.09,8.56
7/4/2026 17:34,4.11,0.93,0,0.32,0.09,8.02
7/4/2026 17:34,4.49,0.96,0,0.28,0.09,6.3
7/4/2026 17:34,4.87,0.99,0,0.24,-0.09,6.44
7/4/2026 17:34,5.24,1,0,0.2,-0.09,13.55
7/4/2026 17:34,5.56,1,0,0.16,-0.1,9.52
7/4/2026 17:34,5.97,1,0,0.12,-0.12,11.21
7/4/2026 17:34,6.32,1,0,0.08,-0.15,15.94
7/4/2026 17:34,6.67,1,0,0.04,-0.17,6.35
7/4/2026 17:34,7.09,1,0,0,-0.2,9.39
7/4/2026 17:34,7.47,1,0,0,-0.23,6.88
7/4/2026 17:34,7.88,1,0,0,-0.26,19.13
7/4/2026 17:34,8.18,1,0,0,-0.28,10.88
7/4/2026 17:34,8.66,1,0,0,-0.32,100
7/4/2026 17:34,8.98,1,0,0,-0.35,7.09
7/4/2026 17:34,9.34,1,0,0,-0.39,14.15
7/4/2026 17:34,9.73,1,0,0,-0.43,12.53
7/4/2026 17:34,10.07,1,0,0,-0.47,14.92
7/4/2026 17:34,10.39,1,0,0,-0.5,51.93
7/4/2026 17:34,10.79,1,0,0,-0.56,16.64
7/4/2026 17:34,11.21,1,0,0,-0.62,12.28
7/4/2026 17:34,11.61,1,0,0,-0.68,10.51
7/4/2026 17:34,11.95,1,0,0,-0.73,17.78
7/4/2026 17:34,12.32,1,0,0,-0.79,7.86
7/4/2026 17:34,12.67,1,0,0,-0.84,19.06
7/4/2026 17:34,13.02,1,0,0,-0.9,7.41
7/4/2026 17:34,13.37,1,0,0,-0.96,9.96
7/4/2026 17:34,13.74,1,0,0,-1.02,14.27
7/4/2026 17:34,14.06,1,0,0,-1.08,49.68
7/4/2026 17:34,14.43,1,0,0,-1.15,5.96
7/4/2026 17:34,14.77,1,0,0,-1.22,6.62
7/4/2026 17:34,15.08,1,0,0,-1.28,13.96
7/4/2026 17:34,15.49,1,0,0,-1.36,65.7
7/4/2026 17:34,15.83,1,0,0,-1.43,7.16
7/4/2026 17:34,16.11,1,0,0,-1.49,7.61
7/4/2026 17:34,16.53,1,0,0,-1.58,10
7/4/2026 17:34,16.83,1,0,0,-1.65,11.89
7/4/2026 17:34,17.17,1,0,0,-1.72,27.77
7/4/2026 17:34,17.55,1,0,0,1.69,10.03
7/4/2026 17:34,17.85,1,0,0,1.62,7.52
7/4/2026 17:34,18.21,1,0,0,1.53,16.77
7/4/2026 17:34,18.58,1,0,0,1.44,8.57
7/4/2026 17:34,18.92,1,0,0,1.36,7.19
7/4/2026 17:34,19.23,1,0,0,1.28,9.22
7/4/2026 17:34,19.59,1,0,0,1.18,7.45
7/4/2026 17:34,19.9,1,0,0,1.1,12.78
7/4/2026 17:34,20.26,1,0,0,1,13.41
7/4/2026 17:34,20.64,1,0,0,0.9,13.83
7/4/2026 17:34,21.01,1,0,0,0.79,6.94
7/4/2026 17:34,21.39,1,0,0,0.68,10.54
7/4/2026 17:34,21.72,1,0,0,0.58,22.11
7/4/2026 17:34,22.07,1,0,0,0.48,6.88
7/4/2026 17:34,22.47,1,0,0,0.36,34.35
7/4/2026 17:34,22.8,1,0,0,0.25,12.52
7/4/2026 17:34,23.16,1,0,0,0.14,6.75
7/4/2026 17:34,23.46,1,0,0,0.04,9.27
7/4/2026 17:34,23.81,1,0,0.02,-0.08,13.65
7/4/2026 17:34,24.07,1,0,0.04,-0.16,22.69
7/4/2026 17:34,24.43,1,0,0.06,-0.29,10.56
7/4/2026 17:34,24.73,1,0,0.02,-0.42,17.64
7/4/2026 17:34,25.03,1,0,0,-0.54,9.02
7/4/2026 17:34,25.39,1,0,0,-0.7,7.6
7/4/2026 17:34,25.76,1,0,0,-0.87,7.68
7/4/2026 17:34,26.07,1,0,0,-1.03,9.72
7/4/2026 17:34,26.41,1,0,0.02,-1.21,11.15
7/4/2026 17:34,26.77,1,0,0.04,-1.41,9.71
7/4/2026 17:34,27.1,1,0,0,-1.62,6.15
7/4/2026 17:34,27.43,1,0,0.02,-1.67,13.2
7/4/2026 17:34,27.73,1,0,0.04,-1.46,11.07
7/4/2026 17:34,28.12,1,0,0.06,-1.17,6.49
7/4/2026 17:34,28.43,1,0,0.08,-0.91,12.66
7/4/2026 17:34,28.76,1,0,0.04,-0.59,6.78
7/4/2026 17:34,29.09,1,0,0,-0.29,16.01
7/4/2026 17:34,29.38,1,0,0.02,-0.09,10.18
7/4/2026 17:34,29.67,1,0,0.04,0.11,19.55
7/4/2026 17:34,29.94,1,0,0.06,0.24,8.41
7/4/2026 17:34,30.21,1,0,0.08,0.33,9.3
7/4/2026 17:34,30.54,1,0,0.1,0.4,11
7/4/2026 17:34,30.68,1,0,0.12,0.41,8.64
7/4/2026 17:34,30.97,1,0,0.14,0.38,20.01
7/4/2026 17:34,31.18,1,0,0.16,0.31,29.9
7/4/2026 17:34,31.37,1,0,0.18,0.2,25.05
7/4/2026 17:34,31.5,1,0,0.2,0.08,7.65
7/4/2026 17:34,31.57,1,0,0.22,-0.1,6.56
7/4/2026 17:34,31.59,1,0,0.24,-0.29,8.44
7/4/2026 17:34,31.56,1,0,0.26,-0.44,26.28
7/4/2026 17:34,31.48,1,0,0.28,-0.59,13.91
7/4/2026 17:34,31.3,1,0,0.24,-0.81,9.39
7/4/2026 17:34,31.11,1,0,0.2,-1,13.09
7/4/2026 17:34,30.89,1,0,0.16,-1.19,6.92
7/4/2026 17:34,30.66,1,0,0.12,-1.35,19.94
7/4/2026 17:34,30.4,1,0,0.08,-1.51,8.68
7/4/2026 17:34,30.17,1,0,0.04,-1.64,7.87
7/4/2026 17:34,29.93,1,0,0,-1.75,6.19
7/4/2026 17:34,29.59,1,0,0,-1.61,6.76
7/4/2026 17:34,29.24,1,0,0,-1.51,31.37
7/4/2026 17:34,28.83,1,0,0,-1.42,7.78
7/4/2026 17:34,28.45,1,0,0,-1.37,7.97
7/4/2026 17:34,28.02,1,0,0,-1.33,6.91
7/4/2026 17:34,27.49,1,0,0,-1.32,9.51
7/4/2026 17:34,26.98,1,0,0,-1.33,6.88
7/4/2026 17:34,26.46,1,0,0,-1.37,8.04
7/4/2026 17:34,25.93,1,0,0,-1.43,12.99
7/4/2026 17:34,25.39,1,0,0,-1.52,7.4
7/4/2026 17:34,24.94,1,0,0,-1.6,25.93
7/4/2026 17:34,24.21,1,0,-0.02,-1.73,9.39
7/4/2026 17:34,23.43,1,0,-0.04,-1.52,8.64
7/4/2026 17:34,22.82,0,0,-0.06,-1.34,7.79
7/4/2026 17:34,22.24,0,0,-0.08,-1.14,7.28
7/4/2026 17:34,21.37,0,0,-0.1,-0.81,7.17
7/4/2026 17:34,20.49,0,0,-0.12,-0.44,6.6
7/4/2026 17:34,19.65,0,0,-0.14,-0.06,5.98
7/4/2026 17:34,18.82,0,0,-0.16,0.34,8.33
7/4/2026 17:34,17.77,0,0,-0.18,0.86,6.55
7/4/2026 17:34,16.8,0,0,-0.2,1.36,4.66
7/4/2026 17:34,15.82,0,0,-0.22,-1.64,7.35
7/4/2026 17:34,14.71,0,0,-0.24,-1.06,7.94
7/4/2026 17:34,13.75,0,0,-0.26,-0.56,4.3
7/4/2026 17:34,12.6,0,0,-0.28,0.1,3
7/4/2026 17:34,11.6,0,0,-0.3,0.57,2.13
7/4/2026 17:34,10.6,0,0,-0.32,1.09,1.7
7/4/2026 17:34,9.63,0,0,-0.34,1.61,1.51
7/4/2026 17:34,8.61,0,0,-0.36,2.19,1.09
7/4/2026 17:34,7.81,0,0,-0.38,2.69,14.17
7/4/2026 17:34,4.5,0,0,-0.4,3.02,13.9
7/4/2026 17:34,3.8,0,0,-0.42,3.21,13.79
7/4/2026 17:34,2.98,0,0,-0.44,3.37,8.08
7/4/2026 17:34,1.98,0,0,-0.46,3.52,8.87
7/4/2026 17:34,1.15,0,0,-0.48,3.61,13.92
7/4/2026 17:34,0.61,0,0,-0.5,3.65,6.94
7/4/2026 17:34,0.62,0,0,-0.52,3.68,7.85
7/4/2026 17:34,0.62,0,0,-0.54,3.71,12.07
7/4/2026 17:34,0.61,0,0,-0.55,3.73,13.66
7/4/2026 17:34,0.6,0,0,-0.51,3.76,7.64
7/4/2026 17:34,0.59,0.03,0,-0.47,3.78,13.6
7/4/2026 17:34,0.3,0.06,0,-0.43,3.8,13.56
7/4/2026 17:34,0.19,0.09,0,-0.39,3.81,7.65
7/4/2026 17:34,0.02,0.12,0,-0.41,3.82,13.57
7/4/2026 17:34,0.01,0.15,0,-0.43,3.82,8.98
7/4/2026 17:34,0.01,0.18,0,-0.45,3.82,8.58
7/4/2026 17:34,0.02,0.21,0,-0.47,3.82,8.58
7/4/2026 17:34,0.04,0.24,0,-0.49,3.82,11.78
7/4/2026 17:34,0.05,0.27,0,-0.51,3.81,11.98
7/4/2026 17:34,0.13,0.3,0,-0.53,3.81,13.6
7/4/2026 17:34,0.15,0.33,0,-0.55,3.8,13.61
7/4/2026 17:34,0.2,0.36,0,-0.55,3.8,13.84
7/4/2026 17:34,0.25,0.39,0,-0.55,3.79,14.05
7/4/2026 17:34,0.28,0.42,0,-0.55,3.78,14.05
7/4/2026 17:34,0.37,0.45,0,-0.55,3.76,14.27
7/4/2026 17:34,0.48,0.48,0,-0.55,3.74,11.54
7/4/2026 17:34,0.65,0.51,0,-0.55,3.72,13.95
7/4/2026 17:34,0.83,0.54,0,-0.55,3.69,13.72
7/4/2026 17:34,0.98,0.57,0,-0.55,3.65,13.9
7/4/2026 17:34,1.09,0.6,0,-0.55,3.61,13.97
7/4/2026 17:34,1.23,0.63,0,-0.55,3.56,13.99
7/4/2026 17:34,1.46,0.66,0,-0.53,3.5,14.26
7/4/2026 17:34,1.62,0.69,0,-0.51,3.44,0.98
7/4/2026 17:34,1.82,0.72,0,-0.49,3.39,0.97
7/4/2026 17:34,1.89,0.75,0,-0.47,3.31,1.05
7/4/2026 17:34,2.13,0.78,0,-0.45,3.23,1.14
7/4/2026 17:34,2.4,0.81,0,-0.43,3.14,1.22
7/4/2026 17:34,2.58,0.84,0,-0.41,3.07,1.35
7/4/2026 17:34,2.81,0.87,0,-0.39,2.97,11
7/4/2026 17:34,3.06,0.9,0,-0.37,2.88,1.83
7/4/2026 17:34,3.1,0.93,0,-0.35,2.81,2.06
7/4/2026 17:34,3.39,0.96,0,-0.33,2.71,10.63
7/4/2026 17:34,3.68,0.99,0,-0.31,2.62,9.12
7/4/2026 17:34,3.94,1,0,-0.29,2.54,9.18
7/4/2026 17:34,4.29,1,0,-0.27,2.43,4.96
7/4/2026 17:34,4.62,1,0,-0.25,2.33,12.13
7/4/2026 17:34,4.91,1,0,-0.23,2.24,6.08
7/4/2026 17:34,5.21,1,0,-0.21,2.14,7.75
7/4/2026 17:34,5.48,1,0,-0.19,2.06,7.9
7/4/2026 17:34,5.83,1,0,-0.17,1.97,7.25
7/4/2026 17:34,6.08,1,0,-0.15,1.9,15.55
7/4/2026 17:34,6.39,1,0,-0.13,1.83,5.95
7/4/2026 17:34,6.66,1,0,-0.11,1.77,6.69
7/4/2026 17:34,6.9,1,0,-0.09,1.72,8.6
7/4/2026 17:34,7.18,1,0,-0.07,1.67,45.71
7/4/2026 17:34,7.5,1,0,-0.05,1.63,8.35
7/4/2026 17:34,7.73,1,0,-0.03,1.6,16.49
7/4/2026 17:34,8.06,1,0,-0.01,1.57,8.23
7/4/2026 17:34,8.31,1,0,0.01,1.56,6.02
7/4/2026 17:34,8.56,1,0,0.03,1.54,7.69
7/4/2026 17:34,8.85,1,0,0.05,1.54,9.96
7/4/2026 17:34,9.13,1,0,0.07,1.53,5.97
7/4/2026 17:34,9.35,1,0,0.09,1.53,5.87
7/4/2026 17:34,9.62,1,0,0.11,1.54,28.54
7/4/2026 17:34,9.87,1,0,0.13,1.54,9.99
7/4/2026 17:34,10.09,1,0,0.15,1.54,7.4
7/4/2026 17:34,10.3,1,0,0.17,1.53,9.82
7/4/2026 17:34,10.53,1,0,0.19,1.51,6.63
7/4/2026 17:34,10.73,1,0,0.21,1.49,32.85
7/4/2026 17:34,10.94,1,0,0.23,1.45,13.11
7/4/2026 17:34,11.14,1,0,0.25,1.4,6.36
7/4/2026 17:34,11.3,1,0,0.27,1.33,6.49
7/4/2026 17:34,11.47,1,0,0.29,1.21,16
7/4/2026 17:34,11.64,1,0,0.31,1,5.63
7/4/2026 17:34,11.82,1,0,0.33,0.71,5.48
7/4/2026 17:34,11.94,1,0,0.35,0.46,10.53
7/4/2026 17:34,12.09,1,0,0.37,0.05,13.19
7/4/2026 17:34,12.22,1,0,0.39,0.32,4.33
7/4/2026 17:34,12.32,1,0,0.41,0.09,6.18
7/4/2026 17:34,12.44,1,0,0.43,-0.27,5.56
7/4/2026 17:34,12.53,0,0,0.45,-0.62,9.71
7/4/2026 17:34,12.59,0,0,0.41,-0.96,6.51
7/4/2026 17:34,12.5,0.03,0,0.37,-1.43,9.36
7/4/2026 17:34,11.21,0.06,0,0.33,1.63,5.97
7/4/2026 17:34,9.87,0.09,0,0.29,1.3,7.14
7/4/2026 17:34,8.1,0.12,0,0.25,0.92,9.67
7/4/2026 17:34,6.36,0.15,0,0.21,0.64,8.97
7/4/2026 17:34,4.75,0.18,0,0.17,0.45,7.72
7/4/2026 17:34,3.6,0.21,0,0.13,0.36,13.63
7/4/2026 17:34,1.95,0.24,0,0.09,0.3,27.09
7/4/2026 17:34,0.51,0.27,0,0.05,0.27,17.46
7/4/2026 17:34,0.06,0.3,0,0.01,0.27,6.88
7/4/2026 17:34,0.19,0.33,0,0,0.27,10.53
7/4/2026 17:34,0.31,0.36,0,0,0.29,7.33
7/4/2026 17:34,0.45,0.39,0,0,0.31,6.97
7/4/2026 17:34,0.55,0.42,0,0,0.34,7.4
7/4/2026 17:34,0.71,0.45,0,0,0.37,10.69
7/4/2026 17:34,0.85,0.48,0,0,0.42,7.59
7/4/2026 17:34,1.05,0.51,0,-0.02,0.48,10.66
7/4/2026 17:34,1.19,0.54,0,-0.04,0.54,57.39
7/4/2026 17:34,1.37,0.57,0,-0.06,0.61,7.08
7/4/2026 17:34,1.6,0.6,0,-0.08,0.7,15.92
7/4/2026 17:34,1.82,0.63,0,-0.1,0.81,9.41
7/4/2026 17:34,2.06,0.66,0,-0.12,0.94,8.27
7/4/2026 17:34,2.22,0.69,0,-0.14,1.03,8.6
7/4/2026 17:34,2.48,0.72,0,-0.16,1.18,8.4
7/4/2026 17:34,2.75,0.75,0,-0.18,1.34,7.15
7/4/2026 17:34,2.98,0.78,0,-0.2,1.5,9.76
7/4/2026 17:34,3.19,0.81,0,-0.22,1.64,6.09
7/4/2026 17:34,3.49,0.84,0,-0.24,-1.65,9.34
7/4/2026 17:34,3.79,0.87,0,-0.2,-1.42,18.56
7/4/2026 17:34,4.06,0.9,0,-0.16,-1.23,11.52
7/4/2026 17:34,4.35,0.93,0,-0.12,-1.01,10.11
7/4/2026 17:34,4.65,0.96,0,-0.08,-0.78,6.44
7/4/2026 17:34,4.96,0.99,0,-0.04,-0.54,7.02
7/4/2026 17:34,5.33,1,0,0,-0.23,7.71
7/4/2026 17:34,5.77,1,0,0,0.15,47.48
7/4/2026 17:34,6.13,1,0,0,0.48,7.5
7/4/2026 17:34,6.43,1,0,0,0.75,8.59
7/4/2026 17:34,6.86,1,0,0,1.18,7.93
7/4/2026 17:34,7.21,1,0,0,1.55,12.7
7/4/2026 17:34,7.51,1,0,0,1.88,24.11
7/4/2026 17:34,7.95,1,0,0,-1.83,11.35
7/4/2026 17:34,8.36,1,0,0,-1.55,8.21
7/4/2026 17:34,8.71,1,0,0,-1.3,8.73
7/4/2026 17:34,9.06,1,0,0,-1.06,8.47
7/4/2026 17:34,9.43,1,0,0,-0.79,7.48
7/4/2026 17:34,9.73,1,0,0,-0.59,9.15
7/4/2026 17:34,10.15,1,0,0.02,-0.31,12.44
7/4/2026 17:34,10.58,1,0,0.04,-0.05,11.41
7/4/2026 17:34,10.98,1,0,0.06,0.26,14.16
7/4/2026 17:34,11.21,1,0,0.08,0.42,7.52
7/4/2026 17:34,11.65,1,0,0.04,0.69,5.92
7/4/2026 17:34,12.04,1,0,0,0.93,6.25
7/4/2026 17:34,12.29,1,0,0,1.07,7.49
7/4/2026 17:34,12.71,1,0,0,1.28,7.49
7/4/2026 17:34,13.11,1,0,0,1.45,23.38
7/4/2026 17:34,13.36,1,0,0,1.54,23.38
7/4/2026 17:34,13.78,1,0,0,1.66,9.77
7/4/2026 17:34,14.16,1,0,0,1.72,9.42
7/4/2026 17:34,14.5,1,0,0,1.73,12.97
7/4/2026 17:34,14.84,1,0,0,1.71,8.27
7/4/2026 17:34,15.18,1,0,0,1.66,12.86
7/4/2026 17:34,15.48,1,0,0,1.6,7.24
7/4/2026 17:34,15.9,1,0,0,1.53,12.3
7/4/2026 17:34,16.23,1,0,0,1.47,8.42
7/4/2026 17:34,16.52,1,0,0,1.41,12.35
7/4/2026 17:34,16.92,1,0,0,1.34,13.51
7/4/2026 17:34,17.26,1,0,0,1.27,7.09
7/4/2026 17:34,17.63,1,0,0,1.2,7.13
7/4/2026 17:34,17.95,1,0,0,1.13,7.35
7/4/2026 17:34,18.29,1,0,0,1.06,9.06
7/4/2026 17:34,18.59,1,0,0,0.99,7.47
7/4/2026 17:34,18.96,1,0,0,0.91,8.1
7/4/2026 17:34,19.36,1,0,0,0.82,6.93
7/4/2026 17:34,19.73,1,0,0,0.74,6.1
7/4/2026 17:34,20.01,1,0,0,0.67,49.34
7/4/2026 17:35,20.42,1,0,0,0.58,12.43
7/4/2026 17:35,20.74,1,0,0,0.5,6.62
7/4/2026 17:35,21.02,1,0,0,0.43,21.96
7/4/2026 17:35,21.38,1,0,0,0.34,9.62
7/4/2026 17:35,21.7,1,0,0,0.26,17.46
7/4/2026 17:35,22.05,1,0,0,0.17,12.41
7/4/2026 17:35,22.41,1,0,0,0.07,15.84
7/4/2026 17:35,22.77,1,0,0,-0.03,8
7/4/2026 17:35,23.1,1,0,0,-0.11,6.5
7/4/2026 17:35,23.42,1,0,0.02,-0.21,38.21
7/4/2026 17:35,23.78,1,0,0.04,-0.31,7.26
7/4/2026 17:35,24.14,1,0,0.06,-0.41,7.13
7/4/2026 17:35,24.4,1,0,0.02,-0.47,19.42
7/4/2026 17:35,24.78,1,0,0,-0.56,16.7
7/4/2026 17:35,25.12,1,0,0,-0.63,7.17
7/4/2026 17:35,25.43,1,0,0,-0.69,8.26
7/4/2026 17:35,25.78,1,0,0,-0.75,9.77
7/4/2026 17:35,26.11,1,0,0,-0.8,7.38
7/4/2026 17:35,26.41,1,0,0,-0.84,14.23
7/4/2026 17:35,26.75,1,0,0,-0.89,6.88
7/4/2026 17:35,27.06,1,0,0,-0.92,6.15
7/4/2026 17:35,27.32,1,0,0,-0.95,10.4
7/4/2026 17:35,27.71,1,0,0,-0.98,6.77
7/4/2026 17:35,28,1,0,0,-1,6.22
7/4/2026 17:35,28.3,1,0,0,-1.03,11.54
7/4/2026 17:35,28.66,1,0,0,-1.05,9.48
7/4/2026 17:35,29.01,1,0,0,-1.08,7.58
7/4/2026 17:35,29.33,1,0,0,-1.1,14.91
7/4/2026 17:35,29.62,1,0,0,-1.12,7.91
7/4/2026 17:35,30.01,1,0,0,-1.14,9.22
7/4/2026 17:35,30.37,1,0,0,-1.17,6.75
7/4/2026 17:35,30.7,1,0,0,-1.19,7.14
7/4/2026 17:35,30.95,1,0,0,-1.2,10.75
7/4/2026 17:35,31.32,1,0,0,-1.22,7.9
7/4/2026 17:35,31.65,1,0,0,-1.24,16.37
7/4/2026 17:35,31.93,1,0,0.02,-1.26,7.48
7/4/2026 17:35,32.27,1,0,0.04,-1.28,8.93
7/4/2026 17:35,32.57,1,0,0,-1.29,12.93
7/4/2026 17:35,32.86,1,0,0,-1.3,9.61
7/4/2026 17:35,33.18,1,0,0,-1.31,10.02
7/4/2026 17:35,33.52,1,0,0,-1.31,7.61
7/4/2026 17:35,33.31,0.03,0,0,-1.2,11.11
7/4/2026 17:35,31.99,0.06,0,0,-1.18,7.92
7/4/2026 17:35,30.96,0.09,0,0,-1.15,7.37
7/4/2026 17:35,29.66,0.12,0,0,-1.13,18.4
7/4/2026 17:35,28.56,0.15,0,0,-1.1,7.53
7/4/2026 17:35,27.66,0.18,0,-0.02,-1.08,7.89
7/4/2026 17:35,26.31,0.21,0,-0.04,-1.05,10.05
7/4/2026 17:35,25.27,0.24,0,-0.06,-1.03,8.8
7/4/2026 17:35,24.25,0.27,0,-0.08,-1.02,6.04
7/4/2026 17:35,23.02,0.3,0,-0.1,-1,7.31
7/4/2026 17:35,21.74,0.33,0,-0.12,-1,20.53
7/4/2026 17:35,20.66,0.36,0,-0.14,-1,8.05
7/4/2026 17:35,19.48,0.39,0,-0.16,-1.02,7.01
7/4/2026 17:35,18.22,0.42,0,-0.18,-1.05,5.84
7/4/2026 17:35,16.99,0.45,0,-0.2,-1.09,8.6
7/4/2026 17:35,15.95,0.48,0,-0.16,-1.14,7.16
7/4/2026 17:35,14.53,0,0,-0.12,-1.22,13.96
7/4/2026 17:35,13.29,0,0,-0.08,-1.31,9.87
7/4/2026 17:35,12.11,0,0,-0.04,-1.41,13.86
7/4/2026 17:35,10.92,0.03,0,0,-1.52,8
7/4/2026 17:35,9.93,0.06,0,0,-1.66,9.34
7/4/2026 17:35,9.13,0.09,0,0,1.68,6.85
7/4/2026 17:35,8.56,0.12,0,0,1.53,6.11
7/4/2026 17:35,7.89,0.15,0,0,1.27,5.81
7/4/2026 17:35,7.49,0.18,0,0.02,1.04,7.79
7/4/2026 17:35,7.21,0.21,0,0.04,0.75,6.33
7/4/2026 17:35,7.06,0.24,0,0.06,0.5,7.39
7/4/2026 17:35,6.95,0.27,0,0.08,0.16,39.85
7/4/2026 17:35,6.88,0.3,0,0.1,-0.12,7.27
7/4/2026 17:35,6.83,0.33,0,0.12,-0.35,35.21
7/4/2026 17:35,6.66,0.36,0,0.14,-0.68,9.58
7/4/2026 17:35,6.61,0.39,0,0.1,-0.96,9.38
7/4/2026 17:35,6.63,0.42,0,0.06,-1.22,20.5
7/4/2026 17:35,6.66,0.45,0,0.04,-1.46,13.74
7/4/2026 17:35,6.65,0.48,0,0.02,-1.73,35.5
7/4/2026 17:35,6.72,0.51,0,0,-1.98,13.85
7/4/2026 17:35,6.79,0.54,0,-0.02,-2.24,31.12
7/4/2026 17:35,6.9,0.57,0,-0.04,-2.53,7.05
7/4/2026 17:35,7.01,0.6,0,-0.06,-2.81,8.52
7/4/2026 17:35,7.01,0.63,0,-0.08,-3.04,8.67
7/4/2026 17:35,7.15,0.66,0,-0.1,-3.3,7.53
7/4/2026 17:35,7.24,0.69,0,-0.12,-3.56,5.13
7/4/2026 17:35,7.34,0.72,0,-0.14,-3.56,5.55
7/4/2026 17:35,7.55,0.75,0,-0.16,-3.13,8.36
7/4/2026 17:35,7.75,0.78,0,-0.12,-2.7,7.28
7/4/2026 17:35,8,0.81,0,-0.08,-2.23,7.3
7/4/2026 17:35,8.19,0.84,0,-0.04,-1.88,29.22
7/4/2026 17:35,8.46,0.87,0,0,-1.37,7.37
7/4/2026 17:35,8.7,0.9,0,-0.02,-0.95,6.62
7/4/2026 17:35,8.93,0.93,0,-0.04,-0.55,9.29
7/4/2026 17:35,9.27,0.96,0,-0.06,0.1,6.05
7/4/2026 17:35,9.6,0.99,0,-0.08,-0.46,27.85
7/4/2026 17:35,9.88,1,0,-0.1,-0.06,6.58
7/4/2026 17:35,10.2,1,0,-0.06,0.4,10.99
7/4/2026 17:35,10.57,1,0,-0.02,0.93,6.7
7/4/2026 17:35,10.97,1,0,-0.04,-0.9,10.64
7/4/2026 17:35,11.26,1,0,-0.06,-0.39,7.34
7/4/2026 17:35,11.66,1,0,-0.08,0.34,11.33
7/4/2026 17:35,11.99,1,0,-0.1,-0.4,13.43
7/4/2026 17:35,12.27,1,0,-0.12,0.09,9.78
7/4/2026 17:35,12.69,1,0,-0.14,0.83,6.5
7/4/2026 17:35,12.98,1,0,-0.16,1.39,6.96
7/4/2026 17:35,13.28,1,0,-0.18,1.38,22.43
7/4/2026 17:35,13.62,1,0,-0.2,1.07,48.12
7/4/2026 17:35,13.92,1,0,-0.16,0.8,9.59
7/4/2026 17:35,14.22,1,0,-0.12,0.58,8.57
7/4/2026 17:35,14.61,1,0,-0.08,0.32,7.17
7/4/2026 17:35,14.95,1,0,-0.04,0.11,9.83
7/4/2026 17:35,15.27,1,0,0,-0.07,7.17
7/4/2026 17:35,15.65,1,0,0,-0.28,11.59
7/4/2026 17:35,16.04,1,0,0,-0.48,22.43
7/4/2026 17:35,16.43,1,0,0,-0.68,11.1
7/4/2026 17:35,16.76,1,0,0,-0.84,50.65
7/4/2026 17:35,16.22,0.58,0,0,1.06,6.43
7/4/2026 17:35,15.88,0.61,0,0,0.9,9.18
7/4/2026 17:35,15.65,0.64,0,0,0.76,10.04
7/4/2026 17:35,15.51,0.67,0,0,0.63,10.04
7/4/2026 17:35,15.44,0.7,0,0,0.49,7.82
7/4/2026 17:35,15.43,0.73,0,-0.02,0.35,26.94
7/4/2026 17:35,15.47,0.76,0,-0.04,0.2,6.61
7/4/2026 17:35,15.54,0.79,0,-0.06,0.07,5.95
7/4/2026 17:35,15.63,0.82,0,-0.08,-0.04,6.09
7/4/2026 17:35,15.78,0.85,0,-0.1,-0.19,6.1
7/4/2026 17:35,15.91,0.88,0,-0.12,-0.29,6.99
7/4/2026 17:35,16.05,0.91,0,-0.14,-0.37,5.96
7/4/2026 17:35,16.26,0.94,0,-0.1,-0.46,10.7
7/4/2026 17:35,16.48,0.97,0,-0.06,-0.51,19.98
7/4/2026 17:35,16.7,1,0,-0.02,-0.54,9.39
7/4/2026 17:35,16.99,1,0,0,-0.56,8.09
7/4/2026 17:35,17.3,1,0,0,-0.56,7.99
7/4/2026 17:35,17.57,1,0,0,-0.56,17.09
7/4/2026 17:35,17.93,1,0,0,-0.54,8.03
7/4/2026 17:35,18.22,1,0,-0.02,-0.52,11.04
7/4/2026 17:35,18.55,1,0,-0.04,-0.48,10.19
7/4/2026 17:35,18.91,1,0,-0.06,-0.44,9.81
7/4/2026 17:35,19.27,1,0,-0.02,-0.38,31.32
7/4/2026 17:35,19.6,1,0,0,-0.31,8.48
7/4/2026 17:35,19.97,1,0,0,-0.23,23.07
7/4/2026 17:35,20.34,1,0,0,-0.14,11.38
7/4/2026 17:35,20.71,1,0,0,-0.04,18.27
7/4/2026 17:35,21.04,1,0,0,0.05,13.52
7/4/2026 17:35,21.36,1,0,0,0.15,12.13
7/4/2026 17:35,21.69,1,0,0.02,0.26,7.09
7/4/2026 17:35,22.03,1,0,0.04,0.37,8.14
7/4/2026 17:35,22.34,1,0,0.06,0.47,8.6
7/4/2026 17:35,22.65,1,0,0.08,0.57,16.31
7/4/2026 17:35,22.93,1,0,0.04,0.65,27.09
7/4/2026 17:35,23.3,1,0,0,0.75,6.76
7/4/2026 17:35,23.6,1,0,0,0.81,8.13
7/4/2026 17:35,23.94,1,0,0,0.88,58.98
7/4/2026 17:35,24.27,1,0,0,0.94,6.95
7/4/2026 17:35,24.63,1,0,0,1,24.01
7/4/2026 17:35,24.91,1,0,0,1.03,6.95
7/4/2026 17:35,25.29,1,0,0,1.07,12.98
7/4/2026 17:35,25.62,1,0,0,1.1,7.31
7/4/2026 17:35,25.93,1,0,0,1.13,8.39
7/4/2026 17:35,26.27,1,0,0,1.15,11.97
7/4/2026 17:35,26.63,1,0,0,1.17,7.38
7/4/2026 17:35,26.92,1,0,0,1.18,11.87
7/4/2026 17:35,27.29,1,0,0,1.19,6.43
7/4/2026 17:35,27.58,1,0,0,1.2,17.2
7/4/2026 17:35,27.83,0,0.06,0,1.21,46.65
7/4/2026 17:35,28.2,0,0.12,0.02,1.22,6.61
7/4/2026 17:35,28.36,0,0.18,0.04,1.23,11.77
7/4/2026 17:35,28.28,0,0.24,0.06,1.23,6.87
7/4/2026 17:35,28.06,0,0.3,0.08,1.23,12.7
7/4/2026 17:35,27.65,0,0.36,0.1,1.2,24.68
7/4/2026 17:35,27.15,0,0.42,0.12,1.16,6.6
7/4/2026 17:35,26.58,0,0.48,0.14,1.09,6.16
7/4/2026 17:35,26.01,0,0.54,0.16,1,24.66
7/4/2026 17:35,25.37,0,0.6,0.18,0.87,9.28
7/4/2026 17:35,24.63,0,0.66,0.2,0.68,6.3
7/4/2026 17:35,23.85,0,0.72,0.22,0.44,29.24
7/4/2026 17:35,23.17,0,0.78,0.24,0.1,11.78
7/4/2026 17:35,22.36,0,0.84,0.26,-0.52,6.38
7/4/2026 17:35,21.55,0,0.9,0.28,-1.21,6.73
7/4/2026 17:35,20.68,0,0.96,0.3,-2,8.39
7/4/2026 17:35,19.87,0.23,1,0.32,-2.77,15.12
7/4/2026 17:35,18.84,0.26,1,0.34,-3.6,8.34
7/4/2026 17:35,17.99,0.29,1,0.36,-3.55,7.03
7/4/2026 17:35,17.17,0.32,1,0.38,3.19,8.12
7/4/2026 17:35,16.21,0.35,1,0.4,2.36,10.18
7/4/2026 17:35,15.39,0.38,1,0.36,1.71,7.64
7/4/2026 17:35,14.71,0.41,1,0.32,1.2,5.93
7/4/2026 17:35,13.94,0.44,0,0.28,0.65,9.19
7/4/2026 17:35,13.34,0.47,0,0.24,0.23,10.86
7/4/2026 17:35,12.94,0.5,0,0.2,-0.1,18.41
7/4/2026 17:35,12.6,0.53,0,0.16,-0.44,6.42
7/4/2026 17:35,12.47,0.56,0,0.12,-0.61,6.42
7/4/2026 17:35,12.36,0.59,0,0.1,-0.82,22.35
7/4/2026 17:35,12.33,0.62,0,0.08,-0.96,14.73
7/4/2026 17:35,12.35,0.65,0,0.06,-1.05,16.75
7/4/2026 17:35,12.41,0.68,0,0.04,-0.85,17.9
7/4/2026 17:35,12.5,0.71,0,0.02,-0.45,7.92
7/4/2026 17:35,12.59,0.74,0,0,-0.18,10.2
7/4/2026 17:35,12.75,0.77,0,0,0.24,10.75
7/4/2026 17:35,12.9,0.8,0,0,0.56,10.63
7/4/2026 17:35,13.06,0.83,0,0,0.87,10.07
7/4/2026 17:35,13.25,0.86,0,0.02,1.15,11.85
7/4/2026 17:35,13.49,0.89,0,0.04,-1.28,11.05
7/4/2026 17:35,13.73,0.92,0,0.06,-1.28,10.53
7/4/2026 17:35,14.01,0.95,0,0.08,-1.28,13.83
7/4/2026 17:35,14.25,0.98,0,0.1,-1.26,8.84
7/4/2026 17:35,14.55,1,0,0.12,-1.25,5.99
7/4/2026 17:35,14.79,1,0,0.08,-1.24,5.99
7/4/2026 17:35,15.14,1,0,0.04,-1.21,6.45
7/4/2026 17:35,15.45,1,0,0,-1.21,7.1
7/4/2026 17:35,15.8,1,0,0,-1.2,6.89
7/4/2026 17:35,16.2,1,0,0,-1.21,12.05
7/4/2026 17:35,16.51,1,0,0,-1.24,13.33
7/4/2026 17:35,16.86,1,0,0,-1.3,12.73
7/4/2026 17:35,17.27,1,0,0.02,-1.37,9.77
7/4/2026 17:35,17.65,1,0,0.04,-1.47,12.45
7/4/2026 17:35,17.97,1,0,0.06,-1.57,32.85
7/4/2026 17:35,18.29,1,0,0.08,-1.7,11.21
7/4/2026 17:35,18.65,1,0,0.1,1.65,32.89
7/4/2026 17:35,18.95,1,0,0.12,1.5,7.44
7/4/2026 17:35,19.26,1,0,0.14,1.33,12.81
7/4/2026 17:35,19.61,1,0,0.16,1.12,8.88
7/4/2026 17:35,19.86,1,0,0.18,0.95,10.85
7/4/2026 17:35,20.07,1,0,0.2,0.82,7.74
7/4/2026 17:35,20.34,1,0,0.22,0.62,6.22
7/4/2026 17:35,20.53,1,0,0.24,0.48,10.67
7/4/2026 17:35,20.68,1,0,0.26,0.37,10.36
7/4/2026 17:35,20.83,1,0,0.22,0.24,7.15
7/4/2026 17:35,20.96,1,0,0.18,0.19,10.22
7/4/2026 17:35,21.11,1,0,0.14,0.12,21.17
7/4/2026 17:35,21.29,1,0,0.1,0.09,23.09
7/4/2026 17:35,21.48,1,0,0.06,0.12,10.2
7/4/2026 17:35,21.67,1,0,0.02,0.13,13.61
7/4/2026 17:35,21.88,1,0,0,0.18,11.23
7/4/2026 17:35,22.18,1,0,0,0.29,7.99
7/4/2026 17:35,22.44,1,0,0,0.39,10.33
7/4/2026 17:35,22.74,1,0,0,0.52,9.47
7/4/2026 17:35,23.02,1,0,0,0.64,9.95
7/4/2026 17:35,23.34,1,0,0,0.77,9.73
7/4/2026 17:35,23.66,1,0,0,0.89,8.53
7/4/2026 17:35,23.94,1,0,0,0.99,9.37
7/4/2026 17:35,24.33,1,0,0,1.12,8.34
7/4/2026 17:35,24.68,1,0,0,1.23,12.8
7/4/2026 17:35,25.01,1,0,0,1.32,11.61
7/4/2026 17:35,25.36,1,0,0,1.41,9.54
7/4/2026 17:35,25.68,1,0,0,1.47,7.89
7/4/2026 17:35,25.99,1,0,0.02,1.52,6.49
7/4/2026 17:35,26.31,1,0,0.04,1.54,6.09
7/4/2026 17:35,26.57,1,0,0.06,1.55,11.54
7/4/2026 17:35,26.94,1,0,0.08,1.54,16.38
7/4/2026 17:35,27.22,1,0,0.1,1.51,11.77
7/4/2026 17:35,27.52,1,0,0.06,1.47,47.89
7/4/2026 17:35,27.83,1,0,0.02,1.42,12.61
7/4/2026 17:35,28.13,1,0,0,1.35,18
7/4/2026 17:35,28.4,1,0,0,1.29,32.57
7/4/2026 17:35,28.7,1,0,0.02,1.19,9.84
7/4/2026 17:35,28.98,1,0,0,1.1,18.35
7/4/2026 17:35,29.3,1,0,0,0.97,39.89
7/4/2026 17:35,29.67,1,0,0,0.79,7.2
7/4/2026 17:35,29.96,1,0,0,0.63,8.09
7/4/2026 17:35,30.24,1,0,0.02,0.46,7.11
7/4/2026 17:35,30.58,1,0,0.04,0.23,8.38
7/4/2026 17:35,30.91,1,0,0.06,-0.06,8.02
7/4/2026 17:35,31.2,1,0,0.08,-0.32,12.24
7/4/2026 17:35,31.48,1,0,0.1,-0.62,44.03
7/4/2026 17:35,31.79,1,0,0.12,-0.98,7.21
7/4/2026 17:35,32.06,1,0,0.08,-1.36,10.08
7/4/2026 17:35,32.34,1,0.06,0.04,-1.77,8.43
7/4/2026 17:35,32.58,1,0.12,0,-1.48,10.29
7/4/2026 17:35,32.81,1,0,0,-1.23,8.35
7/4/2026 17:35,32.99,1,0,0,-1.05,12.22
7/4/2026 17:35,33.29,1,0,0,-0.8,7.33
7/4/2026 17:35,33.6,1,0,0,-0.59,8.44
7/4/2026 17:35,33.89,1,0,0,-0.46,10.84
7/4/2026 17:35,34.13,1,0,0,-0.37,8.9
7/4/2026 17:35,34.38,1,0,0,-0.32,10.06
7/4/2026 17:35,34.68,1,0,0,-0.28,7.95
7/4/2026 17:35,35.13,0.03,0.06,0,-0.43,12.87
7/4/2026 17:35,33.92,0.06,0.12,0,-0.5,9.5
7/4/2026 17:35,32.57,0.09,0.18,0,-0.56,8.4
7/4/2026 17:35,31.12,0.12,0.24,0.02,-0.63,15.02
7/4/2026 17:35,29.89,0.15,0.3,0.04,-0.69,10.07
7/4/2026 17:35,28.07,0.18,0.36,0.06,-0.77,13.35
7/4/2026 17:35,26.68,0.21,0.42,0.08,-0.84,10.65
7/4/2026 17:35,25.43,0.24,0.48,0.1,-0.9,11.27
7/4/2026 17:35,23.7,0.27,0.54,0.12,-0.98,14.4
7/4/2026 17:35,22.3,0.3,0.6,0.14,-1.06,7.21
7/4/2026 17:35,20.91,0.33,0.66,0.16,-1.13,24.19
7/4/2026 17:35,19.12,0.36,0.72,0.18,-1.17,9.25
7/4/2026 17:35,17.65,0.39,0.78,0.2,-1.14,10.32
7/4/2026 17:35,16.22,0.42,0.84,0.22,-1.07,7.22
7/4/2026 17:35,14.7,0.45,0.9,0.24,-0.98,8.09
7/4/2026 17:35,13.23,0.48,0.96,0.26,-0.88,7.74
7/4/2026 17:35,11.94,0.51,1,0.28,-0.79,7.74
7/4/2026 17:35,10.26,0.54,1,0.3,-0.68,11.18
7/4/2026 17:35,8.77,0,1,0.32,-0.59,6.74
7/4/2026 17:35,7.3,0,0,0.34,-0.52,12.58
7/4/2026 17:35,5.64,0.03,0,0.36,-0.45,6.59
7/4/2026 17:35,4.38,0.06,0,0.32,-0.43,8.15
7/4/2026 17:35,3.85,0.09,0,0.28,-0.44,7.2
7/4/2026 17:35,3.64,0,0,0.26,-0.46,12.97
7/4/2026 17:35,3.5,0,0,0.24,-0.51,6.44
7/4/2026 17:35,3.41,0.03,0,0.22,-0.54,7.83
7/4/2026 17:35,3.31,0.06,0,0.2,-0.59,26.12
7/4/2026 17:35,3.24,0.09,0,0.18,-0.57,19.69
7/4/2026 17:35,3.19,0.12,0,0.16,-0.46,26.91
7/4/2026 17:35,3.15,0.15,0,0.14,-0.34,9.49
7/4/2026 17:35,3.12,0.18,0,0.12,-0.22,9.09
7/4/2026 17:35,3.11,0.21,0,0.1,-0.12,9.51
7/4/2026 17:35,3.1,0.24,0,0.08,0.01,13.69
7/4/2026 17:35,3.11,0.27,0,0.06,0.12,7.51
7/4/2026 17:35,3.13,0.3,0,0.02,0.22,12.44
7/4/2026 17:35,3.17,0.33,0,0,0.34,6.38
7/4/2026 17:35,3.21,0.36,0,0,0.45,11.45
7/4/2026 17:35,3.27,0.39,0,0,0.57,15.93
7/4/2026 17:35,3.34,0.42,0,0.02,0.39,23.9
7/4/2026 17:35,3.44,0.45,0,0.04,0.2,6.08
7/4/2026 17:35,3.53,0.48,0,0.06,-0.12,6.53
7/4/2026 17:35,3.64,0.51,0,0.08,-0.26,7.1
7/4/2026 17:35,3.76,0.54,0,0.1,-0.45,10.77
7/4/2026 17:35,3.86,0.57,0,0.12,-0.63,8.8
7/4/2026 17:35,4.03,0.6,0,0.14,-0.88,15.44
7/4/2026 17:35,4.18,0.63,0,0.16,-1.02,8.24
7/4/2026 17:35,4.31,0.66,0,0.18,-1.05,8.24
7/4/2026 17:35,4.52,0.69,0,0.2,-1.09,7.93
7/4/2026 17:35,4.74,0.72,0,0.16,-1.13,6.55
7/4/2026 17:35,4.93,0.75,0,0.12,1.14,26.26
7/4/2026 17:35,5.15,0.78,0,0.08,0.87,7.05
7/4/2026 17:35,5.39,0.81,0,0.04,0.58,10.97
7/4/2026 17:35,5.66,0.84,0,0,0.25,9.69
7/4/2026 17:35,5.87,0.87,0,0,-0.03,11.52
7/4/2026 17:35,6.19,0.9,0,0,-0.4,13.83
7/4/2026 17:35,6.47,0.93,0,0,-0.73,6.47
7/4/2026 17:35,6.73,0.96,0,0,-1.03,25.32
7/4/2026 17:35,7.09,0.99,0,0.02,-1.2,8.77
7/4/2026 17:35,7.46,1,0,0.04,-1.16,6.65
7/4/2026 17:35,7.78,1,0,0.06,-1.11,14.73
7/4/2026 17:35,8.11,1,0,0.08,-1.05,9.05
7/4/2026 17:35,8.5,1,0,0.1,-0.97,7.83
7/4/2026 17:35,8.82,1,0,0.12,-0.9,11.29
7/4/2026 17:35,9.16,1,0,0.08,-0.81,15.04
7/4/2026 17:35,9.59,1,0,0.04,-0.68,14.52
7/4/2026 17:35,10,1,0,0,-0.55,9.19
7/4/2026 17:35,10.4,1,0,0.02,-0.37,7.91
7/4/2026 17:35,10.82,1,0,0.04,-0.18,7.05
7/4/2026 17:35,11.11,1,0,0.06,0.01,7.05
7/4/2026 17:35,11.53,1,0,0.08,-0.15,7.53
7/4/2026 17:35,11.87,1,0,0.04,0.26,9.95
7/4/2026 17:35,12.18,1,0,0,0.55,11.32
7/4/2026 17:35,12.57,1,0,0,0.96,6.79
7/4/2026 17:35,12.92,1,0,0.02,1.34,8.98
7/4/2026 17:35,13.25,1,0,0.04,1.72,9.87
7/4/2026 17:35,13.64,1,0,0,-1.37,20.1
7/4/2026 17:35,13.96,1,0,0,-0.98,9.1
7/4/2026 17:35,14.31,1,0,0.02,-0.57,6.59
7/4/2026 17:35,14.69,1,0,0.04,-0.1,8.48
7/4/2026 17:35,15,1,0,0.06,0.24,8.49
7/4/2026 17:35,15.37,1,0,0.08,0.74,13.32
7/4/2026 17:35,15.76,1,0,0.1,1.26,6.18
7/4/2026 17:35,16.08,1,0,0.12,1.67,15.76
7/4/2026 17:35,16.36,1,0,0.14,2.05,5.83
7/4/2026 17:35,16.71,1,0,0.16,2.51,7.09
7/4/2026 17:35,16.99,1,0,0.18,2.89,6.12
7/4/2026 17:35,17.24,1,0,0.2,3.23,11.8
7/4/2026 17:35,17.44,1,0,0.22,3.65,13.63
7/4/2026 17:35,17.69,1,0,0.24,3.96,6.73
7/4/2026 17:35,17.89,1,0,0.26,4.21,44.4
7/4/2026 17:35,18.06,1,0,0.28,4.49,10.4
7/4/2026 17:35,18.24,1,0,0.24,4.69,9.43
7/4/2026 17:35,18.42,0,0,0.2,4.81,14.18
7/4/2026 17:35,18.64,0.98,0,0.16,4.92,13.14
7/4/2026 17:35,18.78,1,0,0.12,4.96,6.63
7/4/2026 17:35,18.88,1,0,0.14,4.96,11.87
7/4/2026 17:35,19,1,0,0.16,4.89,20.17
7/4/2026 17:35,19.12,1,0,0.18,4.75,61.21
7/4/2026 17:35,19.23,1,0,0.14,4.57,6.78
7/4/2026 17:35,19.37,0,0,0.1,4.31,22.62
7/4/2026 17:35,19.43,0,0,0.06,3.96,6.68
7/4/2026 17:35,19.51,0,0,0.02,3.65,24.15
7/4/2026 17:35,19.36,0,0.06,-0.02,2.86,6.64
7/4/2026 17:35,19.1,0,0.12,-0.04,2.42,15.66
7/4/2026 17:35,18.82,0,0.18,-0.06,2.01,5.63
7/4/2026 17:35,18.42,0,0.24,-0.08,1.47,16.6
7/4/2026 17:35,18.07,0,0.3,-0.1,1.04,6.77
7/4/2026 17:35,17.7,0,0.36,-0.12,0.59,14.05
7/4/2026 17:35,17.24,0,0.42,-0.14,0.07,9.37
7/4/2026 17:35,16.86,0,0.48,-0.16,-0.3,10.8
7/4/2026 17:35,16.38,0,0.54,-0.18,-0.73,8.37
7/4/2026 17:35,15.89,0,0.6,-0.2,-1.12,17.75
7/4/2026 17:35,15.34,0,0.66,-0.22,-1.5,6
7/4/2026 17:35,14.85,0,0.72,-0.24,1.72,7.28
7/4/2026 17:35,14.38,0,0.78,-0.26,1.49,11.23
7/4/2026 17:35,13.82,0,0.84,-0.28,1.28,8.15
7/4/2026 17:35,13.36,0,0.9,-0.3,1.14,23.29
7/4/2026 17:35,12.8,0,0.96,-0.32,1.03,15.23
7/4/2026 17:35,12.33,0,1,-0.34,0.97,8.21
7/4/2026 17:35,11.69,0,1,-0.36,0.94,6.25
7/4/2026 17:35,11.03,0,1,-0.38,0.97,14.15
7/4/2026 17:35,10.42,0,0,-0.4,1.06,12.93
7/4/2026 17:35,9.95,0,0,-0.42,0.89,6.11
7/4/2026 17:35,9.55,0,0,-0.44,0.38,15.87
7/4/2026 17:35,9.21,0.03,0,-0.46,-0.09,7.6
7/4/2026 17:35,8.86,0.06,0,-0.48,-0.59,11.97
7/4/2026 17:35,8.61,0.09,0,-0.5,-0.94,5.84
7/4/2026 17:35,8.3,0.12,0,-0.52,-1.2,15.7
7/4/2026 17:35,8.05,0.15,0,-0.54,-0.88,7.08
7/4/2026 17:35,7.85,0.18,0,-0.55,-0.59,7.02
7/4/2026 17:35,7.67,0.21,0,-0.55,-0.26,8.58
7/4/2026 17:35,7.5,0.24,0,-0.55,0.12,6.92
7/4/2026 17:35,7.39,0.27,0,-0.55,0.43,9.79
7/4/2026 17:35,7.28,0.3,0,-0.55,0.6,9.24
7/4/2026 17:35,7.19,0.33,0,-0.51,0.43,8.42
7/4/2026 17:35,7.15,0.36,0,-0.47,0.32,7.47
7/4/2026 17:35,7.15,0,0,-0.43,0.24,7.92
7/4/2026 17:35,7.13,0,0,-0.39,0.16,9.13
7/4/2026 17:35,7.07,0.29,0,-0.35,0.11,8.67
7/4/2026 17:35,6.99,0.32,0,-0.31,0.08,8.06
7/4/2026 17:35,6.93,0.35,0,-0.27,0.05,7.81
7/4/2026 17:35,6.9,0.38,0,-0.23,0.03,7.09
7/4/2026 17:35,6.9,0.41,0,-0.19,0.03,8.41
7/4/2026 17:35,6.93,0.44,0,-0.15,0.03,7.59
7/4/2026 17:35,6.96,0.47,0,-0.11,0.04,24.62
7/4/2026 17:35,7.01,0.5,0,-0.07,0.05,7
7/4/2026 17:35,7.08,0.53,0,-0.03,0.06,23.46
7/4/2026 17:35,7.16,0.56,0,0,0.07,8.35
7/4/2026 17:35,7.26,0.59,0,0,0.07,10.5
7/4/2026 17:35,7.35,0.62,0,0,0.08,12.75
7/4/2026 17:35,7.47,0.65,0,0,0.08,6.24
7/4/2026 17:35,7.64,0.68,0,0,0.08,8.61
7/4/2026 17:35,7.77,0.71,0,0,0.09,20.68
7/4/2026 17:35,7.94,0.74,0,0,0.09,8.54
7/4/2026 17:35,8.12,0.77,0,0,0.09,35.22
7/4/2026 17:35,8.31,0.8,0,0,0.1,40.99
7/4/2026 17:35,8.53,0.83,0,0,0.1,79.5
7/4/2026 17:35,8.79,0.86,0,0,0.11,8.85
7/4/2026 17:35,9.07,0.89,0,0,0.11,11.66
7/4/2026 17:35,9.36,0.92,0,0,0.11,89.76
7/4/2026 17:35,8.15,0.25,0,0,0.17,5.8
7/4/2026 17:35,7.97,0.28,0,0,0.18,40.29
7/4/2026 17:35,7.85,0.31,0,0,0.18,10.76
7/4/2026 17:35,7.77,0.34,0,0,0.18,14.29
7/4/2026 17:35,7.72,0.37,0,0,0.19,14.39
7/4/2026 17:35,7.7,0.4,0,0,0.19,24.67
7/4/2026 17:35,7.69,0.43,0,0,0.19,16.61
7/4/2026 17:35,7.68,0.46,0,0,0.19,9.02
7/4/2026 17:35,7.71,0.49,0,0,0.19,25.49
7/4/2026 17:35,7.76,0.52,0,0,0.2,13.84
7/4/2026 17:35,7.82,0.55,0,0,0.2,6.73
7/4/2026 17:35,7.9,0.58,0,0,0.2,8.22
7/4/2026 17:35,8,0.61,0,0,0.2,9.65
7/4/2026 17:35,8.1,0.64,0,0,0.21,9.45
7/4/2026 17:35,8.19,0.67,0,0,0.21,31.01
7/4/2026 17:35,8.31,0.7,0,0,0.21,36.89
7/4/2026 17:35,8.49,0.73,0,0,0.22,35.6
7/4/2026 17:35,8.65,0.76,0,0,0.22,10.07
7/4/2026 17:35,8.84,0.79,0,0,0.23,6.11
7/4/2026 17:35,9.04,0.82,0,0,0.23,23.55
7/4/2026 17:35,9.26,0.85,0,0,0.24,8.18
7/4/2026 17:35,9.5,0.88,0,0,0.25,10.87
7/4/2026 17:35,9.74,0.91,0,0,0.26,6.83
7/4/2026 17:35,9.96,0.94,0,0,0.27,14.37
7/4/2026 17:35,10.28,0.97,0,0,0.28,18.83
7/4/2026 17:35,10.56,1,0,0,0.29,6.78
7/4/2026 17:35,10.85,1,0,0,0.3,57.58
7/4/2026 17:35,11.24,1,0,0,0.31,6.75
7/4/2026 17:35,11.56,1,0,0,0.33,9.66
7/4/2026 17:35,11.86,1,0,0,0.34,7.7
7/4/2026 17:35,12.25,1,0,0,0.35,9.21
7/4/2026 17:35,12.58,1,0,0,0.36,19.01
7/4/2026 17:35,12.89,1,0,0,0.38,6.25
7/4/2026 17:35,13.31,1,0,0,0.39,18.6
7/4/2026 17:35,13.61,1,0,0,0.4,10.88
7/4/2026 17:35,13.98,1,0,0,0.42,14.75
7/4/2026 17:35,14.35,1,0,0,0.44,11.97
7/4/2026 17:35,14.74,1,0,0,0.45,6.64
7/4/2026 17:35,15.12,1,0,0,0.47,11.76
7/4/2026 17:35,15.46,1,0,0,0.49,6.89
7/4/2026 17:35,15.79,1,0,0,0.5,6.62
7/4/2026 17:35,16.15,1,0,0,0.52,7.67
7/4/2026 17:35,16.49,1,0,0,0.54,8.23
7/4/2026 17:35,16.87,1,0,0.02,0.56,54.45
7/4/2026 17:35,17.19,1,0,0.04,0.57,17.58
7/4/2026 17:35,17.51,1,0,0.06,0.58,26.34
7/4/2026 17:35,17.89,1,0,0.08,0.59,26.43
7/4/2026 17:35,18.23,1,0,0.04,0.58,16.52
7/4/2026 17:35,18.59,1,0,0,0.56,7.01
7/4/2026 17:35,18.94,1,0,0.02,0.54,9.8
7/4/2026 17:35,19.27,1,0,0.04,0.5,25.61
7/4/2026 17:35,19.58,1,0,0.06,0.46,11.27
7/4/2026 17:35,19.95,1,0,0.08,0.38,19.48
7/4/2026 17:35,20.23,1,0,0.1,0.31,7.85
7/4/2026 17:35,20.54,1,0,0.12,0.21,9.78
7/4/2026 17:35,20.84,1,0.06,0.14,0.08,6.39
7/4/2026 17:35,21.1,1,0.12,0.16,-0.07,9.08
7/4/2026 17:35,21.33,1,0.18,0.18,-0.25,9.82
7/4/2026 17:35,21.58,1,0,0.2,-0.52,6.98
7/4/2026 17:35,21.76,1,0,0.22,-0.73,9.54
7/4/2026 17:35,21.93,1,0,0.24,-0.96,11.19
7/4/2026 17:35,22.09,1,0,0.26,-1.21,6.75
7/4/2026 17:35,22.18,1,0,0.28,-1.08,7.98
7/4/2026 17:35,22.24,1,0,0.3,-0.24,20.12
7/4/2026 17:35,22.24,1,0,0.32,0.16,25.36
7/4/2026 17:35,22.19,1,0,0.34,1.1,14.07
7/4/2026 17:35,22.09,1,0,0.36,1.38,6.19
7/4/2026 17:35,21.94,1,0,0.32,0.4,7.08
7/4/2026 17:35,21.78,1,0,0.28,-0.45,21.91
7/4/2026 17:35,21.59,1,0,0.24,-1.43,6.19
7/4/2026 17:35,21.38,1,0,0.2,1.24,10.58
7/4/2026 17:35,21.17,1,0,0.16,0.52,9.4
7/4/2026 17:35,21.01,1,0,0.14,0.04,27.53
7/4/2026 17:35,20.74,1,0,0.12,-0.57,8.16
7/4/2026 17:35,20.52,1,0,0.1,-0.97,6.33
7/4/2026 17:35,20.32,1,0,0.08,-1.25,6.33
7/4/2026 17:35,19.99,1,0,0.06,-1.57,40.03
7/4/2026 17:35,19.7,1,0,0.04,-1.76,8.14
7/4/2026 17:35,19.46,1,0,0.02,-1.68,6.7
7/4/2026 17:35,19.11,1,0,0,-1.65,6.32
7/4/2026 17:35,18.75,1,0,-0.02,-1.74,9.46
7/4/2026 17:35,18.48,0,0,-0.04,-1.63,9.43
7/4/2026 17:35,18.08,0,0,-0.06,-1.36,9.58
7/4/2026 17:35,17.59,0,0,-0.08,-0.99,6.12
7/4/2026 17:35,17.29,0,0,-0.1,-0.76,6.12
7/4/2026 17:35,16.58,0,0,-0.12,-0.23,6.9
7/4/2026 17:35,15.74,0,0,-0.14,0.36,5.74
7/4/2026 17:35,14.92,0,0,-0.16,0.93,6.44
7/4/2026 17:35,14.01,0,0,-0.18,1.56,4.98
7/4/2026 17:35,13.16,0,0,-0.2,-1.36,4.77
7/4/2026 17:35,12.38,0,0,-0.22,-0.82,4.41
7/4/2026 17:35,11.4,0,0,-0.24,-0.12,3.79
7/4/2026 17:35,10.7,0,0,-0.26,0.4,3.43
7/4/2026 17:35,10.03,0,0,-0.28,0.92,2.85
7/4/2026 17:35,9.32,0,0,-0.3,1.5,2.59
7/4/2026 17:35,8.68,0,0,-0.32,2.07,2.19
7/4/2026 17:35,8.07,0,0,-0.34,2.51,1.72
7/4/2026 17:35,7.73,0,0,-0.36,2.94,0.89
7/4/2026 17:35,1.56,0,0,-0.38,3.07,0.68
7/4/2026 17:35,0.94,0,0,-0.4,3.01,0.79
7/4/2026 17:35,0.68,0.08,0,-0.42,2.98,0.85
7/4/2026 17:35,0.46,0.06,0,-0.44,2.94,0.87
7/4/2026 17:35,0.27,0.09,0,-0.46,2.93,0.89
7/4/2026 17:35,0.19,0.12,0,-0.48,2.92,0.88
7/4/2026 17:35,0.15,0.15,0,-0.5,2.91,0.9
7/4/2026 17:35,0.16,0.18,0,-0.52,2.9,0.9
7/4/2026 17:35,0.13,0.21,0,-0.54,2.89,0.91
7/4/2026 17:35,0.16,0.24,0,-0.55,2.88,0.98
7/4/2026 17:35,0.17,0.27,0,-0.55,2.88,0.95
7/4/2026 17:35,0.17,0.3,0,-0.55,2.87,1
7/4/2026 17:35,0.19,0.33,0,-0.55,2.86,0.98
7/4/2026 17:35,0.24,0.36,0,-0.55,2.85,1.03
7/4/2026 17:35,0.26,0.39,0,-0.55,2.83,1.04
7/4/2026 17:35,0.38,0.42,0,-0.55,2.82,1.04
7/4/2026 17:35,0.51,0.45,0,-0.55,2.79,1.05
7/4/2026 17:35,0.61,0.48,0,-0.55,2.77,1.07
7/4/2026 17:35,0.73,0.51,0,-0.55,2.73,1.17
7/4/2026 17:35,0.83,0.54,0,-0.55,2.69,1.23
7/4/2026 17:35,0.94,0.57,0,-0.55,2.65,1.25
7/4/2026 17:35,1.11,0.6,0,-0.55,2.59,1.33
7/4/2026 17:35,1.26,0.63,0,-0.55,2.53,1.45
7/4/2026 17:35,1.47,0.66,0,-0.55,2.47,1.47
7/4/2026 17:35,1.55,0.69,0,-0.55,2.38,1.56
7/4/2026 17:35,1.71,0.72,0,-0.55,2.28,1.65
7/4/2026 17:35,1.92,0.75,0,-0.55,2.2,1.82
7/4/2026 17:35,2.16,0.78,0,-0.55,2.09,2.14
7/4/2026 17:35,2.39,0.81,0,-0.55,1.97,2.34
7/4/2026 17:35,2.6,0.84,0,-0.55,1.84,2.41
7/4/2026 17:35,2.8,0.87,0,-0.55,1.72,2.59
7/4/2026 17:35,3.02,0.9,0,-0.55,1.58,2.84
7/4/2026 17:35,3.21,0.93,0,-0.55,1.46,3.01
7/4/2026 17:35,3.49,0.96,0,-0.55,1.27,7.28
7/4/2026 17:35,3.76,0.99,0,-0.55,1.1,8.68
7/4/2026 17:35,4.07,1,0,-0.55,0.9,5.81
7/4/2026 17:35,4.28,1,0,-0.55,0.76,5.19
7/4/2026 17:35,4.61,1,0,-0.55,0.55,7.28
7/4/2026 17:35,4.87,1,0,-0.55,0.38,6.67
7/4/2026 17:35,5.16,0,0,-0.51,0.18,6.82
7/4/2026 17:35,5.41,0,0,-0.47,0,7.1
7/4/2026 17:35,5.49,0.03,0,-0.43,-0.19,11.82
7/4/2026 17:35,4.07,0.06,0,-0.39,-0.36,34.68
7/4/2026 17:35,2.47,0.09,0,-0.35,-0.47,10.08
7/4/2026 17:35,1.35,0.12,0,-0.31,-0.53,7.51
7/4/2026 17:35,0.69,0.15,0,-0.27,-0.55,7.48
7/4/2026 17:35,0.34,0.18,0,-0.23,-0.56,8.05
7/4/2026 17:35,0.19,0.21,0,-0.21,-0.57,8.76
7/4/2026 17:35,0.01,0.24,0,-0.19,-0.57,6.37
7/4/2026 17:35,0.01,0.27,0,-0.17,-0.57,8.08
7/4/2026 17:35,0.09,0.3,0,-0.15,-0.57,7.62
7/4/2026 17:35,0.17,0.33,0,-0.13,-0.57,12.01
7/4/2026 17:35,0.27,0.36,0,-0.11,-0.56,10.16
7/4/2026 17:35,0.39,0.39,0,-0.09,-0.56,8.14
7/4/2026 17:35,0.46,0.42,0,-0.07,-0.55,9.28
7/4/2026 17:35,0.6,0.45,0,-0.05,-0.54,8.2
7/4/2026 17:35,0.78,0.48,0,-0.03,-0.53,10.77
7/4/2026 17:35,0.87,0.51,0,-0.01,-0.52,7.73
7/4/2026 17:35,1.06,0.54,0,0.01,-0.51,6.21
7/4/2026 17:35,1.25,0.57,0,0.03,-0.5,15.48
7/4/2026 17:35,1.43,0.6,0,0.05,-0.48,8.14
7/4/2026 17:35,1.63,0.63,0,0.07,-0.46,6.75
7/4/2026 17:35,1.88,0.66,0,0.09,-0.44,7.98
7/4/2026 17:35,2.1,0.69,0,0.11,-0.42,9.68
7/4/2026 17:35,2.32,0.72,0,0.13,-0.4,7.07
7/4/2026 17:35,2.55,0.75,0,0.15,-0.38,37.07
7/4/2026 17:35,2.78,0.78,0,0.17,-0.36,6.45
7/4/2026 17:35,3,0.81,0,0.19,-0.34,9.74
7/4/2026 17:35,3.32,0.84,0,0.21,-0.32,10.7
7/4/2026 17:35,3.57,0.87,0,0.23,-0.31,8.5
7/4/2026 17:35,3.81,0.9,0,0.25,-0.3,44.52
7/4/2026 17:35,4.15,0.93,0,0.27,-0.29,9.5
7/4/2026 17:35,4.49,0.96,0,0.29,-0.29,51.27
7/4/2026 17:35,4.79,0.99,0,0.31,-0.29,6.62
7/4/2026 17:35,5.14,1,0,0.33,-0.31,7.53
7/4/2026 17:35,5.46,1,0,0.29,-0.33,7.6
7/4/2026 17:35,5.77,1,0,0.25,-0.36,14.24
7/4/2026 17:35,6.2,1,0,0.21,-0.41,7.72
7/4/2026 17:35,6.56,1,0,0.17,-0.46,12.24
7/4/2026 17:35,6.89,1,0,0.15,-0.5,19.27
7/4/2026 17:35,7.33,1,0,0.13,-0.58,6.12
7/4/2026 17:35,7.68,1,0,0.11,-0.65,7.03
7/4/2026 17:35,7.98,1,0,0.09,-0.71,11.68
7/4/2026 17:35,8.41,1,0,0.07,-0.82,26.98
7/4/2026 17:35,8.77,1,0,0.03,-0.91,7.15
7/4/2026 17:35,9.1,1,0,0,-1,8.07
7/4/2026 17:35,9.52,1,0,0,-1.12,8.52
7/4/2026 17:35,9.84,1,0,0.02,-1.21,6.88
7/4/2026 17:35,10.18,1,0,0.04,-1.31,7.44
7/4/2026 17:35,10.57,1,0,0.06,-1.45,7.61
7/4/2026 17:35,10.98,1,0,0.08,-1.6,8.18
7/4/2026 17:35,11.31,0,0,0.1,-1.73,9.76
7/4/2026 17:35,11.62,0,0,0.06,1.61,13.72
7/4/2026 17:35,11.84,0,0,0.02,1.4,6.26
7/4/2026 17:35,11.77,0,0,-0.02,0.84,10.06
7/4/2026 17:35,11.62,0,0,-0.04,0.55,11.95
7/4/2026 17:35,11.44,0.73,0,-0.06,0.29,14.47
7/4/2026 17:35,11.2,0.76,0,-0.08,-0.12,10.35
7/4/2026 17:35,11.05,0.79,0,-0.1,0.44,5.77
7/4/2026 17:35,11,0.82,0,-0.12,0.32,7.91
7/4/2026 17:35,11.05,0.85,0,-0.08,0.18,6.78
7/4/2026 17:35,11.16,0.88,0,-0.04,0.06,12.58
7/4/2026 17:35,11.32,0.91,0,0,-0.04,6.78
7/4/2026 17:35,11.57,0.94,0,0,-0.17,7.13
7/4/2026 17:35,11.81,0.97,0,0,-0.28,9.51
7/4/2026 17:35,12.05,1,0,0,-0.39,10.25
7/4/2026 17:35,12.37,1,0,0,-0.51,36.1
7/4/2026 17:35,12.67,1,0,0,-0.63,6.47
7/4/2026 17:35,13.01,1,0,0,-0.76,13.78
7/4/2026 17:35,13.34,1,0,0,-0.86,19.74
7/4/2026 17:35,13.63,1,0,0,-0.46,11.12
7/4/2026 17:35,14.02,1,0,0,0.16,12.99
7/4/2026 17:35,14.37,1,0,0,0.75,43.43
7/4/2026 17:35,14.73,1,0,0,1.36,9.12
7/4/2026 17:35,15.07,1,0,0,-1.56,8.8
7/4/2026 17:35,15.42,1,0,0,-1.7,7.24
7/4/2026 17:35,15.75,1,0,0,-1.66,34.21
7/4/2026 17:35,16.13,1,0,0,-1.49,23.02
7/4/2026 17:35,16.44,1,0,0,-1.35,36.55
7/4/2026 17:35,16.78,1,0,0,-1.19,9.15
7/4/2026 17:35,17.15,1,0,0,0.98,18.86
7/4/2026 17:35,17.49,1,0,0,0.42,11
7/4/2026 17:35,17.78,1,0,0,-0.07,13.68
7/4/2026 17:35,18.17,1,0,-0.02,-0.53,15
7/4/2026 17:35,18.57,1,0,-0.04,-0.32,8.92
7/4/2026 17:35,18.92,1,0,-0.06,-0.14,7.45
7/4/2026 17:35,19.25,1,0,-0.08,0.02,7.28
7/4/2026 17:35,19.6,1,0,-0.1,0.19,14.85
7/4/2026 17:35,19.96,1,0,-0.12,0.35,8.84
7/4/2026 17:35,20.23,1,0,-0.14,0.47,8.21
7/4/2026 17:35,20.5,1,0,-0.16,0.56,6.38
7/4/2026 17:35,20.79,1,0,-0.18,0.63,6.82
7/4/2026 17:35,21.03,1,0,-0.2,0.66,10.39
7/4/2026 17:35,21.23,1,0,-0.16,0.65,56
7/4/2026 17:35,21.5,1,0,-0.12,0.59,7.9
7/4/2026 17:35,21.73,1,0,-0.08,0.49,10.93
7/4/2026 17:35,21.96,1,0,-0.04,0.35,6.84
7/4/2026 17:35,22.24,1,0,0,0.14,7.88
7/4/2026 17:35,22.53,1,0,0,-0.1,16.05
7/4/2026 17:35,22.8,1,0,0,-0.37,12.13
7/4/2026 17:35,23.11,1,0,0,-0.7,7.76
7/4/2026 17:35,23.44,1,0,0,-1.02,7.39
7/4/2026 17:35,23.72,1,0,0,-1.29,6.8
7/4/2026 17:35,24.07,1,0,0,-1.58,18.89
7/4/2026 17:35,24.43,1,0,0,-1.65,10.31
7/4/2026 17:35,24.73,1,0,-0.02,-1.44,51.35
7/4/2026 17:35,25.11,0,0,-0.04,-1.22,9.72
7/4/2026 17:35,25.4,0,0,-0.06,-1.08,21.82
7/4/2026 17:35,25.57,0,0,-0.08,-0.97,7
7/4/2026 17:35,25.54,0,0,-0.1,-0.88,12.21
7/4/2026 17:35,25.37,0,0,-0.06,-0.84,7.55
7/4/2026 17:35,25.08,0,0,-0.02,-0.83,7.88
7/4/2026 17:35,24.7,0,0.06,0,-0.85,9.23
7/4/2026 17:35,24.3,0,0.12,0,-0.91,6.46
7/4/2026 17:35,23.88,0,0.18,0,-1,15.76
7/4/2026 17:35,23.39,0,0.24,0,-1.13,27.66
7/4/2026 17:35,22.93,0,0.3,0,-1.28,7.56
7/4/2026 17:35,22.41,0,0.36,0,-1.47,10.08
7/4/2026 17:35,21.83,0,0.42,-0.02,-1.71,8.82
7/4/2026 17:35,21.27,0,0.48,-0.04,-1.53,16.64
7/4/2026 17:35,20.78,0,0.54,-0.06,-1.29,20.51
7/4/2026 17:35,20.24,0,0.6,-0.08,-1.01,7.03
7/4/2026 17:35,19.63,0,0.66,-0.1,-0.69,8.43
7/4/2026 17:35,19.09,0,0.72,-0.12,-0.4,6.55
7/4/2026 17:35,18.48,0,0.78,-0.14,-0.09,16.67
7/4/2026 17:35,17.99,0,0.84,-0.16,0.16,5.83
7/4/2026 17:35,17.35,0,0.9,-0.18,0.43,8.2
7/4/2026 17:35,16.72,0,0.96,-0.2,0.68,6.52
7/4/2026 17:35,16.24,0,1,-0.22,0.85,8.56
7/4/2026 17:35,15.53,0,1,-0.24,1.05,13.56
7/4/2026 17:35,14.92,0,1,-0.26,1.19,6.93
7/4/2026 17:35,14.34,0,1,-0.28,1.29,12.61
7/4/2026 17:35,13.69,0,1,-0.3,1.36,6.66
7/4/2026 17:35,13.1,0,1,-0.32,1.4,20.81
7/4/2026 17:35,12.59,0,0,-0.28,1.39,8.29
7/4/2026 17:35,11.98,0,0,-0.24,1.35,8.82
7/4/2026 17:35,11.55,0,0,-0.2,1.27,8.2
7/4/2026 17:35,11.26,0,0,-0.16,1.17,6.34
7/4/2026 17:35,10.98,0.03,0,-0.12,1.06,14.02
7/4/2026 17:35,10.72,0.06,0,-0.08,0.92,6.33
7/4/2026 17:35,10.48,0.09,0,-0.04,0.78,6.1
7/4/2026 17:35,10.27,0.12,0,0,0.63,15.91
7/4/2026 17:35,10.07,0.15,0,0,0.48,13.68
7/4/2026 17:35,9.87,0.18,0,0,0.33,7.51
7/4/2026 17:35,9.69,0.21,0,0,0.17,41.75
7/4/2026 17:35,9.57,0.24,0.06,0,0.06,11.37
7/4/2026 17:35,9.43,0.27,0.12,0,-0.08,11.24
7/4/2026 17:35,9.32,0.3,0,0,-0.19,10.83
7/4/2026 17:35,9.23,0.33,0,0,-0.28,23.38
7/4/2026 17:35,9.16,0,0.06,0,-0.4,9.56
7/4/2026 17:35,9.08,0,0.12,0,-0.49,8.61
7/4/2026 17:35,8.79,0,0.08,0,-0.66,7.42
7/4/2026 17:35,8.6,0,0.14,0,-0.73,7.91
